Evolution of CapEx (ctf=Capex Time Factor),,,,,,,,,,,,,,,,,,,,,,,,,,,,,,,,,,,,,,,,,,,,,,,,,,,,,,,,,,,,,,,,,,,,,,,,,,,,,,,,,,,,,,,,,,,,,,,,,,,,,
Global level,,Updated Jun-27-205!,,,,,,,,,,,,,,,,,,,,,,,,,,,,,,,,,,,,,,,,,,,,,,,,,,,,,,,,,,,,,,,,,,,,,,,,,,,,,,,,,,,,,,,,,,,,,,,,,,,
Code,ItemCode,CountryCode,Scenarios,Technology,2000,2001,2002,2003,2004,2005,2006,2007,2008,2009,2010,2011,2012,2013,2014,2015,2016,2017,2018,2019,2020,2021,2022,2023,2024,2025,2026,2027,2028,2029,2030,2031,2032,2033,2034,2035,2036,2037,2038,2039,2040,2041,2042,2043,2044,2045,2046,2047,2048,2049,2050,,,,,,,,,,,,,,,,,,,,,,,,,,,,,,,,,,,,,,,,,,,,,,
wld.ctf.low.bio,ctf,wld,low,bio,1.00,1.00,1.00,1.00,1.00,1.00,1.00,1.00,1.00,1.00,1.00,1.00,1.00,1.00,1.00,1.00,1.00,1.00,1.00,1.00,1.00,1.00,1.00,1.00,1.00,1.00,1.00,1.00,1.00,1.00,1.00,1.00,1.00,1.00,1.00,1.00,1.00,1.00,1.00,1.00,1.00,1.00,1.00,1.00,1.00,1.00,1.00,1.00,1.00,1.00,1.00,,,,,,,,,,,,,,,,,,,2023,2024,2025,2026,2027,2028,2029,2030,2031,2032,2033,2034,2035,2036,2037,2038,2039,2040,2041,2042,2043,2044,2045,2046,2047,2048,2049,2050
wld.ctf.med.bio,ctf,wld,med,bio,1.00,1.00,1.00,1.00,1.00,1.00,1.00,1.00,1.00,1.00,1.00,1.00,1.00,1.00,1.00,1.00,1.00,1.00,1.00,1.00,1.00,1.00,1.00,1.00,1.00,1.00,1.00,1.00,1.00,1.00,1.00,1.00,1.00,1.00,1.00,1.00,1.00,1.00,1.00,1.00,1.00,1.00,1.00,1.00,1.00,1.00,1.00,1.00,1.00,1.00,1.00,,,,,,,,,,,,,,,,,,Utility PV,1,0.955,0.909,0.864,0.818,0.773,0.727,0.682,0.671,0.66,0.65,0.639,0.628,0.618,0.607,0.597,0.586,0.575,0.565,0.554,0.543,0.533,0.522,0.511,0.501,0.49,0.479,0.469
wld.ctf.hgh.bio,ctf,wld,hgh,bio,1.00,1.00,1.00,1.00,1.00,1.00,1.00,1.00,1.00,1.00,1.00,1.00,1.00,1.00,1.00,1.00,1.00,1.00,1.00,1.00,1.00,1.00,1.00,1.00,1.00,1.00,1.00,1.00,1.00,1.00,1.00,1.00,1.00,1.00,1.00,1.00,1.00,1.00,1.00,1.00,1.00,1.00,1.00,1.00,1.00,1.00,1.00,1.00,1.00,1.00,1.00,,,,,,,,,,,,,,,,,,Rooftop PV ,1,0.968,0.937,0.905,0.874,0.842,0.811,0.779,0.747,0.716,0.684,0.653,0.621,0.611,0.6,0.59,0.58,0.569,0.559,0.549,0.538,0.528,0.518,0.507,0.497,0.486,0.476,0.466
wld.ctf.vhg.bio,ctf,wld,vhg,bio,1.00,1.00,1.00,1.00,1.00,1.00,1.00,1.00,1.00,1.00,1.00,1.00,1.00,1.00,1.00,1.00,1.00,1.00,1.00,1.00,1.00,1.00,1.00,1.00,1.00,1.00,1.00,1.00,1.00,1.00,1.00,1.00,1.00,1.00,1.00,1.00,1.00,1.00,1.00,1.00,1.00,1.00,1.00,1.00,1.00,1.00,1.00,1.00,1.00,1.00,1.00,,,,,,,,,,,,,,,,,,Onshore Wind,1,0.993,0.985,0.978,0.971,0.963,0.956,0.949,0.946,0.943,0.94,0.937,0.934,0.932,0.929,0.926,0.923,0.92,0.918,0.915,0.912,0.909,0.906,0.904,0.901,0.898,0.895,0.892
wld.ctf.med.coa,ctf,wld,med,coa,1.00,1.00,1.00,1.00,1.00,1.00,1.00,1.00,1.00,1.00,1.00,1.00,1.00,1.00,1.00,1.00,1.00,1.00,1.00,1.00,1.00,1.00,1.00,1.00,1.00,1.00,1.00,1.00,1.00,1.00,1.00,1.00,1.00,1.00,1.00,1.00,1.00,1.00,1.00,1.00,1.00,1.00,1.00,1.00,1.00,1.00,1.00,1.00,1.00,1.00,1.00,,,,,,,,,,,,,,,,,,Offshore Wind,1,0.953,0.906,0.859,0.812,0.765,0.718,0.671,0.66,0.649,0.638,0.628,0.617,0.606,0.595,0.584,0.573,0.563,0.552,0.541,0.53,0.519,0.508,0.497,0.487,0.476,0.465,0.454
wld.ctf.low.hyd,ctf,wld,low,hyd,1.00,1.00,1.00,1.00,1.00,1.00,1.00,1.00,1.00,1.00,1.00,1.00,1.00,1.00,1.00,1.00,1.00,1.00,1.00,1.00,1.00,1.00,1.00,1.00,1.00,1.00,1.00,1.00,1.00,1.00,1.00,1.00,1.00,1.00,1.00,1.00,1.00,1.00,1.00,1.00,1.00,1.00,1.00,1.00,1.00,1.00,1.00,1.00,1.00,1.00,1.00,,,,,,,,,,,,,,,,,,Battery storage,1,0.962,0.862,0.831,0.799,0.768,0.737,0.705,0.694,0.684,0.673,0.662,0.651,0.641,0.63,0.619,0.608,0.598,0.587,0.576,0.566,0.555,0.544,0.534,0.523,0.513,0.502,0.492
wld.ctf.med.hyd,ctf,wld,med,hyd,1.00,1.00,1.00,1.00,1.00,1.00,1.00,1.00,1.00,1.00,1.00,1.00,1.00,1.00,1.00,1.00,1.00,1.00,1.00,1.00,1.00,1.00,1.00,1.00,1.00,1.00,1.00,1.00,1.00,1.00,1.00,1.00,1.00,1.00,1.00,1.00,1.00,1.00,1.00,1.00,1.00,1.00,1.00,1.00,1.00,1.00,1.00,1.00,1.00,1.00,1.00,,,,,,,,,,,,,,,,,,,,,,,,,,,,,,,,,,,,,,,,,,,,,,
wld.ctf.hgh.hyd,ctf,wld,hgh,hyd,1.00,1.00,1.00,1.00,1.00,1.00,1.00,1.00,1.00,1.00,1.00,1.00,1.00,1.00,1.00,1.00,1.00,1.00,1.00,1.00,1.00,1.00,1.00,1.00,1.00,1.00,1.00,1.00,1.00,1.00,1.00,1.00,1.00,1.00,1.00,1.00,1.00,1.00,1.00,1.00,1.00,1.00,1.00,1.00,1.00,1.00,1.00,1.00,1.00,1.00,1.00,,,,,,,,,,,,,,,,,,,,,,,,,,,,,,,,,,,,,,,,,,,,,,
wld.ctf.vhg.hyd,ctf,wld,vhg,hyd,1.00,1.00,1.00,1.00,1.00,1.00,1.00,1.00,1.00,1.00,1.00,1.00,1.00,1.00,1.00,1.00,1.00,1.00,1.00,1.00,1.00,1.00,1.00,1.00,1.00,1.00,1.00,1.00,1.00,1.00,1.00,1.00,1.00,1.00,1.00,1.00,1.00,1.00,1.00,1.00,1.00,1.00,1.00,1.00,1.00,1.00,1.00,1.00,1.00,1.00,1.00,,,,,,,,,,,,,,,,,,,,,,,,,,,,,,,,,,,,,,,,,,,,,,
wld.ctf.med.nga,ctf,wld,med,nga,1.00,1.00,1.00,1.00,1.00,1.00,1.00,1.00,1.00,1.00,1.00,1.00,1.00,1.00,1.00,1.00,1.00,1.00,1.00,1.00,1.00,1.00,1.00,1.00,1.00,1.00,1.00,1.00,1.00,1.00,1.00,1.00,1.00,1.00,1.00,1.00,1.00,1.00,1.00,1.00,1.00,1.00,1.00,1.00,1.00,1.00,1.00,1.00,1.00,1.00,1.00,,,,,,,,,,,,,,,,,,,,,,,,,,,,,,,,,,,,,,,,,,,,,,
wld.ctf.med.nuc,ctf,wld,med,nuc,1.00,1.00,1.00,1.00,1.00,1.00,1.00,1.00,1.00,1.00,1.00,1.00,1.00,1.00,1.00,1.00,1.00,1.00,1.00,1.00,1.00,1.00,1.00,1.00,1.00,1.00,1.00,1.00,1.00,1.00,1.00,1.00,1.00,1.00,1.00,1.00,1.00,1.00,1.00,1.00,1.00,1.00,1.00,1.00,1.00,1.00,1.00,1.00,1.00,1.00,1.00,,,,,,,,,,,,,,,,,,,,,,,,,,,,,,,,,,,,,,,,,,,,,,
wld.ctf.med.oil,ctf,wld,med,oil,1.00,1.00,1.00,1.00,1.00,1.00,1.00,1.00,1.00,1.00,1.00,1.00,1.00,1.00,1.00,1.00,1.00,1.00,1.00,1.00,1.00,1.00,1.00,1.00,1.00,1.00,1.00,1.00,1.00,1.00,1.00,1.00,1.00,1.00,1.00,1.00,1.00,1.00,1.00,1.00,1.00,1.00,1.00,1.00,1.00,1.00,1.00,1.00,1.00,1.00,1.00,,,,,,,,,,,,,,,,,,,,,,,,,,,,,,,,,,,,,,,,,,,,,,
wld.ctf.low.ore,ctf,wld,low,ore,1.00,1.00,1.00,1.00,1.00,1.00,1.00,1.00,1.00,1.00,1.00,1.00,1.00,1.00,1.00,1.00,1.00,1.00,1.00,1.00,1.00,1.00,1.00,1.00,1.00,1.00,1.00,1.00,1.00,1.00,1.00,1.00,1.00,1.00,1.00,1.00,1.00,1.00,1.00,1.00,1.00,1.00,1.00,1.00,1.00,1.00,1.00,1.00,1.00,1.00,1.00,,,,,,,,,,,,,,,,,,,,,,,,,,,,,,,,,,,,,,,,,,,,,,
wld.ctf.med.ore,ctf,wld,med,ore,1.00,1.00,1.00,1.00,1.00,1.00,1.00,1.00,1.00,1.00,1.00,1.00,1.00,1.00,1.00,1.00,1.00,1.00,1.00,1.00,1.00,1.00,1.00,1.00,1.00,1.00,1.00,1.00,1.00,1.00,1.00,1.00,1.00,1.00,1.00,1.00,1.00,1.00,1.00,1.00,1.00,1.00,1.00,1.00,1.00,1.00,1.00,1.00,1.00,1.00,1.00,,,,,,,,,,,,,,,,,,,,,,,,,,,,,,,,,,,,,,,,,,,,,,
wld.ctf.hgh.ore,ctf,wld,hgh,ore,1.00,1.00,1.00,1.00,1.00,1.00,1.00,1.00,1.00,1.00,1.00,1.00,1.00,1.00,1.00,1.00,1.00,1.00,1.00,1.00,1.00,1.00,1.00,1.00,1.00,1.00,1.00,1.00,1.00,1.00,1.00,1.00,1.00,1.00,1.00,1.00,1.00,1.00,1.00,1.00,1.00,1.00,1.00,1.00,1.00,1.00,1.00,1.00,1.00,1.00,1.00,,,,,,,,,,,,,,,,,,,,,,,,,,,,,,,,,,,,,,,,,,,,,,
wld.ctf.med.ore,ctf,wld,med,ore,1.00,1.00,1.00,1.00,1.00,1.00,1.00,1.00,1.00,1.00,1.00,1.00,1.00,1.00,1.00,1.00,1.00,1.00,1.00,1.00,1.00,1.00,1.00,1.00,1.00,1.00,1.00,1.00,1.00,1.00,1.00,1.00,1.00,1.00,1.00,1.00,1.00,1.00,1.00,1.00,1.00,1.00,1.00,1.00,1.00,1.00,1.00,1.00,1.00,1.00,1.00,,,,,,,,,,,,,,,,,,,,,,,,,,,,,,,,,,,,,,,,,,,,,,
wld.ctf.med.sol,ctf,wld,med,sol,6.00,5.83,5.58,5.35,5.12,5.28,5.85,4.95,4.68,4.03,3.77,3.19,2.41,2.11,1.91,1.45,1.32,1.14,0.97,0.99,1.00,1.10,1.05,1.00,0.96,0.91,0.86,0.82,0.77,0.73,0.68,0.67,0.66,0.65,0.64,0.63,0.62,0.61,0.60,0.59,0.58,0.57,0.55,0.54,0.53,0.52,0.51,0.50,0.49,0.48,0.47,,,,,,,,,,,,,,,,,,,,,,,,,,,,,,,,,,,,,,,,,,,,,,
wld.ctf.med.wnd,ctf,wld,med,wnd,1.00,1.22,1.21,1.15,1.16,1.09,1.12,1.13,1.19,1.21,1.44,1.13,1.16,1.08,1.05,0.97,0.96,0.96,0.91,0.96,1.00,1.10,1.05,1.00,0.99,0.99,0.98,0.97,0.96,0.96,0.95,0.95,0.94,0.94,0.94,0.93,0.93,0.93,0.93,0.92,0.92,0.92,0.92,0.91,0.91,0.91,0.90,0.90,0.90,0.90,0.89,,,,,,,,,,,,,,,,,,,,,,,,,,,,,,,,,,,,,,,,,,,,,,
wld.ctf.hgh.sol,ctf,wld,hgh,sol,6.00,5.83,5.58,5.35,5.12,5.28,5.85,4.95,4.68,4.03,3.77,3.19,2.41,2.11,1.91,1.45,1.32,1.14,0.97,0.99,1.00,1.10,1.05,1.00,0.95,0.89,0.84,0.79,0.73,0.68,0.63,0.62,0.61,0.60,0.59,0.58,0.57,0.56,0.55,0.54,0.53,0.52,0.51,0.50,0.49,0.48,0.47,0.47,0.46,0.45,0.44,,,,,,,,,,,,,,,,,,,,,,,,,,,,,,,,,,,,,,,,,,,,,,
wld.ctf.hgh.wnd,ctf,wld,hgh,wnd,1.00,1.22,1.21,1.15,1.16,1.09,1.12,1.13,1.19,1.21,1.44,1.13,1.16,1.08,1.05,0.97,0.96,0.96,0.91,0.96,1.00,1.10,1.05,1.00,0.99,0.98,0.97,0.96,0.95,0.94,0.93,0.93,0.93,0.93,0.92,0.92,0.92,0.91,0.91,0.91,0.91,0.90,0.90,0.90,0.90,0.89,0.89,0.89,0.88,0.88,0.88,,,,,,,,,,,,,,,,,,,,,,,,,,,,,,,,,,,,,,,,,,,,,,
,,,,,,,,,,,,,,,,,,,,,,,,,,,,,,,,,,,,,,,,,,,,,,,,,,,,,,,,,,,,,,,,,,,,,,,,,,,,,,,,,,,,,,,,,,,,,,,,,,,,,
Yearly Change in wind and sol capex,,,,,,,,,,,,,,,,,,,,,,,,,,,,,,,,,,,,,,,,,,,,,,,,,,,,,,,,,,,,,,,,,,,,,,,,,,,,,,,,,,,,,,,,,,,,,,,,,,,,,
Code,Item Code,CPAT World Code,Category,CPAT Technology, Hist Avg ,Forward projection avg,,,,,,,,,,,,,,,,,,To do: 1) Replace 2019-2023 with actuals. And 2) Rebase 2024 onwards according to 2023 level (ie if 2023 is 0.95 multiply the rest by that).,,,,,,,,,,,,,,,,,,,,,,,,,,,,,,,,,,,,,,,,,,,,,,,,,,,,,,,,,,,,,,,,,,,,,,,,,,,,,
wld.ycws.oldlow.sol,ycws,wld,oldlow,sol,-0.09,-0.02,-0.04,-0.04,-0.04,0.03,0.11,-0.15,-0.05,-0.14,-0.06,-0.15,-0.25,-0.12,-0.10,-0.24,-0.09,-0.14,-0.15,0.01,0.01,0.10,-0.05,-0.05,-0.03,-0.03,-0.03,-0.03,-0.03,-0.03,-0.04,-0.02,-0.02,-0.02,-0.02,-0.02,-0.02,-0.02,-0.02,-0.02,-0.02,-0.01,-0.01,-0.01,-0.01,-0.01,-0.01,-0.01,-0.02,-0.02,-0.02,,,,,,,,,,,,,,,,,,,,,,,,,,,,,,,,,,,,,,,,,,,,,,
wld.ycws.med.sol,ycws,wld,med,sol,-0.09,-0.03,-0.04,-0.04,-0.04,0.03,0.11,-0.15,-0.05,-0.14,-0.06,-0.15,-0.25,-0.12,-0.10,-0.24,-0.09,-0.14,-0.15,0.01,0.01,0.10,-0.05,-0.05,-0.05,-0.05,-0.05,-0.05,-0.06,-0.06,-0.06,-0.02,-0.02,-0.02,-0.02,-0.02,-0.02,-0.02,-0.02,-0.02,-0.02,-0.02,-0.02,-0.02,-0.02,-0.02,-0.02,-0.02,-0.02,-0.02,-0.02,,,,,,,,,,,,,,,,,,,,,,,,,,,,,,,,,,,,,,,,,,,,,,
wld.ycws.hgh.sol,ycws,wld,hgh,sol,-0.09,-0.03,-0.04,-0.04,-0.04,0.03,0.11,-0.15,-0.05,-0.14,-0.06,-0.15,-0.25,-0.12,-0.10,-0.24,-0.09,-0.14,-0.15,0.01,0.01,0.10,-0.05,-0.05,-0.05,-0.06,-0.06,-0.06,-0.07,-0.07,-0.08,-0.02,-0.02,-0.02,-0.02,-0.02,-0.02,-0.02,-0.02,-0.02,-0.02,-0.02,-0.02,-0.02,-0.02,-0.02,-0.02,-0.02,-0.02,-0.02,-0.02,,,,,,,,,,,,,,,,,,,,,,,,,,,,,,,,,,,,,,,,,,,,,,
wld.ycws.oldvhg.sol,ycws,wld,oldvhg,sol,-0.09,-0.04,-0.04,-0.04,-0.04,0.03,0.11,-0.15,-0.05,-0.14,-0.06,-0.15,-0.25,-0.12,-0.10,-0.24,-0.09,-0.14,-0.15,0.01,0.01,0.10,-0.05,-0.05,-0.07,-0.07,-0.07,-0.07,-0.07,-0.07,-0.07,-0.03,-0.03,-0.03,-0.03,-0.03,-0.03,-0.03,-0.03,-0.03,-0.03,-0.01,-0.02,-0.02,-0.02,-0.02,-0.02,-0.02,-0.02,-0.02,-0.02,,,,,,,,,,,,,,,,,,,,,,,,,,,,,,,,,,,,,,,,,,,,,,
wld.ycws.oldlow.wnd,ycws,wld,oldlow,wnd,-0.01,-0.01,-0.01,-0.05,0.01,-0.06,0.02,0.01,0.05,0.02,0.19,-0.22,0.03,-0.07,-0.03,-0.08,0.00,0.00,-0.05,0.05,0.05,0.10,-0.05,-0.05,-0.01,-0.01,-0.01,-0.01,-0.01,-0.01,-0.01,-0.01,-0.01,-0.01,-0.01,-0.01,-0.01,-0.01,-0.01,-0.01,-0.01,-0.01,-0.01,-0.01,-0.01,-0.01,-0.01,-0.01,-0.01,-0.01,-0.01,,,,,,,,,,,,,,,,,,,,,,,,,,,,,,,,,,,,,,,,,,,,,,
wld.ycws.med.wnd,ycws,wld,med,wnd,-0.01,0.00,-0.01,-0.05,0.01,-0.06,0.02,0.01,0.05,0.02,0.19,-0.22,0.03,-0.07,-0.03,-0.08,0.00,0.00,-0.05,0.05,0.05,0.10,-0.05,-0.05,-0.01,-0.01,-0.01,-0.01,-0.01,-0.01,-0.01,0.00,0.00,0.00,0.00,0.00,0.00,0.00,0.00,0.00,0.00,0.00,0.00,0.00,0.00,0.00,0.00,0.00,0.00,0.00,0.00,,,,,,,,,,,,,,,,,,,,,,,,,,,,,,,,,,,,,,,,,,,,,,
wld.ycws.hgh.wnd,ycws,wld,hgh,wnd,-0.01,-0.01,-0.01,-0.05,0.01,-0.06,0.02,0.01,0.05,0.02,0.19,-0.22,0.03,-0.07,-0.03,-0.08,0.00,0.00,-0.05,0.05,0.05,0.10,-0.05,-0.05,-0.01,-0.01,-0.01,-0.01,-0.01,-0.01,-0.01,0.00,0.00,0.00,0.00,0.00,0.00,0.00,0.00,0.00,0.00,0.00,0.00,0.00,0.00,0.00,0.00,0.00,0.00,0.00,0.00,,,,,,,,,,,,,,,,,,,,,,,,,,,,,,,,,,,,,,,,,,,,,,
wld.ycws.oldvhg.wnd,ycws,wld,oldvhg,wnd,-0.01,-0.02,-0.01,-0.05,0.01,-0.06,0.02,0.01,0.05,0.02,0.19,-0.22,0.03,-0.07,-0.03,-0.08,0.00,0.00,-0.05,0.05,0.05,0.10,-0.05,-0.05,-0.03,-0.03,-0.03,-0.03,-0.03,-0.03,-0.03,-0.02,-0.02,-0.02,-0.02,-0.02,-0.02,-0.02,-0.02,-0.02,-0.02,-0.01,-0.01,-0.01,-0.01,-0.01,-0.01,-0.01,-0.01,-0.01,-0.01,,,,,,,,,,,,,,,,,,,,,,,,,,,,,,,,,,,,,,,,,,,,,,
