,Capital Cost,O&M Total,Fuel Costs*,System Integration,Baseline,Renewables Subsidies,Total Generation Cost
Coal,0.048842859,0.015802458,0.04834374,0.017033315,0.151245157,0,0.281267529
Nat. gas,0.030105855,0.010464092,0.017397556,0.009123254,0.062857768,0,0.129948524
Oil,0.129446152,0.025211062,0.008223559,0.046269904,0.136631758,0,0.345782434
Nuclear,0.054471693,0.022333284,0.004,0.013366809,0,0,0.094171786
Wind,0.053729546,0.0152207,0,0.025844914,0,0,0.094795161
Solar,0.062023593,0.009512938,0,0.036886563,0,0,0.108423093
Hydro,0.097094286,0.014203464,0,0.041677822,0,0,0.152975572
Oth.ren.,0.060874568,0.015196336,0,0.016948409,0,0,0.093019313
Biomass,0.038104654,0.019646352,0.182327465,0.00786187,0,0,0.24794034
