Maximum and average MW capacity increase,,,,,,,,,,,,,,,,,,,,,,,,,,,,,,,,,,,,,,,,,,,,,,,,,,,,,,,,,,,,,,,,,,,,,,,,,,,,,,,,,,,,,,,,,,,,,,,,,,,,,
Minimum Growth Rate,0.01%,,,,,,,,,,,,,,,,,,,,,,,,,,,,,,,,,,,,,,,,,,,,,,,,,,,,,,,,,,,,,,,,,,,,,,,,,,,,,,,,,,,,,,,,,,,,,,,,,,,,
NB only the first row of each country (solar) is used for both solar and wind.,,,,,,,,,,,,,,,,,,,,,,,,,,,,,,,,,,,,,,,,,,,,,,,,,,,,,,,,,,,,,,,,,,,,,,,,,,,,,,,,,,,,,,,,,,,,,,,,,,,,,
Code,ItemCode,CountryCode,FuelType,AveGrowthMW,MaxGrowthMW, TotalCap ,AveGrowthRateAfterMin,MaxGrowthRateAfterMin,AveGrowthRate,MaxGrowthRate,,,,,,,,,,,,,,,,,,,,,,,,,,,,,,,,,,,,,,,,,,,,,,,,,,,,,,,,,,,,,,,,,,,,,,,,,,,,,,,,,,,,,,,,,,,
afg.mwcap.sol,mwcap,afg,sol,3.15,16.00,602.00,0.01,0.03,0.01,0.03,,,,,,,,,,,,,,,,,,,,,,,,,,,,,,,,,,,,,,,,,,,,,,,,,,,,,,,,,,,,,,,,,,,,,,,,,,,,,,,,,,,,,,,,,,,
afg.mwcap.wnd,mwcap,afg,wnd,0.04,0.30,602.00,0.00,0.00,0.00,0.00,,,,,,,,,,,,,,,,,,,,,,,,,,,,,,,,,,,,,,,,,,,,,,,,,,,,,,,,,,,,,,,,,,,,,,,,,,,,,,,,,,,,,,,,,,,
ago.mwcap.sol,mwcap,ago,sol,0.81,1.89,4544.00,0.00,0.00,0.00,0.00,,,,,,,,,,,,,,,,,,,,,,,,,,,,,,,,,,,,,,,,,,,,,,,,,,,,,,,,,,,,,,,,,,,,,,,,,,,,,,,,,,,,,,,,,,,
ago.mwcap.wnd,mwcap,ago,wnd,0.00,0.00,4544.00,0.00,0.00,0.00,0.00,,,,,,,,,,,,,,,,,,,,,,,,,,,,,,,,,,,,,,,,,,,,,,,,,,,,,,,,,,,,,,,,,,,,,,,,,,,,,,,,,,,,,,,,,,,
aia.mwcap.sol,mwcap,aia,sol,0.15,1.08,25.00,0.01,0.04,0.01,0.04,,,,,,,,,,,,,,,,,,,,,,,,,,,,,,,,,,,,,,,,,,,,,,,,,,,,,,,,,,,,,,,,,,,,,,,,,,,,,,,,,,,,,,,,,,,
aia.mwcap.wnd,mwcap,aia,wnd,0.00,0.00,25.00,0.00,0.00,0.00,0.00,,,,,,,,,,,,,,,,,,,,,,,,,,,,,,,,,,,,,,,,,,,,,,,,,,,,,,,,,,,,,,,,,,,,,,,,,,,,,,,,,,,,,,,,,,,
alb.mwcap.sol,mwcap,alb,sol,0.27,2.00,2209.00,0.00,0.00,0.00,0.00,,,,,,,,,,,,,,,,,,,,,,,,,,,,,,,,,,,,,,,,,,,,,,,,,,,,,,,,,,,,,,,,,,,,,,,,,,,,,,,,,,,,,,,,,,,
alb.mwcap.wnd,mwcap,alb,wnd,0.00,0.00,2209.00,0.00,0.00,0.00,0.00,,,,,,,,,,,,,,,,,,,,,,,,,,,,,,,,,,,,,,,,,,,,,,,,,,,,,,,,,,,,,,,,,,,,,,,,,,,,,,,,,,,,,,,,,,,
and.mwcap.sol,mwcap,and,sol,0.20,0.98,55.00,0.00,0.02,0.00,0.02,,,,,,,,,,,,,,,,,,,,,,,,,,,,,,,,,,,,,,,,,,,,,,,,,,,,,,,,,,,,,,,,,,,,,,,,,,,,,,,,,,,,,,,,,,,
and.mwcap.wnd,mwcap,and,wnd,0.00,0.00,55.00,0.00,0.00,0.00,0.00,,,,,,,,,,,,,,,,,,,,,,,,,,,,,,,,,,,,,,,,,,,,,,,,,,,,,,,,,,,,,,,,,,,,,,,,,,,,,,,,,,,,,,,,,,,
are.mwcap.sol,mwcap,are,sol,187.48,1290.97,32867.00,0.01,0.04,0.01,0.04,,,,,,,,,,,,,,,,,,,,,,,,,,,,,,,,,,,,,,,,,,,,,,,,,,,,,,,,,,,,,,,,,,,,,,,,,,,,,,,,,,,,,,,,,,,
are.mwcap.wnd,mwcap,are,wnd,0.09,0.85,32867.00,0.00,0.00,0.00,0.00,,,,,,,,,,,,,,,,,,,,,,,,,,,,,,,,,,,,,,,,,,,,,,,,,,,,,,,,,,,,,,,,,,,,,,,,,,,,,,,,,,,,,,,,,,,
arg.mwcap.sol,mwcap,arg,sol,44.12,250.02,40283.00,0.00,0.01,0.00,0.01,,,,,,,,,,,,,,,,,,,,,,,,,,,,,,,,,,,,,,,,,,,,,,,,,,,,,,,,,,,,,,,,,,,,,,,,,,,,,,,,,,,,,,,,,,,
arg.mwcap.wnd,mwcap,arg,wnd,158.15,859.02,40283.00,0.00,0.02,0.00,0.02,,,,,,,,,,,,,,,,,,,,,,,,,,,,,,,,,,,,,,,,,,,,,,,,,,,,,,,,,,,,,,,,,,,,,,,,,,,,,,,,,,,,,,,,,,,
arm.mwcap.sol,mwcap,arm,sol,5.00,32.68,3623.00,0.00,0.01,0.00,0.01,,,,,,,,,,,,,,,,,,,,,,,,,,,,,,,,,,,,,,,,,,,,,,,,,,,,,,,,,,,,,,,,,,,,,,,,,,,,,,,,,,,,,,,,,,,
arm.mwcap.wnd,mwcap,arm,wnd,0.03,0.33,3623.00,0.00,0.00,0.00,0.00,,,,,,,,,,,,,,,,,,,,,,,,,,,,,,,,,,,,,,,,,,,,,,,,,,,,,,,,,,,,,,,,,,,,,,,,,,,,,,,,,,,,,,,,,,,
asm.mwcap.sol,mwcap,asm,sol,0.51,2.42,45.00,0.01,0.05,0.01,0.05,,,,,,,,,,,,,,,,,,,,,,,,,,,,,,,,,,,,,,,,,,,,,,,,,,,,,,,,,,,,,,,,,,,,,,,,,,,,,,,,,,,,,,,,,,,
asm.mwcap.wnd,mwcap,asm,wnd,0.00,0.00,45.00,0.00,0.00,0.00,0.00,,,,,,,,,,,,,,,,,,,,,,,,,,,,,,,,,,,,,,,,,,,,,,,,,,,,,,,,,,,,,,,,,,,,,,,,,,,,,,,,,,,,,,,,,,,
atg.mwcap.sol,mwcap,atg,sol,0.82,4.40,89.00,0.01,0.05,0.01,0.05,,,,,,,,,,,,,,,,,,,,,,,,,,,,,,,,,,,,,,,,,,,,,,,,,,,,,,,,,,,,,,,,,,,,,,,,,,,,,,,,,,,,,,,,,,,
atg.mwcap.wnd,mwcap,atg,wnd,0.00,0.00,89.00,0.00,0.00,0.00,0.00,,,,,,,,,,,,,,,,,,,,,,,,,,,,,,,,,,,,,,,,,,,,,,,,,,,,,,,,,,,,,,,,,,,,,,,,,,,,,,,,,,,,,,,,,,,
aus.mwcap.sol,mwcap,aus,sol,1292.00,4625.00,75407.00,0.02,0.06,0.02,0.06,,,,,,,,,,,,,,,,,,,,,,,,,,,,,,,,,,,,,,,,,,,,,,,,,,,,,,,,,,,,,,,,,,,,,,,,,,,,,,,,,,,,,,,,,,,
aus.mwcap.wnd,mwcap,aus,wnd,543.00,1454.00,75407.00,0.01,0.02,0.01,0.02,,,,,,,,,,,,,,,,,,,,,,,,,,,,,,,,,,,,,,,,,,,,,,,,,,,,,,,,,,,,,,,,,,,,,,,,,,,,,,,,,,,,,,,,,,,
aut.mwcap.sol,mwcap,aut,sol,152.87,288.49,25085.00,0.01,0.01,0.01,0.01,,,,,,,,,,,,,,,,,,,,,,,,,,,,,,,,,,,,,,,,,,,,,,,,,,,,,,,,,,,,,,,,,,,,,,,,,,,,,,,,,,,,,,,,,,,
aut.mwcap.wnd,mwcap,aut,wnd,215.80,435.74,25085.00,0.01,0.02,0.01,0.02,,,,,,,,,,,,,,,,,,,,,,,,,,,,,,,,,,,,,,,,,,,,,,,,,,,,,,,,,,,,,,,,,,,,,,,,,,,,,,,,,,,,,,,,,,,
aze.mwcap.sol,mwcap,aze,sol,3.68,20.10,8240.00,0.00,0.00,0.00,0.00,,,,,,,,,,,,,,,,,,,,,,,,,,,,,,,,,,,,,,,,,,,,,,,,,,,,,,,,,,,,,,,,,,,,,,,,,,,,,,,,,,,,,,,,,,,
aze.mwcap.wnd,mwcap,aze,wnd,6.40,50.30,8240.00,0.00,0.01,0.00,0.01,,,,,,,,,,,,,,,,,,,,,,,,,,,,,,,,,,,,,,,,,,,,,,,,,,,,,,,,,,,,,,,,,,,,,,,,,,,,,,,,,,,,,,,,,,,
bdi.mwcap.sol,mwcap,bdi,sol,0.47,1.00,108.00,0.00,0.01,0.00,0.01,,,,,,,,,,,,,,,,,,,,,,,,,,,,,,,,,,,,,,,,,,,,,,,,,,,,,,,,,,,,,,,,,,,,,,,,,,,,,,,,,,,,,,,,,,,
bdi.mwcap.wnd,mwcap,bdi,wnd,0.00,0.00,108.00,0.00,0.00,0.00,0.00,,,,,,,,,,,,,,,,,,,,,,,,,,,,,,,,,,,,,,,,,,,,,,,,,,,,,,,,,,,,,,,,,,,,,,,,,,,,,,,,,,,,,,,,,,,
bel.mwcap.sol,mwcap,bel,sol,414.45,972.00,23973.00,0.02,0.04,0.02,0.04,,,,,,,,,,,,,,,,,,,,,,,,,,,,,,,,,,,,,,,,,,,,,,,,,,,,,,,,,,,,,,,,,,,,,,,,,,,,,,,,,,,,,,,,,,,
bel.mwcap.wnd,mwcap,bel,wnd,317.17,519.00,23973.00,0.01,0.02,0.01,0.02,,,,,,,,,,,,,,,,,,,,,,,,,,,,,,,,,,,,,,,,,,,,,,,,,,,,,,,,,,,,,,,,,,,,,,,,,,,,,,,,,,,,,,,,,,,
ben.mwcap.sol,mwcap,ben,sol,0.29,1.70,304.00,0.00,0.01,0.00,0.01,,,,,,,,,,,,,,,,,,,,,,,,,,,,,,,,,,,,,,,,,,,,,,,,,,,,,,,,,,,,,,,,,,,,,,,,,,,,,,,,,,,,,,,,,,,
ben.mwcap.wnd,mwcap,ben,wnd,0.00,0.00,304.00,0.00,0.00,0.00,0.00,,,,,,,,,,,,,,,,,,,,,,,,,,,,,,,,,,,,,,,,,,,,,,,,,,,,,,,,,,,,,,,,,,,,,,,,,,,,,,,,,,,,,,,,,,,
bfa.mwcap.sol,mwcap,bfa,sol,5.94,36.80,387.00,0.02,0.10,0.02,0.10,,,,,,,,,,,,,,,,,,,,,,,,,,,,,,,,,,,,,,,,,,,,,,,,,,,,,,,,,,,,,,,,,,,,,,,,,,,,,,,,,,,,,,,,,,,
bfa.mwcap.wnd,mwcap,bfa,wnd,0.00,0.00,387.00,0.00,0.00,0.00,0.00,,,,,,,,,,,,,,,,,,,,,,,,,,,,,,,,,,,,,,,,,,,,,,,,,,,,,,,,,,,,,,,,,,,,,,,,,,,,,,,,,,,,,,,,,,,
bgd.mwcap.sol,mwcap,bgd,sol,26.53,82.81,21617.00,0.00,0.00,0.00,0.00,,,,,,,,,,,,,,,,,,,,,,,,,,,,,,,,,,,,,,,,,,,,,,,,,,,,,,,,,,,,,,,,,,,,,,,,,,,,,,,,,,,,,,,,,,,
bgd.mwcap.wnd,mwcap,bgd,wnd,0.10,1.00,21617.00,0.00,0.00,0.00,0.00,,,,,,,,,,,,,,,,,,,,,,,,,,,,,,,,,,,,,,,,,,,,,,,,,,,,,,,,,,,,,,,,,,,,,,,,,,,,,,,,,,,,,,,,,,,
bgr.mwcap.sol,mwcap,bgr,sol,106.31,859.00,11380.00,0.01,0.08,0.01,0.08,,,,,,,,,,,,,,,,,,,,,,,,,,,,,,,,,,,,,,,,,,,,,,,,,,,,,,,,,,,,,,,,,,,,,,,,,,,,,,,,,,,,,,,,,,,
bgr.mwcap.wnd,mwcap,bgr,wnd,36.59,155.00,11380.00,0.00,0.01,0.00,0.01,,,,,,,,,,,,,,,,,,,,,,,,,,,,,,,,,,,,,,,,,,,,,,,,,,,,,,,,,,,,,,,,,,,,,,,,,,,,,,,,,,,,,,,,,,,
bhr.mwcap.sol,mwcap,bhr,sol,0.63,4.50,8002.00,0.00,0.00,0.00,0.00,,,,,,,,,,,,,,,,,,,,,,,,,,,,,,,,,,,,,,,,,,,,,,,,,,,,,,,,,,,,,,,,,,,,,,,,,,,,,,,,,,,,,,,,,,,
bhr.mwcap.wnd,mwcap,bhr,wnd,0.00,0.01,8002.00,0.00,0.00,0.00,0.00,,,,,,,,,,,,,,,,,,,,,,,,,,,,,,,,,,,,,,,,,,,,,,,,,,,,,,,,,,,,,,,,,,,,,,,,,,,,,,,,,,,,,,,,,,,
bhs.mwcap.sol,mwcap,bhs,sol,0.21,0.93,578.00,0.00,0.00,0.00,0.00,,,,,,,,,,,,,,,,,,,,,,,,,,,,,,,,,,,,,,,,,,,,,,,,,,,,,,,,,,,,,,,,,,,,,,,,,,,,,,,,,,,,,,,,,,,
bhs.mwcap.wnd,mwcap,bhs,wnd,0.00,0.00,578.00,0.00,0.00,0.00,0.00,,,,,,,,,,,,,,,,,,,,,,,,,,,,,,,,,,,,,,,,,,,,,,,,,,,,,,,,,,,,,,,,,,,,,,,,,,,,,,,,,,,,,,,,,,,
bih.mwcap.sol,mwcap,bih,sol,1.82,5.95,4507.00,0.00,0.00,0.00,0.00,,,,,,,,,,,,,,,,,,,,,,,,,,,,,,,,,,,,,,,,,,,,,,,,,,,,,,,,,,,,,,,,,,,,,,,,,,,,,,,,,,,,,,,,,,,
bih.mwcap.wnd,mwcap,bih,wnd,8.69,50.60,4507.00,0.00,0.01,0.00,0.01,,,,,,,,,,,,,,,,,,,,,,,,,,,,,,,,,,,,,,,,,,,,,,,,,,,,,,,,,,,,,,,,,,,,,,,,,,,,,,,,,,,,,,,,,,,
blr.mwcap.sol,mwcap,blr,sol,15.66,102.10,10234.00,0.00,0.01,0.00,0.01,,,,,,,,,,,,,,,,,,,,,,,,,,,,,,,,,,,,,,,,,,,,,,,,,,,,,,,,,,,,,,,,,,,,,,,,,,,,,,,,,,,,,,,,,,,
blr.mwcap.wnd,mwcap,blr,wnd,10.67,40.20,10234.00,0.00,0.00,0.00,0.00,,,,,,,,,,,,,,,,,,,,,,,,,,,,,,,,,,,,,,,,,,,,,,,,,,,,,,,,,,,,,,,,,,,,,,,,,,,,,,,,,,,,,,,,,,,
blz.mwcap.sol,mwcap,blz,sol,0.57,2.15,193.00,0.00,0.01,0.00,0.01,,,,,,,,,,,,,,,,,,,,,,,,,,,,,,,,,,,,,,,,,,,,,,,,,,,,,,,,,,,,,,,,,,,,,,,,,,,,,,,,,,,,,,,,,,,
blz.mwcap.wnd,mwcap,blz,wnd,0.00,0.00,193.00,0.00,0.00,0.00,0.00,,,,,,,,,,,,,,,,,,,,,,,,,,,,,,,,,,,,,,,,,,,,,,,,,,,,,,,,,,,,,,,,,,,,,,,,,,,,,,,,,,,,,,,,,,,
bmu.mwcap.sol,mwcap,bmu,sol,0.00,0.00, $-   ,NA,NA,NA,NA,,,,,,,,,,,,,,,,,,,,,,,,,,,,,,,,,,,,,,,,,,,,,,,,,,,,,,,,,,,,,,,,,,,,,,,,,,,,,,,,,,,,,,,,,,,
bmu.mwcap.wnd,mwcap,bmu,wnd,0.00,0.00, $-   ,NA,NA,NA,NA,,,,,,,,,,,,,,,,,,,,,,,,,,,,,,,,,,,,,,,,,,,,,,,,,,,,,,,,,,,,,,,,,,,,,,,,,,,,,,,,,,,,,,,,,,,
bol.mwcap.sol,mwcap,bol,sol,11.71,62.39,3494.00,0.00,0.02,0.00,0.02,,,,,,,,,,,,,,,,,,,,,,,,,,,,,,,,,,,,,,,,,,,,,,,,,,,,,,,,,,,,,,,,,,,,,,,,,,,,,,,,,,,,,,,,,,,
bol.mwcap.wnd,mwcap,bol,wnd,2.70,23.84,3494.00,0.00,0.01,0.00,0.01,,,,,,,,,,,,,,,,,,,,,,,,,,,,,,,,,,,,,,,,,,,,,,,,,,,,,,,,,,,,,,,,,,,,,,,,,,,,,,,,,,,,,,,,,,,
bra.mwcap.sol,mwcap,bra,sol,248.42,1020.12,170189.00,0.00,0.01,0.00,0.01,,,,,,,,,,,,,,,,,,,,,,,,,,,,,,,,,,,,,,,,,,,,,,,,,,,,,,,,,,,,,,,,,,,,,,,,,,,,,,,,,,,,,,,,,,,
bra.mwcap.wnd,mwcap,bra,wnd,1476.20,2745.00,170189.00,0.01,0.02,0.01,0.02,,,,,,,,,,,,,,,,,,,,,,,,,,,,,,,,,,,,,,,,,,,,,,,,,,,,,,,,,,,,,,,,,,,,,,,,,,,,,,,,,,,,,,,,,,,
brb.mwcap.sol,mwcap,brb,sol,2.40,10.00,291.00,0.01,0.03,0.01,0.03,,,,,,,,,,,,,,,,,,,,,,,,,,,,,,,,,,,,,,,,,,,,,,,,,,,,,,,,,,,,,,,,,,,,,,,,,,,,,,,,,,,,,,,,,,,
brb.mwcap.wnd,mwcap,brb,wnd,0.00,0.02,291.00,0.00,0.00,0.00,0.00,,,,,,,,,,,,,,,,,,,,,,,,,,,,,,,,,,,,,,,,,,,,,,,,,,,,,,,,,,,,,,,,,,,,,,,,,,,,,,,,,,,,,,,,,,,
brn.mwcap.sol,mwcap,brn,sol,0.12,1.20,1227.00,0.00,0.00,0.00,0.00,,,,,,,,,,,,,,,,,,,,,,,,,,,,,,,,,,,,,,,,,,,,,,,,,,,,,,,,,,,,,,,,,,,,,,,,,,,,,,,,,,,,,,,,,,,
brn.mwcap.wnd,mwcap,brn,wnd,0.00,0.00,1227.00,0.00,0.00,0.00,0.00,,,,,,,,,,,,,,,,,,,,,,,,,,,,,,,,,,,,,,,,,,,,,,,,,,,,,,,,,,,,,,,,,,,,,,,,,,,,,,,,,,,,,,,,,,,
btn.mwcap.sol,mwcap,btn,sol,0.01,0.08,2353.00,0.00,0.00,0.00,0.00,,,,,,,,,,,,,,,,,,,,,,,,,,,,,,,,,,,,,,,,,,,,,,,,,,,,,,,,,,,,,,,,,,,,,,,,,,,,,,,,,,,,,,,,,,,
btn.mwcap.wnd,mwcap,btn,wnd,0.06,0.60,2353.00,0.00,0.00,0.00,0.00,,,,,,,,,,,,,,,,,,,,,,,,,,,,,,,,,,,,,,,,,,,,,,,,,,,,,,,,,,,,,,,,,,,,,,,,,,,,,,,,,,,,,,,,,,,
bwa.mwcap.sol,mwcap,bwa,sol,0.29,1.45,920.00,0.00,0.00,0.00,0.00,,,,,,,,,,,,,,,,,,,,,,,,,,,,,,,,,,,,,,,,,,,,,,,,,,,,,,,,,,,,,,,,,,,,,,,,,,,,,,,,,,,,,,,,,,,
bwa.mwcap.wnd,mwcap,bwa,wnd,0.00,0.00,920.00,0.00,0.00,0.00,0.00,,,,,,,,,,,,,,,,,,,,,,,,,,,,,,,,,,,,,,,,,,,,,,,,,,,,,,,,,,,,,,,,,,,,,,,,,,,,,,,,,,,,,,,,,,,
caf.mwcap.sol,mwcap,caf,sol,0.02,0.10,41.00,0.00,0.00,0.00,0.00,,,,,,,,,,,,,,,,,,,,,,,,,,,,,,,,,,,,,,,,,,,,,,,,,,,,,,,,,,,,,,,,,,,,,,,,,,,,,,,,,,,,,,,,,,,
caf.mwcap.wnd,mwcap,caf,wnd,0.00,0.00,41.00,0.00,0.00,0.00,0.00,,,,,,,,,,,,,,,,,,,,,,,,,,,,,,,,,,,,,,,,,,,,,,,,,,,,,,,,,,,,,,,,,,,,,,,,,,,,,,,,,,,,,,,,,,,
can.mwcap.sol,mwcap,can,sol,321.50,674.00,148781.00,0.00,0.00,0.00,0.00,,,,,,,,,,,,,,,,,,,,,,,,,,,,,,,,,,,,,,,,,,,,,,,,,,,,,,,,,,,,,,,,,,,,,,,,,,,,,,,,,,,,,,,,,,,
can.mwcap.wnd,mwcap,can,wnd,1013.10,1893.00,148781.00,0.01,0.01,0.01,0.01,,,,,,,,,,,,,,,,,,,,,,,,,,,,,,,,,,,,,,,,,,,,,,,,,,,,,,,,,,,,,,,,,,,,,,,,,,,,,,,,,,,,,,,,,,,
che.mwcap.sol,mwcap,che,sol,244.50,353.00,22386.00,0.01,0.02,0.01,0.02,,,,,,,,,,,,,,,,,,,,,,,,,,,,,,,,,,,,,,,,,,,,,,,,,,,,,,,,,,,,,,,,,,,,,,,,,,,,,,,,,,,,,,,,,,,
che.mwcap.wnd,mwcap,che,wnd,5.70,24.00,22386.00,0.00,0.00,0.00,0.00,,,,,,,,,,,,,,,,,,,,,,,,,,,,,,,,,,,,,,,,,,,,,,,,,,,,,,,,,,,,,,,,,,,,,,,,,,,,,,,,,,,,,,,,,,,
chl.mwcap.sol,mwcap,chl,sol,264.78,684.00,24414.00,0.01,0.03,0.01,0.03,,,,,,,,,,,,,,,,,,,,,,,,,,,,,,,,,,,,,,,,,,,,,,,,,,,,,,,,,,,,,,,,,,,,,,,,,,,,,,,,,,,,,,,,,,,
chl.mwcap.wnd,mwcap,chl,wnd,145.71,435.00,24414.00,0.01,0.02,0.01,0.02,,,,,,,,,,,,,,,,,,,,,,,,,,,,,,,,,,,,,,,,,,,,,,,,,,,,,,,,,,,,,,,,,,,,,,,,,,,,,,,,,,,,,,,,,,,
chn.mwcap.sol,mwcap,chn,sol,20507.84,53013.49,2011669.00,0.01,0.03,0.01,0.03,,,,,,,,,,,,,,,,,,,,,,,,,,,,,,,,,,,,,,,,,,,,,,,,,,,,,,,,,,,,,,,,,,,,,,,,,,,,,,,,,,,,,,,,,,,
chn.mwcap.wnd,mwcap,chn,wnd,19287.90,34228.60,2011669.00,0.01,0.02,0.01,0.02,,,,,,,,,,,,,,,,,,,,,,,,,,,,,,,,,,,,,,,,,,,,,,,,,,,,,,,,,,,,,,,,,,,,,,,,,,,,,,,,,,,,,,,,,,,
civ.mwcap.sol,mwcap,civ,sol,0.69,3.22,2185.00,0.00,0.00,0.00,0.00,,,,,,,,,,,,,,,,,,,,,,,,,,,,,,,,,,,,,,,,,,,,,,,,,,,,,,,,,,,,,,,,,,,,,,,,,,,,,,,,,,,,,,,,,,,
civ.mwcap.wnd,mwcap,civ,wnd,0.00,0.00,2185.00,0.00,0.00,0.00,0.00,,,,,,,,,,,,,,,,,,,,,,,,,,,,,,,,,,,,,,,,,,,,,,,,,,,,,,,,,,,,,,,,,,,,,,,,,,,,,,,,,,,,,,,,,,,
cmr.mwcap.sol,mwcap,cmr,sol,1.37,2.60,1451.00,0.00,0.00,0.00,0.00,,,,,,,,,,,,,,,,,,,,,,,,,,,,,,,,,,,,,,,,,,,,,,,,,,,,,,,,,,,,,,,,,,,,,,,,,,,,,,,,,,,,,,,,,,,
cmr.mwcap.wnd,mwcap,cmr,wnd,0.00,0.00,1451.00,0.00,0.00,0.00,0.00,,,,,,,,,,,,,,,,,,,,,,,,,,,,,,,,,,,,,,,,,,,,,,,,,,,,,,,,,,,,,,,,,,,,,,,,,,,,,,,,,,,,,,,,,,,
cod.mwcap.sol,mwcap,cod,sol,1.89,13.66,2907.00,0.00,0.00,0.00,0.00,,,,,,,,,,,,,,,,,,,,,,,,,,,,,,,,,,,,,,,,,,,,,,,,,,,,,,,,,,,,,,,,,,,,,,,,,,,,,,,,,,,,,,,,,,,
cod.mwcap.wnd,mwcap,cod,wnd,0.00,0.00,2907.00,0.00,0.00,0.00,0.00,,,,,,,,,,,,,,,,,,,,,,,,,,,,,,,,,,,,,,,,,,,,,,,,,,,,,,,,,,,,,,,,,,,,,,,,,,,,,,,,,,,,,,,,,,,
cog.mwcap.sol,mwcap,cog,sol,0.06,0.23,384.00,0.00,0.00,0.00,0.00,,,,,,,,,,,,,,,,,,,,,,,,,,,,,,,,,,,,,,,,,,,,,,,,,,,,,,,,,,,,,,,,,,,,,,,,,,,,,,,,,,,,,,,,,,,
cog.mwcap.wnd,mwcap,cog,wnd,0.00,0.00,384.00,0.00,0.00,0.00,0.00,,,,,,,,,,,,,,,,,,,,,,,,,,,,,,,,,,,,,,,,,,,,,,,,,,,,,,,,,,,,,,,,,,,,,,,,,,,,,,,,,,,,,,,,,,,
col.mwcap.sol,mwcap,col,sol,8.83,75.07,18039.00,0.00,0.00,0.00,0.00,,,,,,,,,,,,,,,,,,,,,,,,,,,,,,,,,,,,,,,,,,,,,,,,,,,,,,,,,,,,,,,,,,,,,,,,,,,,,,,,,,,,,,,,,,,
col.mwcap.wnd,mwcap,col,wnd,0.04,0.42,18039.00,0.00,0.00,0.00,0.00,,,,,,,,,,,,,,,,,,,,,,,,,,,,,,,,,,,,,,,,,,,,,,,,,,,,,,,,,,,,,,,,,,,,,,,,,,,,,,,,,,,,,,,,,,,
com.mwcap.sol,mwcap,com,sol,0.00,0.00,23.00,0.00,0.00,0.00,0.00,,,,,,,,,,,,,,,,,,,,,,,,,,,,,,,,,,,,,,,,,,,,,,,,,,,,,,,,,,,,,,,,,,,,,,,,,,,,,,,,,,,,,,,,,,,
com.mwcap.wnd,mwcap,com,wnd,0.00,0.00,23.00,0.00,0.00,0.00,0.00,,,,,,,,,,,,,,,,,,,,,,,,,,,,,,,,,,,,,,,,,,,,,,,,,,,,,,,,,,,,,,,,,,,,,,,,,,,,,,,,,,,,,,,,,,,
cpv.mwcap.sol,mwcap,cpv,sol,0.76,5.50,176.00,0.00,0.03,0.00,0.03,,,,,,,,,,,,,,,,,,,,,,,,,,,,,,,,,,,,,,,,,,,,,,,,,,,,,,,,,,,,,,,,,,,,,,,,,,,,,,,,,,,,,,,,,,,
cpv.mwcap.wnd,mwcap,cpv,wnd,2.57,15.20,176.00,0.01,0.09,0.01,0.09,,,,,,,,,,,,,,,,,,,,,,,,,,,,,,,,,,,,,,,,,,,,,,,,,,,,,,,,,,,,,,,,,,,,,,,,,,,,,,,,,,,,,,,,,,,
cri.mwcap.sol,mwcap,cri,sol,3.74,19.51,3620.00,0.00,0.01,0.00,0.01,,,,,,,,,,,,,,,,,,,,,,,,,,,,,,,,,,,,,,,,,,,,,,,,,,,,,,,,,,,,,,,,,,,,,,,,,,,,,,,,,,,,,,,,,,,
cri.mwcap.wnd,mwcap,cri,wnd,29.54,93.00,3620.00,0.01,0.03,0.01,0.03,,,,,,,,,,,,,,,,,,,,,,,,,,,,,,,,,,,,,,,,,,,,,,,,,,,,,,,,,,,,,,,,,,,,,,,,,,,,,,,,,,,,,,,,,,,
cub.mwcap.sol,mwcap,cub,sol,15.93,62.62,6702.00,0.00,0.01,0.00,0.01,,,,,,,,,,,,,,,,,,,,,,,,,,,,,,,,,,,,,,,,,,,,,,,,,,,,,,,,,,,,,,,,,,,,,,,,,,,,,,,,,,,,,,,,,,,
cub.mwcap.wnd,mwcap,cub,wnd,0.45,4.50,6702.00,0.00,0.00,0.00,0.00,,,,,,,,,,,,,,,,,,,,,,,,,,,,,,,,,,,,,,,,,,,,,,,,,,,,,,,,,,,,,,,,,,,,,,,,,,,,,,,,,,,,,,,,,,,
cym.mwcap.sol,mwcap,cym,sol,1.11,6.01,172.00,0.01,0.03,0.01,0.03,,,,,,,,,,,,,,,,,,,,,,,,,,,,,,,,,,,,,,,,,,,,,,,,,,,,,,,,,,,,,,,,,,,,,,,,,,,,,,,,,,,,,,,,,,,
cym.mwcap.wnd,mwcap,cym,wnd,0.00,0.00,172.00,0.00,0.00,0.00,0.00,,,,,,,,,,,,,,,,,,,,,,,,,,,,,,,,,,,,,,,,,,,,,,,,,,,,,,,,,,,,,,,,,,,,,,,,,,,,,,,,,,,,,,,,,,,
cyp.mwcap.sol,mwcap,cyp,sol,12.46,29.00,1804.00,0.01,0.02,0.01,0.02,,,,,,,,,,,,,,,,,,,,,,,,,,,,,,,,,,,,,,,,,,,,,,,,,,,,,,,,,,,,,,,,,,,,,,,,,,,,,,,,,,,,,,,,,,,
cyp.mwcap.wnd,mwcap,cyp,wnd,15.75,82.00,1804.00,0.01,0.05,0.01,0.05,,,,,,,,,,,,,,,,,,,,,,,,,,,,,,,,,,,,,,,,,,,,,,,,,,,,,,,,,,,,,,,,,,,,,,,,,,,,,,,,,,,,,,,,,,,
cze.mwcap.sol,mwcap,cze,sol,160.59,1262.40,22117.00,0.01,0.06,0.01,0.06,,,,,,,,,,,,,,,,,,,,,,,,,,,,,,,,,,,,,,,,,,,,,,,,,,,,,,,,,,,,,,,,,,,,,,,,,,,,,,,,,,,,,,,,,,,
cze.mwcap.wnd,mwcap,cze,wnd,14.64,45.00,22117.00,0.00,0.00,0.00,0.00,,,,,,,,,,,,,,,,,,,,,,,,,,,,,,,,,,,,,,,,,,,,,,,,,,,,,,,,,,,,,,,,,,,,,,,,,,,,,,,,,,,,,,,,,,,
deu.mwcap.sol,mwcap,deu,sol,3845.20,8161.00,235953.00,0.02,0.03,0.02,0.03,,,,,,,,,,,,,,,,,,,,,,,,,,,,,,,,,,,,,,,,,,,,,,,,,,,,,,,,,,,,,,,,,,,,,,,,,,,,,,,,,,,,,,,,,,,
deu.mwcap.wnd,mwcap,deu,wnd,3510.80,6145.00,235953.00,0.01,0.03,0.01,0.03,,,,,,,,,,,,,,,,,,,,,,,,,,,,,,,,,,,,,,,,,,,,,,,,,,,,,,,,,,,,,,,,,,,,,,,,,,,,,,,,,,,,,,,,,,,
dji.mwcap.sol,mwcap,dji,sol,0.04,0.30,123.00,0.00,0.00,0.00,0.00,,,,,,,,,,,,,,,,,,,,,,,,,,,,,,,,,,,,,,,,,,,,,,,,,,,,,,,,,,,,,,,,,,,,,,,,,,,,,,,,,,,,,,,,,,,
dji.mwcap.wnd,mwcap,dji,wnd,0.00,0.00,123.00,0.00,0.00,0.00,0.00,,,,,,,,,,,,,,,,,,,,,,,,,,,,,,,,,,,,,,,,,,,,,,,,,,,,,,,,,,,,,,,,,,,,,,,,,,,,,,,,,,,,,,,,,,,
dma.mwcap.sol,mwcap,dma,sol,0.01,0.40,22.00,0.00,0.02,0.00,0.02,,,,,,,,,,,,,,,,,,,,,,,,,,,,,,,,,,,,,,,,,,,,,,,,,,,,,,,,,,,,,,,,,,,,,,,,,,,,,,,,,,,,,,,,,,,
dma.mwcap.wnd,mwcap,dma,wnd,0.00,0.00,22.00,0.00,0.00,0.00,0.00,,,,,,,,,,,,,,,,,,,,,,,,,,,,,,,,,,,,,,,,,,,,,,,,,,,,,,,,,,,,,,,,,,,,,,,,,,,,,,,,,,,,,,,,,,,
dnk.mwcap.sol,mwcap,dnk,sol,107.40,385.00,15158.00,0.01,0.03,0.01,0.03,,,,,,,,,,,,,,,,,,,,,,,,,,,,,,,,,,,,,,,,,,,,,,,,,,,,,,,,,,,,,,,,,,,,,,,,,,,,,,,,,,,,,,,,,,,
dnk.mwcap.wnd,mwcap,dnk,wnd,263.45,656.98,15158.00,0.02,0.04,0.02,0.04,,,,,,,,,,,,,,,,,,,,,,,,,,,,,,,,,,,,,,,,,,,,,,,,,,,,,,,,,,,,,,,,,,,,,,,,,,,,,,,,,,,,,,,,,,,
dom.mwcap.sol,mwcap,dom,sol,27.89,100.36,5561.00,0.01,0.02,0.01,0.02,,,,,,,,,,,,,,,,,,,,,,,,,,,,,,,,,,,,,,,,,,,,,,,,,,,,,,,,,,,,,,,,,,,,,,,,,,,,,,,,,,,,,,,,,,,
dom.mwcap.wnd,mwcap,dom,wnd,36.56,182.30,5561.00,0.01,0.03,0.01,0.03,,,,,,,,,,,,,,,,,,,,,,,,,,,,,,,,,,,,,,,,,,,,,,,,,,,,,,,,,,,,,,,,,,,,,,,,,,,,,,,,,,,,,,,,,,,
dza.mwcap.sol,mwcap,dza,sol,44.80,180.90,24194.00,0.00,0.01,0.00,0.01,,,,,,,,,,,,,,,,,,,,,,,,,,,,,,,,,,,,,,,,,,,,,,,,,,,,,,,,,,,,,,,,,,,,,,,,,,,,,,,,,,,,,,,,,,,
dza.mwcap.wnd,mwcap,dza,wnd,1.00,10.20,24194.00,0.00,0.00,0.00,0.00,,,,,,,,,,,,,,,,,,,,,,,,,,,,,,,,,,,,,,,,,,,,,,,,,,,,,,,,,,,,,,,,,,,,,,,,,,,,,,,,,,,,,,,,,,,
ecu.mwcap.sol,mwcap,ecu,sol,2.76,22.18,8688.00,0.00,0.00,0.00,0.00,,,,,,,,,,,,,,,,,,,,,,,,,,,,,,,,,,,,,,,,,,,,,,,,,,,,,,,,,,,,,,,,,,,,,,,,,,,,,,,,,,,,,,,,,,,
ecu.mwcap.wnd,mwcap,ecu,wnd,1.88,16.50,8688.00,0.00,0.00,0.00,0.00,,,,,,,,,,,,,,,,,,,,,,,,,,,,,,,,,,,,,,,,,,,,,,,,,,,,,,,,,,,,,,,,,,,,,,,,,,,,,,,,,,,,,,,,,,,
egy.mwcap.sol,mwcap,egy,sol,166.67,897.00,64586.00,0.00,0.01,0.00,0.01,,,,,,,,,,,,,,,,,,,,,,,,,,,,,,,,,,,,,,,,,,,,,,,,,,,,,,,,,,,,,,,,,,,,,,,,,,,,,,,,,,,,,,,,,,,
egy.mwcap.wnd,mwcap,egy,wnd,94.00,375.00,64586.00,0.00,0.01,0.00,0.01,,,,,,,,,,,,,,,,,,,,,,,,,,,,,,,,,,,,,,,,,,,,,,,,,,,,,,,,,,,,,,,,,,,,,,,,,,,,,,,,,,,,,,,,,,,
eri.mwcap.sol,mwcap,eri,sol,1.24,7.50,218.00,0.01,0.03,0.01,0.03,,,,,,,,,,,,,,,,,,,,,,,,,,,,,,,,,,,,,,,,,,,,,,,,,,,,,,,,,,,,,,,,,,,,,,,,,,,,,,,,,,,,,,,,,,,
eri.mwcap.wnd,mwcap,eri,wnd,0.00,0.00,218.00,0.00,0.00,0.00,0.00,,,,,,,,,,,,,,,,,,,,,,,,,,,,,,,,,,,,,,,,,,,,,,,,,,,,,,,,,,,,,,,,,,,,,,,,,,,,,,,,,,,,,,,,,,,
esp.mwcap.sol,mwcap,esp,sol,735.96,3997.00,109642.00,0.01,0.04,0.01,0.04,,,,,,,,,,,,,,,,,,,,,,,,,,,,,,,,,,,,,,,,,,,,,,,,,,,,,,,,,,,,,,,,,,,,,,,,,,,,,,,,,,,,,,,,,,,
esp.mwcap.wnd,mwcap,esp,wnd,637.71,2148.00,109642.00,0.01,0.02,0.01,0.02,,,,,,,,,,,,,,,,,,,,,,,,,,,,,,,,,,,,,,,,,,,,,,,,,,,,,,,,,,,,,,,,,,,,,,,,,,,,,,,,,,,,,,,,,,,
est.mwcap.sol,mwcap,est,sol,10.69,75.10,2878.00,0.00,0.03,0.00,0.03,,,,,,,,,,,,,,,,,,,,,,,,,,,,,,,,,,,,,,,,,,,,,,,,,,,,,,,,,,,,,,,,,,,,,,,,,,,,,,,,,,,,,,,,,,,
est.mwcap.wnd,mwcap,est,wnd,21.60,86.00,2878.00,0.01,0.03,0.01,0.03,,,,,,,,,,,,,,,,,,,,,,,,,,,,,,,,,,,,,,,,,,,,,,,,,,,,,,,,,,,,,,,,,,,,,,,,,,,,,,,,,,,,,,,,,,,
eth.mwcap.sol,mwcap,eth,sol,1.10,5.79,4554.00,0.00,0.00,0.00,0.00,,,,,,,,,,,,,,,,,,,,,,,,,,,,,,,,,,,,,,,,,,,,,,,,,,,,,,,,,,,,,,,,,,,,,,,,,,,,,,,,,,,,,,,,,,,
eth.mwcap.wnd,mwcap,eth,wnd,32.40,153.00,4554.00,0.01,0.03,0.01,0.03,,,,,,,,,,,,,,,,,,,,,,,,,,,,,,,,,,,,,,,,,,,,,,,,,,,,,,,,,,,,,,,,,,,,,,,,,,,,,,,,,,,,,,,,,,,
fin.mwcap.sol,mwcap,fin,sol,20.94,75.40,17728.00,0.00,0.00,0.00,0.00,,,,,,,,,,,,,,,,,,,,,,,,,,,,,,,,,,,,,,,,,,,,,,,,,,,,,,,,,,,,,,,,,,,,,,,,,,,,,,,,,,,,,,,,,,,
fin.mwcap.wnd,mwcap,fin,wnd,213.46,560.00,17728.00,0.01,0.03,0.01,0.03,,,,,,,,,,,,,,,,,,,,,,,,,,,,,,,,,,,,,,,,,,,,,,,,,,,,,,,,,,,,,,,,,,,,,,,,,,,,,,,,,,,,,,,,,,,
fji.mwcap.sol,mwcap,fji,sol,0.93,2.34,357.00,0.00,0.01,0.00,0.01,,,,,,,,,,,,,,,,,,,,,,,,,,,,,,,,,,,,,,,,,,,,,,,,,,,,,,,,,,,,,,,,,,,,,,,,,,,,,,,,,,,,,,,,,,,
fji.mwcap.wnd,mwcap,fji,wnd,0.00,0.00,357.00,0.00,0.00,0.00,0.00,,,,,,,,,,,,,,,,,,,,,,,,,,,,,,,,,,,,,,,,,,,,,,,,,,,,,,,,,,,,,,,,,,,,,,,,,,,,,,,,,,,,,,,,,,,
fra.mwcap.sol,mwcap,fra,sol,1029.40,1959.58,135816.00,0.01,0.01,0.01,0.01,,,,,,,,,,,,,,,,,,,,,,,,,,,,,,,,,,,,,,,,,,,,,,,,,,,,,,,,,,,,,,,,,,,,,,,,,,,,,,,,,,,,,,,,,,,
fra.mwcap.wnd,mwcap,fra,wnd,1167.81,1932.79,135816.00,0.01,0.01,0.01,0.01,,,,,,,,,,,,,,,,,,,,,,,,,,,,,,,,,,,,,,,,,,,,,,,,,,,,,,,,,,,,,,,,,,,,,,,,,,,,,,,,,,,,,,,,,,,
fro.mwcap.sol,mwcap,fro,sol,0.00,0.00,125.00,0.00,0.00,0.00,0.00,,,,,,,,,,,,,,,,,,,,,,,,,,,,,,,,,,,,,,,,,,,,,,,,,,,,,,,,,,,,,,,,,,,,,,,,,,,,,,,,,,,,,,,,,,,
fro.mwcap.wnd,mwcap,fro,wnd,1.22,11.70,125.00,0.01,0.09,0.01,0.09,,,,,,,,,,,,,,,,,,,,,,,,,,,,,,,,,,,,,,,,,,,,,,,,,,,,,,,,,,,,,,,,,,,,,,,,,,,,,,,,,,,,,,,,,,,
fsm.mwcap.sol,mwcap,fsm,sol,0.14,0.61,29.00,0.00,0.02,0.00,0.02,,,,,,,,,,,,,,,,,,,,,,,,,,,,,,,,,,,,,,,,,,,,,,,,,,,,,,,,,,,,,,,,,,,,,,,,,,,,,,,,,,,,,,,,,,,
fsm.mwcap.wnd,mwcap,fsm,wnd,0.08,0.83,29.00,0.00,0.03,0.00,0.03,,,,,,,,,,,,,,,,,,,,,,,,,,,,,,,,,,,,,,,,,,,,,,,,,,,,,,,,,,,,,,,,,,,,,,,,,,,,,,,,,,,,,,,,,,,
gab.mwcap.sol,mwcap,gab,sol,0.00,0.00,629.00,0.00,0.00,0.00,0.00,,,,,,,,,,,,,,,,,,,,,,,,,,,,,,,,,,,,,,,,,,,,,,,,,,,,,,,,,,,,,,,,,,,,,,,,,,,,,,,,,,,,,,,,,,,
gab.mwcap.wnd,mwcap,gab,wnd,0.00,0.00,629.00,0.00,0.00,0.00,0.00,,,,,,,,,,,,,,,,,,,,,,,,,,,,,,,,,,,,,,,,,,,,,,,,,,,,,,,,,,,,,,,,,,,,,,,,,,,,,,,,,,,,,,,,,,,
gbr.mwcap.sol,mwcap,gbr,sol,1358.90,4073.22,112884.00,0.01,0.04,0.01,0.04,,,,,,,,,,,,,,,,,,,,,,,,,,,,,,,,,,,,,,,,,,,,,,,,,,,,,,,,,,,,,,,,,,,,,,,,,,,,,,,,,,,,,,,,,,,
gbr.mwcap.wnd,mwcap,gbr,wnd,1955.29,3459.06,112884.00,0.02,0.03,0.02,0.03,,,,,,,,,,,,,,,,,,,,,,,,,,,,,,,,,,,,,,,,,,,,,,,,,,,,,,,,,,,,,,,,,,,,,,,,,,,,,,,,,,,,,,,,,,,
geo.mwcap.sol,mwcap,geo,sol,0.07,0.39,4508.00,0.00,0.00,0.00,0.00,,,,,,,,,,,,,,,,,,,,,,,,,,,,,,,,,,,,,,,,,,,,,,,,,,,,,,,,,,,,,,,,,,,,,,,,,,,,,,,,,,,,,,,,,,,
geo.mwcap.wnd,mwcap,geo,wnd,2.07,20.70,4508.00,0.00,0.00,0.00,0.00,,,,,,,,,,,,,,,,,,,,,,,,,,,,,,,,,,,,,,,,,,,,,,,,,,,,,,,,,,,,,,,,,,,,,,,,,,,,,,,,,,,,,,,,,,,
gha.mwcap.sol,mwcap,gha,sol,6.33,24.96,4817.00,0.00,0.01,0.00,0.01,,,,,,,,,,,,,,,,,,,,,,,,,,,,,,,,,,,,,,,,,,,,,,,,,,,,,,,,,,,,,,,,,,,,,,,,,,,,,,,,,,,,,,,,,,,
gha.mwcap.wnd,mwcap,gha,wnd,0.00,0.03,4817.00,0.00,0.00,0.00,0.00,,,,,,,,,,,,,,,,,,,,,,,,,,,,,,,,,,,,,,,,,,,,,,,,,,,,,,,,,,,,,,,,,,,,,,,,,,,,,,,,,,,,,,,,,,,
gib.mwcap.sol,mwcap,gib,sol,0.00,0.00,0.00,NA,NA,NA,NA,,,,,,,,,,,,,,,,,,,,,,,,,,,,,,,,,,,,,,,,,,,,,,,,,,,,,,,,,,,,,,,,,,,,,,,,,,,,,,,,,,,,,,,,,,,
gib.mwcap.wnd,mwcap,gib,wnd,0.00,0.00,0.00,NA,NA,NA,NA,,,,,,,,,,,,,,,,,,,,,,,,,,,,,,,,,,,,,,,,,,,,,,,,,,,,,,,,,,,,,,,,,,,,,,,,,,,,,,,,,,,,,,,,,,,
gin.mwcap.sol,mwcap,gin,sol,1.28,9.90,608.00,0.00,0.02,0.00,0.02,,,,,,,,,,,,,,,,,,,,,,,,,,,,,,,,,,,,,,,,,,,,,,,,,,,,,,,,,,,,,,,,,,,,,,,,,,,,,,,,,,,,,,,,,,,
gin.mwcap.wnd,mwcap,gin,wnd,0.00,0.00,608.00,0.00,0.00,0.00,0.00,,,,,,,,,,,,,,,,,,,,,,,,,,,,,,,,,,,,,,,,,,,,,,,,,,,,,,,,,,,,,,,,,,,,,,,,,,,,,,,,,,,,,,,,,,,
gmb.mwcap.sol,mwcap,gmb,sol,0.06,0.15,105.00,0.00,0.00,0.00,0.00,,,,,,,,,,,,,,,,,,,,,,,,,,,,,,,,,,,,,,,,,,,,,,,,,,,,,,,,,,,,,,,,,,,,,,,,,,,,,,,,,,,,,,,,,,,
gmb.mwcap.wnd,mwcap,gmb,wnd,0.11,0.90,105.00,0.00,0.01,0.00,0.01,,,,,,,,,,,,,,,,,,,,,,,,,,,,,,,,,,,,,,,,,,,,,,,,,,,,,,,,,,,,,,,,,,,,,,,,,,,,,,,,,,,,,,,,,,,
gnb.mwcap.sol,mwcap,gnb,sol,0.12,0.86,29.00,0.00,0.03,0.00,0.03,,,,,,,,,,,,,,,,,,,,,,,,,,,,,,,,,,,,,,,,,,,,,,,,,,,,,,,,,,,,,,,,,,,,,,,,,,,,,,,,,,,,,,,,,,,
gnb.mwcap.wnd,mwcap,gnb,wnd,0.00,0.00,29.00,0.00,0.00,0.00,0.00,,,,,,,,,,,,,,,,,,,,,,,,,,,,,,,,,,,,,,,,,,,,,,,,,,,,,,,,,,,,,,,,,,,,,,,,,,,,,,,,,,,,,,,,,,,
gnq.mwcap.sol,mwcap,gnq,sol,0.00,0.00,401.00,0.00,0.00,0.00,0.00,,,,,,,,,,,,,,,,,,,,,,,,,,,,,,,,,,,,,,,,,,,,,,,,,,,,,,,,,,,,,,,,,,,,,,,,,,,,,,,,,,,,,,,,,,,
gnq.mwcap.wnd,mwcap,gnq,wnd,0.00,0.00,401.00,0.00,0.00,0.00,0.00,,,,,,,,,,,,,,,,,,,,,,,,,,,,,,,,,,,,,,,,,,,,,,,,,,,,,,,,,,,,,,,,,,,,,,,,,,,,,,,,,,,,,,,,,,,
grc.mwcap.sol,mwcap,grc,sol,271.66,1043.00,20023.00,0.01,0.05,0.01,0.05,,,,,,,,,,,,,,,,,,,,,,,,,,,,,,,,,,,,,,,,,,,,,,,,,,,,,,,,,,,,,,,,,,,,,,,,,,,,,,,,,,,,,,,,,,,
grc.mwcap.wnd,mwcap,grc,wnd,237.65,670.00,20023.00,0.01,0.03,0.01,0.03,,,,,,,,,,,,,,,,,,,,,,,,,,,,,,,,,,,,,,,,,,,,,,,,,,,,,,,,,,,,,,,,,,,,,,,,,,,,,,,,,,,,,,,,,,,
grd.mwcap.sol,mwcap,grd,sol,0.31,1.16,58.00,0.01,0.02,0.01,0.02,,,,,,,,,,,,,,,,,,,,,,,,,,,,,,,,,,,,,,,,,,,,,,,,,,,,,,,,,,,,,,,,,,,,,,,,,,,,,,,,,,,,,,,,,,,
grd.mwcap.wnd,mwcap,grd,wnd,0.00,0.00,58.00,0.00,0.00,0.00,0.00,,,,,,,,,,,,,,,,,,,,,,,,,,,,,,,,,,,,,,,,,,,,,,,,,,,,,,,,,,,,,,,,,,,,,,,,,,,,,,,,,,,,,,,,,,,
grl.mwcap.sol,mwcap,grl,sol,0.01,0.14,187.00,0.00,0.00,0.00,0.00,,,,,,,,,,,,,,,,,,,,,,,,,,,,,,,,,,,,,,,,,,,,,,,,,,,,,,,,,,,,,,,,,,,,,,,,,,,,,,,,,,,,,,,,,,,
grl.mwcap.wnd,mwcap,grl,wnd,0.01,0.05,187.00,0.00,0.00,0.00,0.00,,,,,,,,,,,,,,,,,,,,,,,,,,,,,,,,,,,,,,,,,,,,,,,,,,,,,,,,,,,,,,,,,,,,,,,,,,,,,,,,,,,,,,,,,,,
gtm.mwcap.sol,mwcap,gtm,sol,10.03,82.87,4115.00,0.00,0.02,0.00,0.02,,,,,,,,,,,,,,,,,,,,,,,,,,,,,,,,,,,,,,,,,,,,,,,,,,,,,,,,,,,,,,,,,,,,,,,,,,,,,,,,,,,,,,,,,,,
gtm.mwcap.wnd,mwcap,gtm,wnd,10.74,75.90,4115.00,0.00,0.02,0.00,0.02,,,,,,,,,,,,,,,,,,,,,,,,,,,,,,,,,,,,,,,,,,,,,,,,,,,,,,,,,,,,,,,,,,,,,,,,,,,,,,,,,,,,,,,,,,,
gum.mwcap.sol,mwcap,gum,sol,3.47,30.51,525.00,0.01,0.06,0.01,0.06,,,,,,,,,,,,,,,,,,,,,,,,,,,,,,,,,,,,,,,,,,,,,,,,,,,,,,,,,,,,,,,,,,,,,,,,,,,,,,,,,,,,,,,,,,,
gum.mwcap.wnd,mwcap,gum,wnd,0.03,0.28,525.00,0.00,0.00,0.00,0.00,,,,,,,,,,,,,,,,,,,,,,,,,,,,,,,,,,,,,,,,,,,,,,,,,,,,,,,,,,,,,,,,,,,,,,,,,,,,,,,,,,,,,,,,,,,
guy.mwcap.sol,mwcap,guy,sol,0.79,2.50,359.00,0.00,0.01,0.00,0.01,,,,,,,,,,,,,,,,,,,,,,,,,,,,,,,,,,,,,,,,,,,,,,,,,,,,,,,,,,,,,,,,,,,,,,,,,,,,,,,,,,,,,,,,,,,
guy.mwcap.wnd,mwcap,guy,wnd,0.01,0.04,359.00,0.00,0.00,0.00,0.00,,,,,,,,,,,,,,,,,,,,,,,,,,,,,,,,,,,,,,,,,,,,,,,,,,,,,,,,,,,,,,,,,,,,,,,,,,,,,,,,,,,,,,,,,,,
hnd.mwcap.sol,mwcap,hnd,sol,51.02,388.00,2824.00,0.02,0.14,0.02,0.14,,,,,,,,,,,,,,,,,,,,,,,,,,,,,,,,,,,,,,,,,,,,,,,,,,,,,,,,,,,,,,,,,,,,,,,,,,,,,,,,,,,,,,,,,,,
hnd.mwcap.wnd,mwcap,hnd,wnd,24.13,102.00,2824.00,0.01,0.04,0.01,0.04,,,,,,,,,,,,,,,,,,,,,,,,,,,,,,,,,,,,,,,,,,,,,,,,,,,,,,,,,,,,,,,,,,,,,,,,,,,,,,,,,,,,,,,,,,,
hrv.mwcap.sol,mwcap,hrv,sol,6.84,15.00,5035.00,0.00,0.00,0.00,0.00,,,,,,,,,,,,,,,,,,,,,,,,,,,,,,,,,,,,,,,,,,,,,,,,,,,,,,,,,,,,,,,,,,,,,,,,,,,,,,,,,,,,,,,,,,,
hrv.mwcap.wnd,mwcap,hrv,wnd,53.63,93.10,5035.00,0.01,0.02,0.01,0.02,,,,,,,,,,,,,,,,,,,,,,,,,,,,,,,,,,,,,,,,,,,,,,,,,,,,,,,,,,,,,,,,,,,,,,,,,,,,,,,,,,,,,,,,,,,
hti.mwcap.sol,mwcap,hti,sol,0.26,0.57,471.00,0.00,0.00,0.00,0.00,,,,,,,,,,,,,,,,,,,,,,,,,,,,,,,,,,,,,,,,,,,,,,,,,,,,,,,,,,,,,,,,,,,,,,,,,,,,,,,,,,,,,,,,,,,
hti.mwcap.wnd,mwcap,hti,wnd,0.00,0.02,471.00,0.00,0.00,0.00,0.00,,,,,,,,,,,,,,,,,,,,,,,,,,,,,,,,,,,,,,,,,,,,,,,,,,,,,,,,,,,,,,,,,,,,,,,,,,,,,,,,,,,,,,,,,,,
hun.mwcap.sol,mwcap,hun,sol,127.60,551.00,9733.00,0.01,0.06,0.01,0.06,,,,,,,,,,,,,,,,,,,,,,,,,,,,,,,,,,,,,,,,,,,,,,,,,,,,,,,,,,,,,,,,,,,,,,,,,,,,,,,,,,,,,,,,,,,
hun.mwcap.wnd,mwcap,hun,wnd,12.60,90.00,9733.00,0.00,0.01,0.00,0.01,,,,,,,,,,,,,,,,,,,,,,,,,,,,,,,,,,,,,,,,,,,,,,,,,,,,,,,,,,,,,,,,,,,,,,,,,,,,,,,,,,,,,,,,,,,
idn.mwcap.sol,mwcap,idn,sol,18.41,135.42,67653.00,0.00,0.00,0.00,0.00,,,,,,,,,,,,,,,,,,,,,,,,,,,,,,,,,,,,,,,,,,,,,,,,,,,,,,,,,,,,,,,,,,,,,,,,,,,,,,,,,,,,,,,,,,,
idn.mwcap.wnd,mwcap,idn,wnd,7.51,75.00,67653.00,0.00,0.00,0.00,0.00,,,,,,,,,,,,,,,,,,,,,,,,,,,,,,,,,,,,,,,,,,,,,,,,,,,,,,,,,,,,,,,,,,,,,,,,,,,,,,,,,,,,,,,,,,,
imn.mwcap.sol,mwcap,imn,sol,0.00,0.00, $-   ,NA,NA,NA,NA,,,,,,,,,,,,,,,,,,,,,,,,,,,,,,,,,,,,,,,,,,,,,,,,,,,,,,,,,,,,,,,,,,,,,,,,,,,,,,,,,,,,,,,,,,,
imn.mwcap.wnd,mwcap,imn,wnd,0.00,0.00, $-   ,NA,NA,NA,NA,,,,,,,,,,,,,,,,,,,,,,,,,,,,,,,,,,,,,,,,,,,,,,,,,,,,,,,,,,,,,,,,,,,,,,,,,,,,,,,,,,,,,,,,,,,
ind.mwcap.sol,mwcap,ind,sol,3502.05,9203.57,424051.00,0.01,0.02,0.01,0.02,,,,,,,,,,,,,,,,,,,,,,,,,,,,,,,,,,,,,,,,,,,,,,,,,,,,,,,,,,,,,,,,,,,,,,,,,,,,,,,,,,,,,,,,,,,
ind.mwcap.wnd,mwcap,ind,wnd,2658.02,4148.02,424051.00,0.01,0.01,0.01,0.01,,,,,,,,,,,,,,,,,,,,,,,,,,,,,,,,,,,,,,,,,,,,,,,,,,,,,,,,,,,,,,,,,,,,,,,,,,,,,,,,,,,,,,,,,,,
irl.mwcap.sol,mwcap,irl,sol,3.56,11.97,11502.00,0.00,0.00,0.00,0.00,,,,,,,,,,,,,,,,,,,,,,,,,,,,,,,,,,,,,,,,,,,,,,,,,,,,,,,,,,,,,,,,,,,,,,,,,,,,,,,,,,,,,,,,,,,
irl.mwcap.wnd,mwcap,irl,wnd,292.08,532.00,11502.00,0.03,0.05,0.03,0.05,,,,,,,,,,,,,,,,,,,,,,,,,,,,,,,,,,,,,,,,,,,,,,,,,,,,,,,,,,,,,,,,,,,,,,,,,,,,,,,,,,,,,,,,,,,
irn.mwcap.sol,mwcap,irn,sol,36.69,141.27,84088.00,0.00,0.00,0.00,0.00,,,,,,,,,,,,,,,,,,,,,,,,,,,,,,,,,,,,,,,,,,,,,,,,,,,,,,,,,,,,,,,,,,,,,,,,,,,,,,,,,,,,,,,,,,,
irn.mwcap.wnd,mwcap,irn,wnd,21.02,68.06,84088.00,0.00,0.00,0.00,0.00,,,,,,,,,,,,,,,,,,,,,,,,,,,,,,,,,,,,,,,,,,,,,,,,,,,,,,,,,,,,,,,,,,,,,,,,,,,,,,,,,,,,,,,,,,,
irq.mwcap.sol,mwcap,irq,sol,21.55,179.05,36843.00,0.00,0.00,0.00,0.00,,,,,,,,,,,,,,,,,,,,,,,,,,,,,,,,,,,,,,,,,,,,,,,,,,,,,,,,,,,,,,,,,,,,,,,,,,,,,,,,,,,,,,,,,,,
irq.mwcap.wnd,mwcap,irq,wnd,0.00,0.00,36843.00,0.00,0.00,0.00,0.00,,,,,,,,,,,,,,,,,,,,,,,,,,,,,,,,,,,,,,,,,,,,,,,,,,,,,,,,,,,,,,,,,,,,,,,,,,,,,,,,,,,,,,,,,,,
isl.mwcap.sol,mwcap,isl,sol,0.00,0.00,2929.00,0.00,0.00,0.00,0.00,,,,,,,,,,,,,,,,,,,,,,,,,,,,,,,,,,,,,,,,,,,,,,,,,,,,,,,,,,,,,,,,,,,,,,,,,,,,,,,,,,,,,,,,,,,
isl.mwcap.wnd,mwcap,isl,wnd,0.24,2.00,2929.00,0.00,0.00,0.00,0.00,,,,,,,,,,,,,,,,,,,,,,,,,,,,,,,,,,,,,,,,,,,,,,,,,,,,,,,,,,,,,,,,,,,,,,,,,,,,,,,,,,,,,,,,,,,
isr.mwcap.sol,mwcap,isr,sol,140.75,362.00,18019.00,0.01,0.02,0.01,0.02,,,,,,,,,,,,,,,,,,,,,,,,,,,,,,,,,,,,,,,,,,,,,,,,,,,,,,,,,,,,,,,,,,,,,,,,,,,,,,,,,,,,,,,,,,,
isr.mwcap.wnd,mwcap,isr,wnd,2.13,21.25,18019.00,0.00,0.00,0.00,0.00,,,,,,,,,,,,,,,,,,,,,,,,,,,,,,,,,,,,,,,,,,,,,,,,,,,,,,,,,,,,,,,,,,,,,,,,,,,,,,,,,,,,,,,,,,,
ita.mwcap.sol,mwcap,ita,sol,1964.21,9539.00,115207.00,0.02,0.08,0.02,0.08,,,,,,,,,,,,,,,,,,,,,,,,,,,,,,,,,,,,,,,,,,,,,,,,,,,,,,,,,,,,,,,,,,,,,,,,,,,,,,,,,,,,,,,,,,,
ita.mwcap.wnd,mwcap,ita,wnd,587.90,1184.00,115207.00,0.01,0.01,0.01,0.01,,,,,,,,,,,,,,,,,,,,,,,,,,,,,,,,,,,,,,,,,,,,,,,,,,,,,,,,,,,,,,,,,,,,,,,,,,,,,,,,,,,,,,,,,,,
jam.mwcap.sol,mwcap,jam,sol,9.18,37.00,1340.00,0.01,0.03,0.01,0.03,,,,,,,,,,,,,,,,,,,,,,,,,,,,,,,,,,,,,,,,,,,,,,,,,,,,,,,,,,,,,,,,,,,,,,,,,,,,,,,,,,,,,,,,,,,
jam.mwcap.wnd,mwcap,jam,wnd,7.83,60.10,1340.00,0.01,0.04,0.01,0.04,,,,,,,,,,,,,,,,,,,,,,,,,,,,,,,,,,,,,,,,,,,,,,,,,,,,,,,,,,,,,,,,,,,,,,,,,,,,,,,,,,,,,,,,,,,
jor.mwcap.sol,mwcap,jor,sol,123.96,457.00,6369.00,0.02,0.07,0.02,0.07,,,,,,,,,,,,,,,,,,,,,,,,,,,,,,,,,,,,,,,,,,,,,,,,,,,,,,,,,,,,,,,,,,,,,,,,,,,,,,,,,,,,,,,,,,,
jor.mwcap.wnd,mwcap,jor,wnd,37.21,117.00,6369.00,0.01,0.02,0.01,0.02,,,,,,,,,,,,,,,,,,,,,,,,,,,,,,,,,,,,,,,,,,,,,,,,,,,,,,,,,,,,,,,,,,,,,,,,,,,,,,,,,,,,,,,,,,,
jpn.mwcap.sol,mwcap,jpn,sol,5922.90,11274.00,338683.00,0.02,0.03,0.02,0.03,,,,,,,,,,,,,,,,,,,,,,,,,,,,,,,,,,,,,,,,,,,,,,,,,,,,,,,,,,,,,,,,,,,,,,,,,,,,,,,,,,,,,,,,,,,
jpn.mwcap.wnd,mwcap,jpn,wnd,178.90,439.00,338683.00,0.00,0.00,0.00,0.00,,,,,,,,,,,,,,,,,,,,,,,,,,,,,,,,,,,,,,,,,,,,,,,,,,,,,,,,,,,,,,,,,,,,,,,,,,,,,,,,,,,,,,,,,,,
kaz.mwcap.sol,mwcap,kaz,sol,82.14,332.70,25789.00,0.00,0.01,0.00,0.01,,,,,,,,,,,,,,,,,,,,,,,,,,,,,,,,,,,,,,,,,,,,,,,,,,,,,,,,,,,,,,,,,,,,,,,,,,,,,,,,,,,,,,,,,,,
kaz.mwcap.wnd,mwcap,kaz,wnd,28.38,162.35,25789.00,0.00,0.01,0.00,0.01,,,,,,,,,,,,,,,,,,,,,,,,,,,,,,,,,,,,,,,,,,,,,,,,,,,,,,,,,,,,,,,,,,,,,,,,,,,,,,,,,,,,,,,,,,,
ken.mwcap.sol,mwcap,ken,sol,9.44,54.60,2929.00,0.00,0.02,0.00,0.02,,,,,,,,,,,,,,,,,,,,,,,,,,,,,,,,,,,,,,,,,,,,,,,,,,,,,,,,,,,,,,,,,,,,,,,,,,,,,,,,,,,,,,,,,,,
ken.mwcap.wnd,mwcap,ken,wnd,33.57,309.89,2929.00,0.01,0.11,0.01,0.11,,,,,,,,,,,,,,,,,,,,,,,,,,,,,,,,,,,,,,,,,,,,,,,,,,,,,,,,,,,,,,,,,,,,,,,,,,,,,,,,,,,,,,,,,,,
kgz.mwcap.sol,mwcap,kgz,sol,0.00,0.00,4306.00,0.00,0.00,0.00,0.00,,,,,,,,,,,,,,,,,,,,,,,,,,,,,,,,,,,,,,,,,,,,,,,,,,,,,,,,,,,,,,,,,,,,,,,,,,,,,,,,,,,,,,,,,,,
kgz.mwcap.wnd,mwcap,kgz,wnd,0.00,0.00,4306.00,0.00,0.00,0.00,0.00,,,,,,,,,,,,,,,,,,,,,,,,,,,,,,,,,,,,,,,,,,,,,,,,,,,,,,,,,,,,,,,,,,,,,,,,,,,,,,,,,,,,,,,,,,,
khm.mwcap.sol,mwcap,khm,sol,9.64,69.80,2297.00,0.00,0.03,0.00,0.03,,,,,,,,,,,,,,,,,,,,,,,,,,,,,,,,,,,,,,,,,,,,,,,,,,,,,,,,,,,,,,,,,,,,,,,,,,,,,,,,,,,,,,,,,,,
khm.mwcap.wnd,mwcap,khm,wnd,0.00,0.00,2297.00,0.00,0.00,0.00,0.00,,,,,,,,,,,,,,,,,,,,,,,,,,,,,,,,,,,,,,,,,,,,,,,,,,,,,,,,,,,,,,,,,,,,,,,,,,,,,,,,,,,,,,,,,,,
kir.mwcap.sol,mwcap,kir,sol,0.26,1.56,9.00,0.03,0.17,0.03,0.17,,,,,,,,,,,,,,,,,,,,,,,,,,,,,,,,,,,,,,,,,,,,,,,,,,,,,,,,,,,,,,,,,,,,,,,,,,,,,,,,,,,,,,,,,,,
kir.mwcap.wnd,mwcap,kir,wnd,0.00,0.00,9.00,0.00,0.00,0.00,0.00,,,,,,,,,,,,,,,,,,,,,,,,,,,,,,,,,,,,,,,,,,,,,,,,,,,,,,,,,,,,,,,,,,,,,,,,,,,,,,,,,,,,,,,,,,,
kna.mwcap.sol,mwcap,kna,sol,0.19,1.08,71.00,0.00,0.02,0.00,0.02,,,,,,,,,,,,,,,,,,,,,,,,,,,,,,,,,,,,,,,,,,,,,,,,,,,,,,,,,,,,,,,,,,,,,,,,,,,,,,,,,,,,,,,,,,,
kna.mwcap.wnd,mwcap,kna,wnd,0.22,2.20,71.00,0.00,0.03,0.00,0.03,,,,,,,,,,,,,,,,,,,,,,,,,,,,,,,,,,,,,,,,,,,,,,,,,,,,,,,,,,,,,,,,,,,,,,,,,,,,,,,,,,,,,,,,,,,
kor.mwcap.sol,mwcap,kor,sol,998.11,3375.24,132870.00,0.01,0.03,0.01,0.03,,,,,,,,,,,,,,,,,,,,,,,,,,,,,,,,,,,,,,,,,,,,,,,,,,,,,,,,,,,,,,,,,,,,,,,,,,,,,,,,,,,,,,,,,,,
kor.mwcap.wnd,mwcap,kor,wnd,116.12,235.00,132870.00,0.00,0.00,0.00,0.00,,,,,,,,,,,,,,,,,,,,,,,,,,,,,,,,,,,,,,,,,,,,,,,,,,,,,,,,,,,,,,,,,,,,,,,,,,,,,,,,,,,,,,,,,,,
kwt.mwcap.sol,mwcap,kwt,sol,9.33,50.28,19372.00,0.00,0.00,0.00,0.00,,,,,,,,,,,,,,,,,,,,,,,,,,,,,,,,,,,,,,,,,,,,,,,,,,,,,,,,,,,,,,,,,,,,,,,,,,,,,,,,,,,,,,,,,,,
kwt.mwcap.wnd,mwcap,kwt,wnd,1.24,10.00,19372.00,0.00,0.00,0.00,0.00,,,,,,,,,,,,,,,,,,,,,,,,,,,,,,,,,,,,,,,,,,,,,,,,,,,,,,,,,,,,,,,,,,,,,,,,,,,,,,,,,,,,,,,,,,,
lao.mwcap.sol,mwcap,lao,sol,2.16,18.00,7913.00,0.00,0.00,0.00,0.00,,,,,,,,,,,,,,,,,,,,,,,,,,,,,,,,,,,,,,,,,,,,,,,,,,,,,,,,,,,,,,,,,,,,,,,,,,,,,,,,,,,,,,,,,,,
lao.mwcap.wnd,mwcap,lao,wnd,0.00,0.00,7913.00,0.00,0.00,0.00,0.00,,,,,,,,,,,,,,,,,,,,,,,,,,,,,,,,,,,,,,,,,,,,,,,,,,,,,,,,,,,,,,,,,,,,,,,,,,,,,,,,,,,,,,,,,,,
lbn.mwcap.sol,mwcap,lbn,sol,5.64,18.47,3660.00,0.00,0.01,0.00,0.01,,,,,,,,,,,,,,,,,,,,,,,,,,,,,,,,,,,,,,,,,,,,,,,,,,,,,,,,,,,,,,,,,,,,,,,,,,,,,,,,,,,,,,,,,,,
lbn.mwcap.wnd,mwcap,lbn,wnd,0.30,1.50,3660.00,0.00,0.00,0.00,0.00,,,,,,,,,,,,,,,,,,,,,,,,,,,,,,,,,,,,,,,,,,,,,,,,,,,,,,,,,,,,,,,,,,,,,,,,,,,,,,,,,,,,,,,,,,,
lbr.mwcap.sol,mwcap,lbr,sol,0.26,2.35,193.00,0.00,0.01,0.00,0.01,,,,,,,,,,,,,,,,,,,,,,,,,,,,,,,,,,,,,,,,,,,,,,,,,,,,,,,,,,,,,,,,,,,,,,,,,,,,,,,,,,,,,,,,,,,
lbr.mwcap.wnd,mwcap,lbr,wnd,0.00,0.00,193.00,0.00,0.00,0.00,0.00,,,,,,,,,,,,,,,,,,,,,,,,,,,,,,,,,,,,,,,,,,,,,,,,,,,,,,,,,,,,,,,,,,,,,,,,,,,,,,,,,,,,,,,,,,,
lby.mwcap.sol,mwcap,lby,sol,0.19,0.70,10992.00,0.00,0.00,0.00,0.00,,,,,,,,,,,,,,,,,,,,,,,,,,,,,,,,,,,,,,,,,,,,,,,,,,,,,,,,,,,,,,,,,,,,,,,,,,,,,,,,,,,,,,,,,,,
lby.mwcap.wnd,mwcap,lby,wnd,0.00,0.00,10992.00,0.00,0.00,0.00,0.00,,,,,,,,,,,,,,,,,,,,,,,,,,,,,,,,,,,,,,,,,,,,,,,,,,,,,,,,,,,,,,,,,,,,,,,,,,,,,,,,,,,,,,,,,,,
lca.mwcap.sol,mwcap,lca,sol,0.38,3.00,92.00,0.00,0.03,0.00,0.03,,,,,,,,,,,,,,,,,,,,,,,,,,,,,,,,,,,,,,,,,,,,,,,,,,,,,,,,,,,,,,,,,,,,,,,,,,,,,,,,,,,,,,,,,,,
lca.mwcap.wnd,mwcap,lca,wnd,0.00,0.00,92.00,0.00,0.00,0.00,0.00,,,,,,,,,,,,,,,,,,,,,,,,,,,,,,,,,,,,,,,,,,,,,,,,,,,,,,,,,,,,,,,,,,,,,,,,,,,,,,,,,,,,,,,,,,,
lie.mwcap.sol,mwcap,lie,sol,0.00,0.00, $-   ,NA,NA,NA,NA,,,,,,,,,,,,,,,,,,,,,,,,,,,,,,,,,,,,,,,,,,,,,,,,,,,,,,,,,,,,,,,,,,,,,,,,,,,,,,,,,,,,,,,,,,,
lie.mwcap.wnd,mwcap,lie,wnd,0.00,0.00, $-   ,NA,NA,NA,NA,,,,,,,,,,,,,,,,,,,,,,,,,,,,,,,,,,,,,,,,,,,,,,,,,,,,,,,,,,,,,,,,,,,,,,,,,,,,,,,,,,,,,,,,,,,
lka.mwcap.sol,mwcap,lka,sol,20.85,68.28,4233.00,0.00,0.02,0.00,0.02,,,,,,,,,,,,,,,,,,,,,,,,,,,,,,,,,,,,,,,,,,,,,,,,,,,,,,,,,,,,,,,,,,,,,,,,,,,,,,,,,,,,,,,,,,,
lka.mwcap.wnd,mwcap,lka,wnd,12.55,40.00,4233.00,0.00,0.01,0.00,0.01,,,,,,,,,,,,,,,,,,,,,,,,,,,,,,,,,,,,,,,,,,,,,,,,,,,,,,,,,,,,,,,,,,,,,,,,,,,,,,,,,,,,,,,,,,,
lso.mwcap.sol,mwcap,lso,sol,0.04,0.36,75.00,0.00,0.00,0.00,0.00,,,,,,,,,,,,,,,,,,,,,,,,,,,,,,,,,,,,,,,,,,,,,,,,,,,,,,,,,,,,,,,,,,,,,,,,,,,,,,,,,,,,,,,,,,,
lso.mwcap.wnd,mwcap,lso,wnd,0.00,0.00,75.00,0.00,0.00,0.00,0.00,,,,,,,,,,,,,,,,,,,,,,,,,,,,,,,,,,,,,,,,,,,,,,,,,,,,,,,,,,,,,,,,,,,,,,,,,,,,,,,,,,,,,,,,,,,
ltu.mwcap.sol,mwcap,ltu,sol,10.29,61.00,3389.00,0.00,0.02,0.00,0.02,,,,,,,,,,,,,,,,,,,,,,,,,,,,,,,,,,,,,,,,,,,,,,,,,,,,,,,,,,,,,,,,,,,,,,,,,,,,,,,,,,,,,,,,,,,
ltu.mwcap.wnd,mwcap,ltu,wnd,44.80,148.00,3389.00,0.01,0.04,0.01,0.04,,,,,,,,,,,,,,,,,,,,,,,,,,,,,,,,,,,,,,,,,,,,,,,,,,,,,,,,,,,,,,,,,,,,,,,,,,,,,,,,,,,,,,,,,,,
lux.mwcap.sol,mwcap,lux,sol,12.36,33.99,1750.00,0.01,0.02,0.01,0.02,,,,,,,,,,,,,,,,,,,,,,,,,,,,,,,,,,,,,,,,,,,,,,,,,,,,,,,,,,,,,,,,,,,,,,,,,,,,,,,,,,,,,,,,,,,
lux.mwcap.wnd,mwcap,lux,wnd,9.31,55.90,1750.00,0.01,0.03,0.01,0.03,,,,,,,,,,,,,,,,,,,,,,,,,,,,,,,,,,,,,,,,,,,,,,,,,,,,,,,,,,,,,,,,,,,,,,,,,,,,,,,,,,,,,,,,,,,
lva.mwcap.sol,mwcap,lva,sol,0.32,1.27,2923.00,0.00,0.00,0.00,0.00,,,,,,,,,,,,,,,,,,,,,,,,,,,,,,,,,,,,,,,,,,,,,,,,,,,,,,,,,,,,,,,,,,,,,,,,,,,,,,,,,,,,,,,,,,,
lva.mwcap.wnd,mwcap,lva,wnd,4.92,23.00,2923.00,0.00,0.01,0.00,0.01,,,,,,,,,,,,,,,,,,,,,,,,,,,,,,,,,,,,,,,,,,,,,,,,,,,,,,,,,,,,,,,,,,,,,,,,,,,,,,,,,,,,,,,,,,,
mar.mwcap.sol,mwcap,mar,sol,72.06,530.00,10990.00,0.01,0.05,0.01,0.05,,,,,,,,,,,,,,,,,,,,,,,,,,,,,,,,,,,,,,,,,,,,,,,,,,,,,,,,,,,,,,,,,,,,,,,,,,,,,,,,,,,,,,,,,,,
mar.mwcap.wnd,mwcap,mar,wnd,100.40,302.00,10990.00,0.01,0.03,0.01,0.03,,,,,,,,,,,,,,,,,,,,,,,,,,,,,,,,,,,,,,,,,,,,,,,,,,,,,,,,,,,,,,,,,,,,,,,,,,,,,,,,,,,,,,,,,,,
mco.mwcap.sol,mwcap,mco,sol,0.00,0.00, $-   ,NA,NA,NA,NA,,,,,,,,,,,,,,,,,,,,,,,,,,,,,,,,,,,,,,,,,,,,,,,,,,,,,,,,,,,,,,,,,,,,,,,,,,,,,,,,,,,,,,,,,,,
mco.mwcap.wnd,mwcap,mco,wnd,0.00,0.00, $-   ,NA,NA,NA,NA,,,,,,,,,,,,,,,,,,,,,,,,,,,,,,,,,,,,,,,,,,,,,,,,,,,,,,,,,,,,,,,,,,,,,,,,,,,,,,,,,,,,,,,,,,,
mda.mwcap.sol,mwcap,mda,sol,0.30,1.33,3046.00,0.00,0.00,0.00,0.00,,,,,,,,,,,,,,,,,,,,,,,,,,,,,,,,,,,,,,,,,,,,,,,,,,,,,,,,,,,,,,,,,,,,,,,,,,,,,,,,,,,,,,,,,,,
mda.mwcap.wnd,mwcap,mda,wnd,3.30,23.81,3046.00,0.00,0.01,0.00,0.01,,,,,,,,,,,,,,,,,,,,,,,,,,,,,,,,,,,,,,,,,,,,,,,,,,,,,,,,,,,,,,,,,,,,,,,,,,,,,,,,,,,,,,,,,,,
mdg.mwcap.sol,mwcap,mdg,sol,3.19,20.00,819.00,0.00,0.02,0.00,0.02,,,,,,,,,,,,,,,,,,,,,,,,,,,,,,,,,,,,,,,,,,,,,,,,,,,,,,,,,,,,,,,,,,,,,,,,,,,,,,,,,,,,,,,,,,,
mdg.mwcap.wnd,mwcap,mdg,wnd,0.01,0.08,819.00,0.00,0.00,0.00,0.00,,,,,,,,,,,,,,,,,,,,,,,,,,,,,,,,,,,,,,,,,,,,,,,,,,,,,,,,,,,,,,,,,,,,,,,,,,,,,,,,,,,,,,,,,,,
mdv.mwcap.sol,mwcap,mdv,sol,1.34,4.05,287.00,0.00,0.01,0.00,0.01,,,,,,,,,,,,,,,,,,,,,,,,,,,,,,,,,,,,,,,,,,,,,,,,,,,,,,,,,,,,,,,,,,,,,,,,,,,,,,,,,,,,,,,,,,,
mdv.mwcap.wnd,mwcap,mdv,wnd,0.00,0.00,287.00,0.00,0.00,0.00,0.00,,,,,,,,,,,,,,,,,,,,,,,,,,,,,,,,,,,,,,,,,,,,,,,,,,,,,,,,,,,,,,,,,,,,,,,,,,,,,,,,,,,,,,,,,,,
mex.mwcap.sol,mwcap,mex,sol,441.52,1885.21,87436.00,0.01,0.02,0.01,0.02,,,,,,,,,,,,,,,,,,,,,,,,,,,,,,,,,,,,,,,,,,,,,,,,,,,,,,,,,,,,,,,,,,,,,,,,,,,,,,,,,,,,,,,,,,,
mex.mwcap.wnd,mwcap,mex,wnd,616.59,1715.50,87436.00,0.01,0.02,0.01,0.02,,,,,,,,,,,,,,,,,,,,,,,,,,,,,,,,,,,,,,,,,,,,,,,,,,,,,,,,,,,,,,,,,,,,,,,,,,,,,,,,,,,,,,,,,,,
mhl.mwcap.sol,mwcap,mhl,sol,0.14,0.60,30.00,0.00,0.02,0.00,0.02,,,,,,,,,,,,,,,,,,,,,,,,,,,,,,,,,,,,,,,,,,,,,,,,,,,,,,,,,,,,,,,,,,,,,,,,,,,,,,,,,,,,,,,,,,,
mhl.mwcap.wnd,mwcap,mhl,wnd,0.00,0.00,30.00,0.00,0.00,0.00,0.00,,,,,,,,,,,,,,,,,,,,,,,,,,,,,,,,,,,,,,,,,,,,,,,,,,,,,,,,,,,,,,,,,,,,,,,,,,,,,,,,,,,,,,,,,,,
mli.mwcap.sol,mwcap,mli,sol,1.57,5.88,872.00,0.00,0.01,0.00,0.01,,,,,,,,,,,,,,,,,,,,,,,,,,,,,,,,,,,,,,,,,,,,,,,,,,,,,,,,,,,,,,,,,,,,,,,,,,,,,,,,,,,,,,,,,,,
mli.mwcap.wnd,mwcap,mli,wnd,0.00,0.00,872.00,0.00,0.00,0.00,0.00,,,,,,,,,,,,,,,,,,,,,,,,,,,,,,,,,,,,,,,,,,,,,,,,,,,,,,,,,,,,,,,,,,,,,,,,,,,,,,,,,,,,,,,,,,,
mlt.mwcap.sol,mwcap,mlt,sol,15.29,26.10,748.00,0.02,0.03,0.02,0.03,,,,,,,,,,,,,,,,,,,,,,,,,,,,,,,,,,,,,,,,,,,,,,,,,,,,,,,,,,,,,,,,,,,,,,,,,,,,,,,,,,,,,,,,,,,
mlt.mwcap.wnd,mwcap,mlt,wnd,0.01,0.10,748.00,0.00,0.00,0.00,0.00,,,,,,,,,,,,,,,,,,,,,,,,,,,,,,,,,,,,,,,,,,,,,,,,,,,,,,,,,,,,,,,,,,,,,,,,,,,,,,,,,,,,,,,,,,,
mmr.mwcap.sol,mwcap,mmr,sol,8.78,40.44,6386.00,0.00,0.01,0.00,0.01,,,,,,,,,,,,,,,,,,,,,,,,,,,,,,,,,,,,,,,,,,,,,,,,,,,,,,,,,,,,,,,,,,,,,,,,,,,,,,,,,,,,,,,,,,,
mmr.mwcap.wnd,mwcap,mmr,wnd,0.00,0.00,6386.00,0.00,0.00,0.00,0.00,,,,,,,,,,,,,,,,,,,,,,,,,,,,,,,,,,,,,,,,,,,,,,,,,,,,,,,,,,,,,,,,,,,,,,,,,,,,,,,,,,,,,,,,,,,
mne.mwcap.sol,mwcap,mne,sol,0.29,1.04,1004.00,0.00,0.00,0.00,0.00,,,,,,,,,,,,,,,,,,,,,,,,,,,,,,,,,,,,,,,,,,,,,,,,,,,,,,,,,,,,,,,,,,,,,,,,,,,,,,,,,,,,,,,,,,,
mne.mwcap.wnd,mwcap,mne,wnd,11.80,72.00,1004.00,0.01,0.07,0.01,0.07,,,,,,,,,,,,,,,,,,,,,,,,,,,,,,,,,,,,,,,,,,,,,,,,,,,,,,,,,,,,,,,,,,,,,,,,,,,,,,,,,,,,,,,,,,,
mng.mwcap.sol,mwcap,mng,sol,8.54,32.70,1476.00,0.01,0.02,0.01,0.02,,,,,,,,,,,,,,,,,,,,,,,,,,,,,,,,,,,,,,,,,,,,,,,,,,,,,,,,,,,,,,,,,,,,,,,,,,,,,,,,,,,,,,,,,,,
mng.mwcap.wnd,mwcap,mng,wnd,15.55,55.00,1476.00,0.01,0.04,0.01,0.04,,,,,,,,,,,,,,,,,,,,,,,,,,,,,,,,,,,,,,,,,,,,,,,,,,,,,,,,,,,,,,,,,,,,,,,,,,,,,,,,,,,,,,,,,,,
moz.mwcap.sol,mwcap,moz,sol,5.50,40.00,2790.00,0.00,0.01,0.00,0.01,,,,,,,,,,,,,,,,,,,,,,,,,,,,,,,,,,,,,,,,,,,,,,,,,,,,,,,,,,,,,,,,,,,,,,,,,,,,,,,,,,,,,,,,,,,
moz.mwcap.wnd,mwcap,moz,wnd,0.00,0.00,2790.00,0.00,0.00,0.00,0.00,,,,,,,,,,,,,,,,,,,,,,,,,,,,,,,,,,,,,,,,,,,,,,,,,,,,,,,,,,,,,,,,,,,,,,,,,,,,,,,,,,,,,,,,,,,
mrt.mwcap.sol,mwcap,mrt,sol,8.75,52.08,581.00,0.02,0.09,0.02,0.09,,,,,,,,,,,,,,,,,,,,,,,,,,,,,,,,,,,,,,,,,,,,,,,,,,,,,,,,,,,,,,,,,,,,,,,,,,,,,,,,,,,,,,,,,,,
mrt.mwcap.wnd,mwcap,mrt,wnd,3.44,30.00,581.00,0.01,0.05,0.01,0.05,,,,,,,,,,,,,,,,,,,,,,,,,,,,,,,,,,,,,,,,,,,,,,,,,,,,,,,,,,,,,,,,,,,,,,,,,,,,,,,,,,,,,,,,,,,
msr.mwcap.sol,mwcap,msr,sol,0.03,0.25,7.00,0.00,0.03,0.00,0.03,,,,,,,,,,,,,,,,,,,,,,,,,,,,,,,,,,,,,,,,,,,,,,,,,,,,,,,,,,,,,,,,,,,,,,,,,,,,,,,,,,,,,,,,,,,
msr.mwcap.wnd,mwcap,msr,wnd,0.00,0.00,7.00,0.00,0.00,0.00,0.00,,,,,,,,,,,,,,,,,,,,,,,,,,,,,,,,,,,,,,,,,,,,,,,,,,,,,,,,,,,,,,,,,,,,,,,,,,,,,,,,,,,,,,,,,,,
mus.mwcap.sol,mwcap,mus,sol,8.35,38.65,856.00,0.01,0.05,0.01,0.05,,,,,,,,,,,,,,,,,,,,,,,,,,,,,,,,,,,,,,,,,,,,,,,,,,,,,,,,,,,,,,,,,,,,,,,,,,,,,,,,,,,,,,,,,,,
mus.mwcap.wnd,mwcap,mus,wnd,0.99,9.37,856.00,0.00,0.01,0.00,0.01,,,,,,,,,,,,,,,,,,,,,,,,,,,,,,,,,,,,,,,,,,,,,,,,,,,,,,,,,,,,,,,,,,,,,,,,,,,,,,,,,,,,,,,,,,,
mwi.mwcap.sol,mwcap,mwi,sol,2.23,7.08,539.00,0.00,0.01,0.00,0.01,,,,,,,,,,,,,,,,,,,,,,,,,,,,,,,,,,,,,,,,,,,,,,,,,,,,,,,,,,,,,,,,,,,,,,,,,,,,,,,,,,,,,,,,,,,
mwi.mwcap.wnd,mwcap,mwi,wnd,0.00,0.00,539.00,0.00,0.00,0.00,0.00,,,,,,,,,,,,,,,,,,,,,,,,,,,,,,,,,,,,,,,,,,,,,,,,,,,,,,,,,,,,,,,,,,,,,,,,,,,,,,,,,,,,,,,,,,,
mys.mwcap.sol,mwcap,mys,sol,88.15,346.00,35771.00,0.00,0.01,0.00,0.01,,,,,,,,,,,,,,,,,,,,,,,,,,,,,,,,,,,,,,,,,,,,,,,,,,,,,,,,,,,,,,,,,,,,,,,,,,,,,,,,,,,,,,,,,,,
mys.mwcap.wnd,mwcap,mys,wnd,0.00,0.00,35771.00,0.00,0.00,0.00,0.00,,,,,,,,,,,,,,,,,,,,,,,,,,,,,,,,,,,,,,,,,,,,,,,,,,,,,,,,,,,,,,,,,,,,,,,,,,,,,,,,,,,,,,,,,,,
nam.mwcap.sol,mwcap,nam,sol,13.13,47.44,671.00,0.02,0.07,0.02,0.07,,,,,,,,,,,,,,,,,,,,,,,,,,,,,,,,,,,,,,,,,,,,,,,,,,,,,,,,,,,,,,,,,,,,,,,,,,,,,,,,,,,,,,,,,,,
nam.mwcap.wnd,mwcap,nam,wnd,0.50,5.01,671.00,0.00,0.01,0.00,0.01,,,,,,,,,,,,,,,,,,,,,,,,,,,,,,,,,,,,,,,,,,,,,,,,,,,,,,,,,,,,,,,,,,,,,,,,,,,,,,,,,,,,,,,,,,,
ncl.mwcap.sol,mwcap,ncl,sol,5.82,26.00,990.00,0.01,0.03,0.01,0.03,,,,,,,,,,,,,,,,,,,,,,,,,,,,,,,,,,,,,,,,,,,,,,,,,,,,,,,,,,,,,,,,,,,,,,,,,,,,,,,,,,,,,,,,,,,
ncl.mwcap.wnd,mwcap,ncl,wnd,0.03,0.28,990.00,0.00,0.00,0.00,0.00,,,,,,,,,,,,,,,,,,,,,,,,,,,,,,,,,,,,,,,,,,,,,,,,,,,,,,,,,,,,,,,,,,,,,,,,,,,,,,,,,,,,,,,,,,,
ner.mwcap.sol,mwcap,ner,sol,2.58,18.00,277.00,0.01,0.06,0.01,0.06,,,,,,,,,,,,,,,,,,,,,,,,,,,,,,,,,,,,,,,,,,,,,,,,,,,,,,,,,,,,,,,,,,,,,,,,,,,,,,,,,,,,,,,,,,,
ner.mwcap.wnd,mwcap,ner,wnd,0.00,0.00,277.00,0.00,0.00,0.00,0.00,,,,,,,,,,,,,,,,,,,,,,,,,,,,,,,,,,,,,,,,,,,,,,,,,,,,,,,,,,,,,,,,,,,,,,,,,,,,,,,,,,,,,,,,,,,
nga.mwcap.sol,mwcap,nga,sol,2.80,15.20,13089.00,0.00,0.00,0.00,0.00,,,,,,,,,,,,,,,,,,,,,,,,,,,,,,,,,,,,,,,,,,,,,,,,,,,,,,,,,,,,,,,,,,,,,,,,,,,,,,,,,,,,,,,,,,,
nga.mwcap.wnd,mwcap,nga,wnd,0.10,1.00,13089.00,0.00,0.00,0.00,0.00,,,,,,,,,,,,,,,,,,,,,,,,,,,,,,,,,,,,,,,,,,,,,,,,,,,,,,,,,,,,,,,,,,,,,,,,,,,,,,,,,,,,,,,,,,,
nic.mwcap.sol,mwcap,nic,sol,1.64,12.58,1620.00,0.00,0.01,0.00,0.01,,,,,,,,,,,,,,,,,,,,,,,,,,,,,,,,,,,,,,,,,,,,,,,,,,,,,,,,,,,,,,,,,,,,,,,,,,,,,,,,,,,,,,,,,,,
nic.mwcap.wnd,mwcap,nic,wnd,14.63,82.73,1620.00,0.01,0.05,0.01,0.05,,,,,,,,,,,,,,,,,,,,,,,,,,,,,,,,,,,,,,,,,,,,,,,,,,,,,,,,,,,,,,,,,,,,,,,,,,,,,,,,,,,,,,,,,,,
nld.mwcap.sol,mwcap,nld,sol,665.60,2203.00,34435.00,0.02,0.06,0.02,0.06,,,,,,,,,,,,,,,,,,,,,,,,,,,,,,,,,,,,,,,,,,,,,,,,,,,,,,,,,,,,,,,,,,,,,,,,,,,,,,,,,,,,,,,,,,,
nld.mwcap.wnd,mwcap,nld,wnd,224.05,866.00,34435.00,0.01,0.03,0.01,0.03,,,,,,,,,,,,,,,,,,,,,,,,,,,,,,,,,,,,,,,,,,,,,,,,,,,,,,,,,,,,,,,,,,,,,,,,,,,,,,,,,,,,,,,,,,,
nor.mwcap.sol,mwcap,nor,sol,8.17,23.50,36235.00,0.00,0.00,0.00,0.00,,,,,,,,,,,,,,,,,,,,,,,,,,,,,,,,,,,,,,,,,,,,,,,,,,,,,,,,,,,,,,,,,,,,,,,,,,,,,,,,,,,,,,,,,,,
nor.mwcap.wnd,mwcap,nor,wnd,202.13,1237.30,36235.00,0.01,0.03,0.01,0.03,,,,,,,,,,,,,,,,,,,,,,,,,,,,,,,,,,,,,,,,,,,,,,,,,,,,,,,,,,,,,,,,,,,,,,,,,,,,,,,,,,,,,,,,,,,
npl.mwcap.sol,mwcap,npl,sol,5.05,40.72,1290.00,0.00,0.03,0.00,0.03,,,,,,,,,,,,,,,,,,,,,,,,,,,,,,,,,,,,,,,,,,,,,,,,,,,,,,,,,,,,,,,,,,,,,,,,,,,,,,,,,,,,,,,,,,,
npl.mwcap.wnd,mwcap,npl,wnd,0.02,0.10,1290.00,0.00,0.00,0.00,0.00,,,,,,,,,,,,,,,,,,,,,,,,,,,,,,,,,,,,,,,,,,,,,,,,,,,,,,,,,,,,,,,,,,,,,,,,,,,,,,,,,,,,,,,,,,,
nru.mwcap.sol,mwcap,nru,sol,0.08,0.50,18.00,0.00,0.03,0.00,0.03,,,,,,,,,,,,,,,,,,,,,,,,,,,,,,,,,,,,,,,,,,,,,,,,,,,,,,,,,,,,,,,,,,,,,,,,,,,,,,,,,,,,,,,,,,,
nru.mwcap.wnd,mwcap,nru,wnd,0.00,0.00,18.00,0.00,0.00,0.00,0.00,,,,,,,,,,,,,,,,,,,,,,,,,,,,,,,,,,,,,,,,,,,,,,,,,,,,,,,,,,,,,,,,,,,,,,,,,,,,,,,,,,,,,,,,,,,
nzl.mwcap.sol,mwcap,nzl,sol,11.17,24.92,9369.00,0.00,0.00,0.00,0.00,,,,,,,,,,,,,,,,,,,,,,,,,,,,,,,,,,,,,,,,,,,,,,,,,,,,,,,,,,,,,,,,,,,,,,,,,,,,,,,,,,,,,,,,,,,
nzl.mwcap.wnd,mwcap,nzl,wnd,19.30,99.00,9369.00,0.00,0.01,0.00,0.01,,,,,,,,,,,,,,,,,,,,,,,,,,,,,,,,,,,,,,,,,,,,,,,,,,,,,,,,,,,,,,,,,,,,,,,,,,,,,,,,,,,,,,,,,,,
omn.mwcap.sol,mwcap,omn,sol,0.83,6.00,12050.00,0.00,0.00,0.00,0.00,,,,,,,,,,,,,,,,,,,,,,,,,,,,,,,,,,,,,,,,,,,,,,,,,,,,,,,,,,,,,,,,,,,,,,,,,,,,,,,,,,,,,,,,,,,
omn.mwcap.wnd,mwcap,omn,wnd,0.00,0.00,12050.00,0.00,0.00,0.00,0.00,,,,,,,,,,,,,,,,,,,,,,,,,,,,,,,,,,,,,,,,,,,,,,,,,,,,,,,,,,,,,,,,,,,,,,,,,,,,,,,,,,,,,,,,,,,
pak.mwcap.sol,mwcap,pak,sol,132.52,472.89,39918.00,0.00,0.01,0.00,0.01,,,,,,,,,,,,,,,,,,,,,,,,,,,,,,,,,,,,,,,,,,,,,,,,,,,,,,,,,,,,,,,,,,,,,,,,,,,,,,,,,,,,,,,,,,,
pak.mwcap.wnd,mwcap,pak,wnd,122.99,396.70,39918.00,0.00,0.01,0.00,0.01,,,,,,,,,,,,,,,,,,,,,,,,,,,,,,,,,,,,,,,,,,,,,,,,,,,,,,,,,,,,,,,,,,,,,,,,,,,,,,,,,,,,,,,,,,,
pan.mwcap.sol,mwcap,pan,sol,19.64,53.70,4115.00,0.00,0.01,0.00,0.01,,,,,,,,,,,,,,,,,,,,,,,,,,,,,,,,,,,,,,,,,,,,,,,,,,,,,,,,,,,,,,,,,,,,,,,,,,,,,,,,,,,,,,,,,,,
pan.mwcap.wnd,mwcap,pan,wnd,27.00,197.50,4115.00,0.01,0.05,0.01,0.05,,,,,,,,,,,,,,,,,,,,,,,,,,,,,,,,,,,,,,,,,,,,,,,,,,,,,,,,,,,,,,,,,,,,,,,,,,,,,,,,,,,,,,,,,,,
per.mwcap.sol,mwcap,per,sol,31.65,170.78,15011.00,0.00,0.01,0.00,0.01,,,,,,,,,,,,,,,,,,,,,,,,,,,,,,,,,,,,,,,,,,,,,,,,,,,,,,,,,,,,,,,,,,,,,,,,,,,,,,,,,,,,,,,,,,,
per.mwcap.wnd,mwcap,per,wnd,37.15,142.00,15011.00,0.00,0.01,0.00,0.01,,,,,,,,,,,,,,,,,,,,,,,,,,,,,,,,,,,,,,,,,,,,,,,,,,,,,,,,,,,,,,,,,,,,,,,,,,,,,,,,,,,,,,,,,,,
phl.mwcap.sol,mwcap,phl,sol,92.14,609.69,25562.00,0.00,0.02,0.00,0.02,,,,,,,,,,,,,,,,,,,,,,,,,,,,,,,,,,,,,,,,,,,,,,,,,,,,,,,,,,,,,,,,,,,,,,,,,,,,,,,,,,,,,,,,,,,
phl.mwcap.wnd,mwcap,phl,wnd,39.39,303.90,25562.00,0.00,0.01,0.00,0.01,,,,,,,,,,,,,,,,,,,,,,,,,,,,,,,,,,,,,,,,,,,,,,,,,,,,,,,,,,,,,,,,,,,,,,,,,,,,,,,,,,,,,,,,,,,
plw.mwcap.sol,mwcap,plw,sol,0.10,0.37,33.00,0.00,0.01,0.00,0.01,,,,,,,,,,,,,,,,,,,,,,,,,,,,,,,,,,,,,,,,,,,,,,,,,,,,,,,,,,,,,,,,,,,,,,,,,,,,,,,,,,,,,,,,,,,
plw.mwcap.wnd,mwcap,plw,wnd,0.00,0.00,33.00,0.00,0.00,0.00,0.00,,,,,,,,,,,,,,,,,,,,,,,,,,,,,,,,,,,,,,,,,,,,,,,,,,,,,,,,,,,,,,,,,,,,,,,,,,,,,,,,,,,,,,,,,,,
png.mwcap.sol,mwcap,png,sol,0.09,0.54,1037.00,0.00,0.00,0.00,0.00,,,,,,,,,,,,,,,,,,,,,,,,,,,,,,,,,,,,,,,,,,,,,,,,,,,,,,,,,,,,,,,,,,,,,,,,,,,,,,,,,,,,,,,,,,,
png.mwcap.wnd,mwcap,png,wnd,0.00,0.00,1037.00,0.00,0.00,0.00,0.00,,,,,,,,,,,,,,,,,,,,,,,,,,,,,,,,,,,,,,,,,,,,,,,,,,,,,,,,,,,,,,,,,,,,,,,,,,,,,,,,,,,,,,,,,,,
pol.mwcap.sol,mwcap,pol,sol,129.96,737.62,45791.00,0.00,0.02,0.00,0.02,,,,,,,,,,,,,,,,,,,,,,,,,,,,,,,,,,,,,,,,,,,,,,,,,,,,,,,,,,,,,,,,,,,,,,,,,,,,,,,,,,,,,,,,,,,
pol.mwcap.wnd,mwcap,pol,wnd,520.80,1050.00,45791.00,0.01,0.02,0.01,0.02,,,,,,,,,,,,,,,,,,,,,,,,,,,,,,,,,,,,,,,,,,,,,,,,,,,,,,,,,,,,,,,,,,,,,,,,,,,,,,,,,,,,,,,,,,,
prk.mwcap.sol,mwcap,prk,sol,4.11,11.84,8192.00,0.00,0.00,0.00,0.00,,,,,,,,,,,,,,,,,,,,,,,,,,,,,,,,,,,,,,,,,,,,,,,,,,,,,,,,,,,,,,,,,,,,,,,,,,,,,,,,,,,,,,,,,,,
prk.mwcap.wnd,mwcap,prk,wnd,0.04,0.40,8192.00,0.00,0.00,0.00,0.00,,,,,,,,,,,,,,,,,,,,,,,,,,,,,,,,,,,,,,,,,,,,,,,,,,,,,,,,,,,,,,,,,,,,,,,,,,,,,,,,,,,,,,,,,,,
prt.mwcap.sol,mwcap,prt,sol,72.66,160.15,21500.00,0.00,0.01,0.00,0.01,,,,,,,,,,,,,,,,,,,,,,,,,,,,,,,,,,,,,,,,,,,,,,,,,,,,,,,,,,,,,,,,,,,,,,,,,,,,,,,,,,,,,,,,,,,
prt.mwcap.wnd,mwcap,prt,wnd,190.74,470.00,21500.00,0.01,0.02,0.01,0.02,,,,,,,,,,,,,,,,,,,,,,,,,,,,,,,,,,,,,,,,,,,,,,,,,,,,,,,,,,,,,,,,,,,,,,,,,,,,,,,,,,,,,,,,,,,
pry.mwcap.sol,mwcap,pry,sol,0.01,0.05,8858.00,0.00,0.00,0.00,0.00,,,,,,,,,,,,,,,,,,,,,,,,,,,,,,,,,,,,,,,,,,,,,,,,,,,,,,,,,,,,,,,,,,,,,,,,,,,,,,,,,,,,,,,,,,,
pry.mwcap.wnd,mwcap,pry,wnd,0.00,0.00,8858.00,0.00,0.00,0.00,0.00,,,,,,,,,,,,,,,,,,,,,,,,,,,,,,,,,,,,,,,,,,,,,,,,,,,,,,,,,,,,,,,,,,,,,,,,,,,,,,,,,,,,,,,,,,,
pse.mwcap.sol,mwcap,pse,sol,4.75,13.00,188.00,0.03,0.07,0.03,0.07,,,,,,,,,,,,,,,,,,,,,,,,,,,,,,,,,,,,,,,,,,,,,,,,,,,,,,,,,,,,,,,,,,,,,,,,,,,,,,,,,,,,,,,,,,,
pse.mwcap.wnd,mwcap,pse,wnd,0.00,0.00,188.00,0.00,0.00,0.00,0.00,,,,,,,,,,,,,,,,,,,,,,,,,,,,,,,,,,,,,,,,,,,,,,,,,,,,,,,,,,,,,,,,,,,,,,,,,,,,,,,,,,,,,,,,,,,
pyf.mwcap.sol,mwcap,pyf,sol,3.67,8.10,297.00,0.01,0.03,0.01,0.03,,,,,,,,,,,,,,,,,,,,,,,,,,,,,,,,,,,,,,,,,,,,,,,,,,,,,,,,,,,,,,,,,,,,,,,,,,,,,,,,,,,,,,,,,,,
pyf.mwcap.wnd,mwcap,pyf,wnd,-0.01,0.00,297.00,0.00,0.00,0.00,0.00,,,,,,,,,,,,,,,,,,,,,,,,,,,,,,,,,,,,,,,,,,,,,,,,,,,,,,,,,,,,,,,,,,,,,,,,,,,,,,,,,,,,,,,,,,,
qat.mwcap.sol,mwcap,qat,sol,0.51,1.68,13142.00,0.00,0.00,0.00,0.00,,,,,,,,,,,,,,,,,,,,,,,,,,,,,,,,,,,,,,,,,,,,,,,,,,,,,,,,,,,,,,,,,,,,,,,,,,,,,,,,,,,,,,,,,,,
qat.mwcap.wnd,mwcap,qat,wnd,0.00,0.00,13142.00,0.00,0.00,0.00,0.00,,,,,,,,,,,,,,,,,,,,,,,,,,,,,,,,,,,,,,,,,,,,,,,,,,,,,,,,,,,,,,,,,,,,,,,,,,,,,,,,,,,,,,,,,,,
rou.mwcap.sol,mwcap,rou,sol,138.61,720.00,23064.00,0.01,0.03,0.01,0.03,,,,,,,,,,,,,,,,,,,,,,,,,,,,,,,,,,,,,,,,,,,,,,,,,,,,,,,,,,,,,,,,,,,,,,,,,,,,,,,,,,,,,,,,,,,
rou.mwcap.wnd,mwcap,rou,wnd,302.49,951.00,23064.00,0.01,0.04,0.01,0.04,,,,,,,,,,,,,,,,,,,,,,,,,,,,,,,,,,,,,,,,,,,,,,,,,,,,,,,,,,,,,,,,,,,,,,,,,,,,,,,,,,,,,,,,,,,
rus.mwcap.sol,mwcap,rus,sol,106.38,528.50,274178.00,0.00,0.00,0.00,0.00,,,,,,,,,,,,,,,,,,,,,,,,,,,,,,,,,,,,,,,,,,,,,,,,,,,,,,,,,,,,,,,,,,,,,,,,,,,,,,,,,,,,,,,,,,,
rus.mwcap.wnd,mwcap,rus,wnd,9.19,50.00,274178.00,0.00,0.00,0.00,0.00,,,,,,,,,,,,,,,,,,,,,,,,,,,,,,,,,,,,,,,,,,,,,,,,,,,,,,,,,,,,,,,,,,,,,,,,,,,,,,,,,,,,,,,,,,,
rwa.mwcap.sol,mwcap,rwa,sol,3.72,10.33,255.00,0.01,0.04,0.01,0.04,,,,,,,,,,,,,,,,,,,,,,,,,,,,,,,,,,,,,,,,,,,,,,,,,,,,,,,,,,,,,,,,,,,,,,,,,,,,,,,,,,,,,,,,,,,
rwa.mwcap.wnd,mwcap,rwa,wnd,0.00,0.00,255.00,0.00,0.00,0.00,0.00,,,,,,,,,,,,,,,,,,,,,,,,,,,,,,,,,,,,,,,,,,,,,,,,,,,,,,,,,,,,,,,,,,,,,,,,,,,,,,,,,,,,,,,,,,,
sau.mwcap.sol,mwcap,sau,sol,39.40,310.00,77335.00,0.00,0.00,0.00,0.00,,,,,,,,,,,,,,,,,,,,,,,,,,,,,,,,,,,,,,,,,,,,,,,,,,,,,,,,,,,,,,,,,,,,,,,,,,,,,,,,,,,,,,,,,,,
sau.mwcap.wnd,mwcap,sau,wnd,0.28,2.75,77335.00,0.00,0.00,0.00,0.00,,,,,,,,,,,,,,,,,,,,,,,,,,,,,,,,,,,,,,,,,,,,,,,,,,,,,,,,,,,,,,,,,,,,,,,,,,,,,,,,,,,,,,,,,,,
sdn.mwcap.sol,mwcap,sdn,sol,1.77,5.70,3891.00,0.00,0.00,0.00,0.00,,,,,,,,,,,,,,,,,,,,,,,,,,,,,,,,,,,,,,,,,,,,,,,,,,,,,,,,,,,,,,,,,,,,,,,,,,,,,,,,,,,,,,,,,,,
sdn.mwcap.wnd,mwcap,sdn,wnd,0.00,0.00,3891.00,0.00,0.00,0.00,0.00,,,,,,,,,,,,,,,,,,,,,,,,,,,,,,,,,,,,,,,,,,,,,,,,,,,,,,,,,,,,,,,,,,,,,,,,,,,,,,,,,,,,,,,,,,,
sen.mwcap.sol,mwcap,sen,sol,13.14,70.00,1075.00,0.01,0.07,0.01,0.07,,,,,,,,,,,,,,,,,,,,,,,,,,,,,,,,,,,,,,,,,,,,,,,,,,,,,,,,,,,,,,,,,,,,,,,,,,,,,,,,,,,,,,,,,,,
sen.mwcap.wnd,mwcap,sen,wnd,5.00,50.00,1075.00,0.00,0.05,0.00,0.05,,,,,,,,,,,,,,,,,,,,,,,,,,,,,,,,,,,,,,,,,,,,,,,,,,,,,,,,,,,,,,,,,,,,,,,,,,,,,,,,,,,,,,,,,,,
sgp.mwcap.sol,mwcap,sgp,sol,25.38,95.00,13831.00,0.00,0.01,0.00,0.01,,,,,,,,,,,,,,,,,,,,,,,,,,,,,,,,,,,,,,,,,,,,,,,,,,,,,,,,,,,,,,,,,,,,,,,,,,,,,,,,,,,,,,,,,,,
sgp.mwcap.wnd,mwcap,sgp,wnd,0.01,0.10,13831.00,0.00,0.00,0.00,0.00,,,,,,,,,,,,,,,,,,,,,,,,,,,,,,,,,,,,,,,,,,,,,,,,,,,,,,,,,,,,,,,,,,,,,,,,,,,,,,,,,,,,,,,,,,,
slb.mwcap.sol,mwcap,slb,sol,0.25,1.03,67.00,0.00,0.02,0.00,0.02,,,,,,,,,,,,,,,,,,,,,,,,,,,,,,,,,,,,,,,,,,,,,,,,,,,,,,,,,,,,,,,,,,,,,,,,,,,,,,,,,,,,,,,,,,,
slb.mwcap.wnd,mwcap,slb,wnd,0.00,0.00,67.00,0.00,0.00,0.00,0.00,,,,,,,,,,,,,,,,,,,,,,,,,,,,,,,,,,,,,,,,,,,,,,,,,,,,,,,,,,,,,,,,,,,,,,,,,,,,,,,,,,,,,,,,,,,
sle.mwcap.sol,mwcap,sle,sol,0.42,3.35,298.00,0.00,0.01,0.00,0.01,,,,,,,,,,,,,,,,,,,,,,,,,,,,,,,,,,,,,,,,,,,,,,,,,,,,,,,,,,,,,,,,,,,,,,,,,,,,,,,,,,,,,,,,,,,
sle.mwcap.wnd,mwcap,sle,wnd,0.00,0.00,298.00,0.00,0.00,0.00,0.00,,,,,,,,,,,,,,,,,,,,,,,,,,,,,,,,,,,,,,,,,,,,,,,,,,,,,,,,,,,,,,,,,,,,,,,,,,,,,,,,,,,,,,,,,,,
slv.mwcap.sol,mwcap,slv,sol,39.14,185.17,2231.00,0.02,0.08,0.02,0.08,,,,,,,,,,,,,,,,,,,,,,,,,,,,,,,,,,,,,,,,,,,,,,,,,,,,,,,,,,,,,,,,,,,,,,,,,,,,,,,,,,,,,,,,,,,
slv.mwcap.wnd,mwcap,slv,wnd,0.00,0.00,2231.00,0.00,0.00,0.00,0.00,,,,,,,,,,,,,,,,,,,,,,,,,,,,,,,,,,,,,,,,,,,,,,,,,,,,,,,,,,,,,,,,,,,,,,,,,,,,,,,,,,,,,,,,,,,
som.mwcap.sol,mwcap,som,sol,0.71,4.50,111.00,0.01,0.04,0.01,0.04,,,,,,,,,,,,,,,,,,,,,,,,,,,,,,,,,,,,,,,,,,,,,,,,,,,,,,,,,,,,,,,,,,,,,,,,,,,,,,,,,,,,,,,,,,,
som.mwcap.wnd,mwcap,som,wnd,0.36,2.20,111.00,0.00,0.02,0.00,0.02,,,,,,,,,,,,,,,,,,,,,,,,,,,,,,,,,,,,,,,,,,,,,,,,,,,,,,,,,,,,,,,,,,,,,,,,,,,,,,,,,,,,,,,,,,,
srb.mwcap.sol,mwcap,srb,sol,0.88,3.00,7838.00,0.00,0.00,0.00,0.00,,,,,,,,,,,,,,,,,,,,,,,,,,,,,,,,,,,,,,,,,,,,,,,,,,,,,,,,,,,,,,,,,,,,,,,,,,,,,,,,,,,,,,,,,,,
srb.mwcap.wnd,mwcap,srb,wnd,35.65,331.50,7838.00,0.00,0.04,0.00,0.04,,,,,,,,,,,,,,,,,,,,,,,,,,,,,,,,,,,,,,,,,,,,,,,,,,,,,,,,,,,,,,,,,,,,,,,,,,,,,,,,,,,,,,,,,,,
ssd.mwcap.sol,mwcap,ssd,sol,0.06,0.27,205.00,0.00,0.00,0.00,0.00,,,,,,,,,,,,,,,,,,,,,,,,,,,,,,,,,,,,,,,,,,,,,,,,,,,,,,,,,,,,,,,,,,,,,,,,,,,,,,,,,,,,,,,,,,,
ssd.mwcap.wnd,mwcap,ssd,wnd,0.00,0.00,205.00,0.00,0.00,0.00,0.00,,,,,,,,,,,,,,,,,,,,,,,,,,,,,,,,,,,,,,,,,,,,,,,,,,,,,,,,,,,,,,,,,,,,,,,,,,,,,,,,,,,,,,,,,,,
stp.mwcap.sol,mwcap,stp,sol,0.03,0.16,48.00,0.00,0.00,0.00,0.00,,,,,,,,,,,,,,,,,,,,,,,,,,,,,,,,,,,,,,,,,,,,,,,,,,,,,,,,,,,,,,,,,,,,,,,,,,,,,,,,,,,,,,,,,,,
stp.mwcap.wnd,mwcap,stp,wnd,0.00,0.00,48.00,0.00,0.00,0.00,0.00,,,,,,,,,,,,,,,,,,,,,,,,,,,,,,,,,,,,,,,,,,,,,,,,,,,,,,,,,,,,,,,,,,,,,,,,,,,,,,,,,,,,,,,,,,,
sur.mwcap.sol,mwcap,sur,sol,0.74,5.25,534.00,0.00,0.01,0.00,0.01,,,,,,,,,,,,,,,,,,,,,,,,,,,,,,,,,,,,,,,,,,,,,,,,,,,,,,,,,,,,,,,,,,,,,,,,,,,,,,,,,,,,,,,,,,,
sur.mwcap.wnd,mwcap,sur,wnd,0.00,0.00,534.00,0.00,0.00,0.00,0.00,,,,,,,,,,,,,,,,,,,,,,,,,,,,,,,,,,,,,,,,,,,,,,,,,,,,,,,,,,,,,,,,,,,,,,,,,,,,,,,,,,,,,,,,,,,
svk.mwcap.sol,mwcap,svk,sol,47.20,477.00,7625.00,0.01,0.06,0.01,0.06,,,,,,,,,,,,,,,,,,,,,,,,,,,,,,,,,,,,,,,,,,,,,,,,,,,,,,,,,,,,,,,,,,,,,,,,,,,,,,,,,,,,,,,,,,,
svk.mwcap.wnd,mwcap,svk,wnd,0.00,2.00,7625.00,0.00,0.00,0.00,0.00,,,,,,,,,,,,,,,,,,,,,,,,,,,,,,,,,,,,,,,,,,,,,,,,,,,,,,,,,,,,,,,,,,,,,,,,,,,,,,,,,,,,,,,,,,,
svn.mwcap.sol,mwcap,svn,sol,21.82,85.00,3772.00,0.01,0.02,0.01,0.02,,,,,,,,,,,,,,,,,,,,,,,,,,,,,,,,,,,,,,,,,,,,,,,,,,,,,,,,,,,,,,,,,,,,,,,,,,,,,,,,,,,,,,,,,,,
svn.mwcap.wnd,mwcap,svn,wnd,0.52,4.00,3772.00,0.00,0.00,0.00,0.00,,,,,,,,,,,,,,,,,,,,,,,,,,,,,,,,,,,,,,,,,,,,,,,,,,,,,,,,,,,,,,,,,,,,,,,,,,,,,,,,,,,,,,,,,,,
swe.mwcap.sol,mwcap,swe,sol,63.52,249.00,42175.00,0.00,0.01,0.00,0.01,,,,,,,,,,,,,,,,,,,,,,,,,,,,,,,,,,,,,,,,,,,,,,,,,,,,,,,,,,,,,,,,,,,,,,,,,,,,,,,,,,,,,,,,,,,
swe.mwcap.wnd,mwcap,swe,wnd,741.30,1588.00,42175.00,0.02,0.04,0.02,0.04,,,,,,,,,,,,,,,,,,,,,,,,,,,,,,,,,,,,,,,,,,,,,,,,,,,,,,,,,,,,,,,,,,,,,,,,,,,,,,,,,,,,,,,,,,,
syc.mwcap.sol,mwcap,syc,sol,0.35,0.85,126.00,0.00,0.01,0.00,0.01,,,,,,,,,,,,,,,,,,,,,,,,,,,,,,,,,,,,,,,,,,,,,,,,,,,,,,,,,,,,,,,,,,,,,,,,,,,,,,,,,,,,,,,,,,,
syc.mwcap.wnd,mwcap,syc,wnd,0.60,6.00,126.00,0.00,0.05,0.00,0.05,,,,,,,,,,,,,,,,,,,,,,,,,,,,,,,,,,,,,,,,,,,,,,,,,,,,,,,,,,,,,,,,,,,,,,,,,,,,,,,,,,,,,,,,,,,
syr.mwcap.sol,mwcap,syr,sol,0.25,1.25,9856.00,0.00,0.00,0.00,0.00,,,,,,,,,,,,,,,,,,,,,,,,,,,,,,,,,,,,,,,,,,,,,,,,,,,,,,,,,,,,,,,,,,,,,,,,,,,,,,,,,,,,,,,,,,,
syr.mwcap.wnd,mwcap,syr,wnd,0.00,0.00,9856.00,0.00,0.00,0.00,0.00,,,,,,,,,,,,,,,,,,,,,,,,,,,,,,,,,,,,,,,,,,,,,,,,,,,,,,,,,,,,,,,,,,,,,,,,,,,,,,,,,,,,,,,,,,,
tca.mwcap.sol,mwcap,tca,sol,0.09,0.50,92.00,0.00,0.01,0.00,0.01,,,,,,,,,,,,,,,,,,,,,,,,,,,,,,,,,,,,,,,,,,,,,,,,,,,,,,,,,,,,,,,,,,,,,,,,,,,,,,,,,,,,,,,,,,,
tca.mwcap.wnd,mwcap,tca,wnd,0.00,0.00,92.00,0.00,0.00,0.00,0.00,,,,,,,,,,,,,,,,,,,,,,,,,,,,,,,,,,,,,,,,,,,,,,,,,,,,,,,,,,,,,,,,,,,,,,,,,,,,,,,,,,,,,,,,,,,
tcd.mwcap.sol,mwcap,tcd,sol,0.02,0.12,87.00,0.00,0.00,0.00,0.00,,,,,,,,,,,,,,,,,,,,,,,,,,,,,,,,,,,,,,,,,,,,,,,,,,,,,,,,,,,,,,,,,,,,,,,,,,,,,,,,,,,,,,,,,,,
tcd.mwcap.wnd,mwcap,tcd,wnd,0.11,1.10,87.00,0.00,0.01,0.00,0.01,,,,,,,,,,,,,,,,,,,,,,,,,,,,,,,,,,,,,,,,,,,,,,,,,,,,,,,,,,,,,,,,,,,,,,,,,,,,,,,,,,,,,,,,,,,
tgo.mwcap.sol,mwcap,tgo,sol,0.30,1.04,228.00,0.00,0.00,0.00,0.00,,,,,,,,,,,,,,,,,,,,,,,,,,,,,,,,,,,,,,,,,,,,,,,,,,,,,,,,,,,,,,,,,,,,,,,,,,,,,,,,,,,,,,,,,,,
tgo.mwcap.wnd,mwcap,tgo,wnd,0.00,0.00,228.00,0.00,0.00,0.00,0.00,,,,,,,,,,,,,,,,,,,,,,,,,,,,,,,,,,,,,,,,,,,,,,,,,,,,,,,,,,,,,,,,,,,,,,,,,,,,,,,,,,,,,,,,,,,
tha.mwcap.sol,mwcap,tha,sol,295.04,1026.50,52501.00,0.01,0.02,0.01,0.02,,,,,,,,,,,,,,,,,,,,,,,,,,,,,,,,,,,,,,,,,,,,,,,,,,,,,,,,,,,,,,,,,,,,,,,,,,,,,,,,,,,,,,,,,,,
tha.mwcap.wnd,mwcap,tha,wnd,150.17,475.00,52501.00,0.00,0.01,0.00,0.01,,,,,,,,,,,,,,,,,,,,,,,,,,,,,,,,,,,,,,,,,,,,,,,,,,,,,,,,,,,,,,,,,,,,,,,,,,,,,,,,,,,,,,,,,,,
tjk.mwcap.sol,mwcap,tjk,sol,0.00,0.00,5991.00,0.00,0.00,0.00,0.00,,,,,,,,,,,,,,,,,,,,,,,,,,,,,,,,,,,,,,,,,,,,,,,,,,,,,,,,,,,,,,,,,,,,,,,,,,,,,,,,,,,,,,,,,,,
tjk.mwcap.wnd,mwcap,tjk,wnd,0.00,0.00,5991.00,0.00,0.00,0.00,0.00,,,,,,,,,,,,,,,,,,,,,,,,,,,,,,,,,,,,,,,,,,,,,,,,,,,,,,,,,,,,,,,,,,,,,,,,,,,,,,,,,,,,,,,,,,,
tkm.mwcap.sol,mwcap,tkm,sol,0.00,0.00,7008.00,0.00,0.00,0.00,0.00,,,,,,,,,,,,,,,,,,,,,,,,,,,,,,,,,,,,,,,,,,,,,,,,,,,,,,,,,,,,,,,,,,,,,,,,,,,,,,,,,,,,,,,,,,,
tkm.mwcap.wnd,mwcap,tkm,wnd,0.00,0.00,7008.00,0.00,0.00,0.00,0.00,,,,,,,,,,,,,,,,,,,,,,,,,,,,,,,,,,,,,,,,,,,,,,,,,,,,,,,,,,,,,,,,,,,,,,,,,,,,,,,,,,,,,,,,,,,
tls.mwcap.sol,mwcap,tls,sol,0.06,0.56,206.00,0.00,0.00,0.00,0.00,,,,,,,,,,,,,,,,,,,,,,,,,,,,,,,,,,,,,,,,,,,,,,,,,,,,,,,,,,,,,,,,,,,,,,,,,,,,,,,,,,,,,,,,,,,
tls.mwcap.wnd,mwcap,tls,wnd,0.00,0.00,206.00,0.00,0.00,0.00,0.00,,,,,,,,,,,,,,,,,,,,,,,,,,,,,,,,,,,,,,,,,,,,,,,,,,,,,,,,,,,,,,,,,,,,,,,,,,,,,,,,,,,,,,,,,,,
ton.mwcap.sol,mwcap,ton,sol,0.61,2.99,25.00,0.02,0.12,0.02,0.12,,,,,,,,,,,,,,,,,,,,,,,,,,,,,,,,,,,,,,,,,,,,,,,,,,,,,,,,,,,,,,,,,,,,,,,,,,,,,,,,,,,,,,,,,,,
ton.mwcap.wnd,mwcap,ton,wnd,0.15,1.30,25.00,0.01,0.05,0.01,0.05,,,,,,,,,,,,,,,,,,,,,,,,,,,,,,,,,,,,,,,,,,,,,,,,,,,,,,,,,,,,,,,,,,,,,,,,,,,,,,,,,,,,,,,,,,,
tto.mwcap.sol,mwcap,tto,sol,0.07,0.43,2158.00,0.00,0.00,0.00,0.00,,,,,,,,,,,,,,,,,,,,,,,,,,,,,,,,,,,,,,,,,,,,,,,,,,,,,,,,,,,,,,,,,,,,,,,,,,,,,,,,,,,,,,,,,,,
tto.mwcap.wnd,mwcap,tto,wnd,0.00,0.01,2158.00,0.00,0.00,0.00,0.00,,,,,,,,,,,,,,,,,,,,,,,,,,,,,,,,,,,,,,,,,,,,,,,,,,,,,,,,,,,,,,,,,,,,,,,,,,,,,,,,,,,,,,,,,,,
tun.mwcap.sol,mwcap,tun,sol,6.07,15.00,6155.00,0.00,0.00,0.00,0.00,,,,,,,,,,,,,,,,,,,,,,,,,,,,,,,,,,,,,,,,,,,,,,,,,,,,,,,,,,,,,,,,,,,,,,,,,,,,,,,,,,,,,,,,,,,
tun.mwcap.wnd,mwcap,tun,wnd,19.20,120.00,6155.00,0.00,0.02,0.00,0.02,,,,,,,,,,,,,,,,,,,,,,,,,,,,,,,,,,,,,,,,,,,,,,,,,,,,,,,,,,,,,,,,,,,,,,,,,,,,,,,,,,,,,,,,,,,
tur.mwcap.sol,mwcap,tur,sol,599.12,2587.70,91268.00,0.01,0.03,0.01,0.03,,,,,,,,,,,,,,,,,,,,,,,,,,,,,,,,,,,,,,,,,,,,,,,,,,,,,,,,,,,,,,,,,,,,,,,,,,,,,,,,,,,,,,,,,,,
tur.mwcap.wnd,mwcap,tur,wnd,679.92,1248.00,91268.00,0.01,0.01,0.01,0.01,,,,,,,,,,,,,,,,,,,,,,,,,,,,,,,,,,,,,,,,,,,,,,,,,,,,,,,,,,,,,,,,,,,,,,,,,,,,,,,,,,,,,,,,,,,
tuv.mwcap.sol,mwcap,tuv,sol,0.20,1.79,5.00,0.04,0.33,0.04,0.33,,,,,,,,,,,,,,,,,,,,,,,,,,,,,,,,,,,,,,,,,,,,,,,,,,,,,,,,,,,,,,,,,,,,,,,,,,,,,,,,,,,,,,,,,,,
tuv.mwcap.wnd,mwcap,tuv,wnd,0.00,0.00,5.00,0.00,0.00,0.00,0.00,,,,,,,,,,,,,,,,,,,,,,,,,,,,,,,,,,,,,,,,,,,,,,,,,,,,,,,,,,,,,,,,,,,,,,,,,,,,,,,,,,,,,,,,,,,
twn.mwcap.sol,mwcap,twn,sol,414.00,1411.42,55946.00,0.01,0.03,0.01,0.03,,,,,,,,,,,,,,,,,,,,,,,,,,,,,,,,,,,,,,,,,,,,,,,,,,,,,,,,,,,,,,,,,,,,,,,,,,,,,,,,,,,,,,,,,,,
twn.mwcap.wnd,mwcap,twn,wnd,47.09,132.01,55946.00,0.00,0.00,0.00,0.00,,,,,,,,,,,,,,,,,,,,,,,,,,,,,,,,,,,,,,,,,,,,,,,,,,,,,,,,,,,,,,,,,,,,,,,,,,,,,,,,,,,,,,,,,,,
tza.mwcap.sol,mwcap,tza,sol,2.56,7.51,1761.00,0.00,0.00,0.00,0.00,,,,,,,,,,,,,,,,,,,,,,,,,,,,,,,,,,,,,,,,,,,,,,,,,,,,,,,,,,,,,,,,,,,,,,,,,,,,,,,,,,,,,,,,,,,
tza.mwcap.wnd,mwcap,tza,wnd,0.00,0.00,1761.00,0.00,0.00,0.00,0.00,,,,,,,,,,,,,,,,,,,,,,,,,,,,,,,,,,,,,,,,,,,,,,,,,,,,,,,,,,,,,,,,,,,,,,,,,,,,,,,,,,,,,,,,,,,
uga.mwcap.sol,mwcap,uga,sol,6.80,34.16,1212.00,0.01,0.03,0.01,0.03,,,,,,,,,,,,,,,,,,,,,,,,,,,,,,,,,,,,,,,,,,,,,,,,,,,,,,,,,,,,,,,,,,,,,,,,,,,,,,,,,,,,,,,,,,,
uga.mwcap.wnd,mwcap,uga,wnd,0.00,0.00,1212.00,0.00,0.00,0.00,0.00,,,,,,,,,,,,,,,,,,,,,,,,,,,,,,,,,,,,,,,,,,,,,,,,,,,,,,,,,,,,,,,,,,,,,,,,,,,,,,,,,,,,,,,,,,,
ukr.mwcap.sol,mwcap,ukr,sol,593.57,3933.00,57268.00,0.01,0.07,0.01,0.07,,,,,,,,,,,,,,,,,,,,,,,,,,,,,,,,,,,,,,,,,,,,,,,,,,,,,,,,,,,,,,,,,,,,,,,,,,,,,,,,,,,,,,,,,,,
ukr.mwcap.wnd,mwcap,ukr,wnd,117.18,637.00,57268.00,0.00,0.01,0.00,0.01,,,,,,,,,,,,,,,,,,,,,,,,,,,,,,,,,,,,,,,,,,,,,,,,,,,,,,,,,,,,,,,,,,,,,,,,,,,,,,,,,,,,,,,,,,,
ury.mwcap.sol,mwcap,ury,sol,25.75,154.42,4931.00,0.01,0.03,0.01,0.03,,,,,,,,,,,,,,,,,,,,,,,,,,,,,,,,,,,,,,,,,,,,,,,,,,,,,,,,,,,,,,,,,,,,,,,,,,,,,,,,,,,,,,,,,,,
ury.mwcap.wnd,mwcap,ury,wnd,149.06,421.86,4931.00,0.03,0.09,0.03,0.09,,,,,,,,,,,,,,,,,,,,,,,,,,,,,,,,,,,,,,,,,,,,,,,,,,,,,,,,,,,,,,,,,,,,,,,,,,,,,,,,,,,,,,,,,,,
usa.mwcap.sol,mwcap,usa,sol,6021.19,11274.00,1128500.00,0.01,0.01,0.01,0.01,,,,,,,,,,,,,,,,,,,,,,,,,,,,,,,,,,,,,,,,,,,,,,,,,,,,,,,,,,,,,,,,,,,,,,,,,,,,,,,,,,,,,,,,,,,
usa.mwcap.wnd,mwcap,usa,wnd,6928.82,13399.00,1128500.00,0.01,0.01,0.01,0.01,,,,,,,,,,,,,,,,,,,,,,,,,,,,,,,,,,,,,,,,,,,,,,,,,,,,,,,,,,,,,,,,,,,,,,,,,,,,,,,,,,,,,,,,,,,
uzb.mwcap.sol,mwcap,uzb,sol,0.35,1.20,14220.00,0.00,0.00,0.00,0.00,,,,,,,,,,,,,,,,,,,,,,,,,,,,,,,,,,,,,,,,,,,,,,,,,,,,,,,,,,,,,,,,,,,,,,,,,,,,,,,,,,,,,,,,,,,
uzb.mwcap.wnd,mwcap,uzb,wnd,0.08,0.75,14220.00,0.00,0.00,0.00,0.00,,,,,,,,,,,,,,,,,,,,,,,,,,,,,,,,,,,,,,,,,,,,,,,,,,,,,,,,,,,,,,,,,,,,,,,,,,,,,,,,,,,,,,,,,,,
vct.mwcap.sol,mwcap,vct,sol,0.19,0.60,54.00,0.00,0.01,0.00,0.01,,,,,,,,,,,,,,,,,,,,,,,,,,,,,,,,,,,,,,,,,,,,,,,,,,,,,,,,,,,,,,,,,,,,,,,,,,,,,,,,,,,,,,,,,,,
vct.mwcap.wnd,mwcap,vct,wnd,0.00,0.00,54.00,0.00,0.00,0.00,0.00,,,,,,,,,,,,,,,,,,,,,,,,,,,,,,,,,,,,,,,,,,,,,,,,,,,,,,,,,,,,,,,,,,,,,,,,,,,,,,,,,,,,,,,,,,,
ven.mwcap.sol,mwcap,ven,sol,0.53,1.80,33442.00,0.00,0.00,0.00,0.00,,,,,,,,,,,,,,,,,,,,,,,,,,,,,,,,,,,,,,,,,,,,,,,,,,,,,,,,,,,,,,,,,,,,,,,,,,,,,,,,,,,,,,,,,,,
ven.mwcap.wnd,mwcap,ven,wnd,7.13,41.28,33442.00,0.00,0.00,0.00,0.00,,,,,,,,,,,,,,,,,,,,,,,,,,,,,,,,,,,,,,,,,,,,,,,,,,,,,,,,,,,,,,,,,,,,,,,,,,,,,,,,,,,,,,,,,,,
vgb.mwcap.sol,mwcap,vgb,sol,0.02,0.13,61.00,0.00,0.00,0.00,0.00,,,,,,,,,,,,,,,,,,,,,,,,,,,,,,,,,,,,,,,,,,,,,,,,,,,,,,,,,,,,,,,,,,,,,,,,,,,,,,,,,,,,,,,,,,,
vgb.mwcap.wnd,mwcap,vgb,wnd,0.05,0.50,61.00,0.00,0.01,0.00,0.01,,,,,,,,,,,,,,,,,,,,,,,,,,,,,,,,,,,,,,,,,,,,,,,,,,,,,,,,,,,,,,,,,,,,,,,,,,,,,,,,,,,,,,,,,,,
vnm.mwcap.sol,mwcap,vnm,sol,569.09,5589.41,55208.00,0.01,0.10,0.01,0.10,,,,,,,,,,,,,,,,,,,,,,,,,,,,,,,,,,,,,,,,,,,,,,,,,,,,,,,,,,,,,,,,,,,,,,,,,,,,,,,,,,,,,,,,,,,
vnm.mwcap.wnd,mwcap,vnm,wnd,36.58,137.85,55208.00,0.00,0.00,0.00,0.00,,,,,,,,,,,,,,,,,,,,,,,,,,,,,,,,,,,,,,,,,,,,,,,,,,,,,,,,,,,,,,,,,,,,,,,,,,,,,,,,,,,,,,,,,,,
vut.mwcap.sol,mwcap,vut,sol,0.27,1.33,33.00,0.01,0.04,0.01,0.04,,,,,,,,,,,,,,,,,,,,,,,,,,,,,,,,,,,,,,,,,,,,,,,,,,,,,,,,,,,,,,,,,,,,,,,,,,,,,,,,,,,,,,,,,,,
vut.mwcap.wnd,mwcap,vut,wnd,0.03,0.55,33.00,0.00,0.02,0.00,0.02,,,,,,,,,,,,,,,,,,,,,,,,,,,,,,,,,,,,,,,,,,,,,,,,,,,,,,,,,,,,,,,,,,,,,,,,,,,,,,,,,,,,,,,,,,,
wsm.mwcap.sol,mwcap,wsm,sol,1.35,6.29,60.00,0.02,0.11,0.02,0.11,,,,,,,,,,,,,,,,,,,,,,,,,,,,,,,,,,,,,,,,,,,,,,,,,,,,,,,,,,,,,,,,,,,,,,,,,,,,,,,,,,,,,,,,,,,
wsm.mwcap.wnd,mwcap,wsm,wnd,0.06,0.55,60.00,0.00,0.01,0.00,0.01,,,,,,,,,,,,,,,,,,,,,,,,,,,,,,,,,,,,,,,,,,,,,,,,,,,,,,,,,,,,,,,,,,,,,,,,,,,,,,,,,,,,,,,,,,,
yem.mwcap.sol,mwcap,yem,sol,24.90,150.00,1829.00,0.01,0.08,0.01,0.08,,,,,,,,,,,,,,,,,,,,,,,,,,,,,,,,,,,,,,,,,,,,,,,,,,,,,,,,,,,,,,,,,,,,,,,,,,,,,,,,,,,,,,,,,,,
yem.mwcap.wnd,mwcap,yem,wnd,0.00,0.00,1829.00,0.00,0.00,0.00,0.00,,,,,,,,,,,,,,,,,,,,,,,,,,,,,,,,,,,,,,,,,,,,,,,,,,,,,,,,,,,,,,,,,,,,,,,,,,,,,,,,,,,,,,,,,,,
zaf.mwcap.sol,mwcap,zaf,sol,306.07,901.28,55265.00,0.01,0.02,0.01,0.02,,,,,,,,,,,,,,,,,,,,,,,,,,,,,,,,,,,,,,,,,,,,,,,,,,,,,,,,,,,,,,,,,,,,,,,,,,,,,,,,,,,,,,,,,,,
zaf.mwcap.wnd,mwcap,zaf,wnd,208.56,621.00,55265.00,0.00,0.01,0.00,0.01,,,,,,,,,,,,,,,,,,,,,,,,,,,,,,,,,,,,,,,,,,,,,,,,,,,,,,,,,,,,,,,,,,,,,,,,,,,,,,,,,,,,,,,,,,,
zmb.mwcap.sol,mwcap,zmb,sol,9.64,95.21,3061.00,0.00,0.03,0.00,0.03,,,,,,,,,,,,,,,,,,,,,,,,,,,,,,,,,,,,,,,,,,,,,,,,,,,,,,,,,,,,,,,,,,,,,,,,,,,,,,,,,,,,,,,,,,,
zmb.mwcap.wnd,mwcap,zmb,wnd,0.00,0.00,3061.00,0.00,0.00,0.00,0.00,,,,,,,,,,,,,,,,,,,,,,,,,,,,,,,,,,,,,,,,,,,,,,,,,,,,,,,,,,,,,,,,,,,,,,,,,,,,,,,,,,,,,,,,,,,
zwe.mwcap.sol,mwcap,zwe,sol,1.21,4.36,2394.00,0.00,0.00,0.00,0.00,,,,,,,,,,,,,,,,,,,,,,,,,,,,,,,,,,,,,,,,,,,,,,,,,,,,,,,,,,,,,,,,,,,,,,,,,,,,,,,,,,,,,,,,,,,
zwe.mwcap.wnd,mwcap,zwe,wnd,0.00,0.00,2394.00,0.00,0.00,0.00,0.00,,,,,,,,,,,,,,,,,,,,,,,,,,,,,,,,,,,,,,,,,,,,,,,,,,,,,,,,,,,,,,,,,,,,,,,,,,,,,,,,,,,,,,,,,,,
wld.mwcap.sol,mwcap,wld,sol,272.18,781.94,35626.00,0.00,0.02,0.00,0.02,,,,,,,,,,,,,,,,,,,,,,,,,,,,,,,,,,,,,,,,,,,,,,,,,,,,,,,,,,,,,,,,,,,,,,,,,,,,,,,,,,,,,,,,,,,
wld.mwcap.wnd,mwcap,wld,wnd,229.15,460.52,35626.00,0.00,0.01,0.00,0.01,,,,,,,,,,,,,,,,,,,,,,,,,,,,,,,,,,,,,,,,,,,,,,,,,,,,,,,,,,,,,,,,,,,,,,,,,,,,,,,,,,,,,,,,,,,