code,scenario,key,label,2022,2023,2024,2025,2026,2027,2028,2029,2030,2031,2032,2033,2034,2035,2036,2037,2038,2039,2040,2041
egy.mit.ghg.tot.inc.1,EG1,egy.mit.ghg.tot.inc.1|EG1,"Total GHG emissions, inc. LULUCF (baseline)",400.912,417.878,450.28,474.668,488.837,507.334,531.747,560.636,594.156,637.812,701.794,772.315,835.748,906.166,983.294,1067.761,1160.053,1260.639,1370.044,1487.858
egy.mit.ghg.tot.inc.1,EG2,egy.mit.ghg.tot.inc.1|EG2,"Total GHG emissions, inc. LULUCF (baseline)",400.912,417.878,450.28,474.668,488.837,507.334,531.747,560.636,594.156,637.812,701.794,772.315,835.748,906.166,983.294,1067.761,1160.053,1260.639,1370.044,1487.858
egy.mit.ghg.tot.inc.1,EG3,egy.mit.ghg.tot.inc.1|EG3,"Total GHG emissions, inc. LULUCF (baseline)",400.912,417.878,450.28,474.668,488.837,507.334,531.747,560.636,594.156,637.812,701.794,772.315,835.748,906.166,983.294,1067.761,1160.053,1260.639,1370.044,1487.858
egy.mit.ghg.tot.inc.1,EG4,egy.mit.ghg.tot.inc.1|EG4,"Total GHG emissions, inc. LULUCF (baseline)",400.912,417.878,450.28,474.668,488.837,507.334,531.747,560.636,594.156,637.812,701.794,772.315,835.748,906.166,983.294,1067.761,1160.053,1260.639,1370.044,1487.858
egy.mit.ghg.tot.inc.2,EG1,egy.mit.ghg.tot.inc.2|EG1,"Total GHG emissions, inc. LULUCF (policy)",400.912,417.779,450.165,474.557,488.728,507.156,497.15,517.963,555.279,598.301,667.417,723.178,784.768,853.19,928.765,1012.007,1103.439,1203.523,1312.661,1430.405
egy.mit.ghg.tot.inc.2,EG2,egy.mit.ghg.tot.inc.2|EG2,"Total GHG emissions, inc. LULUCF (policy)",400.912,417.779,450.165,474.557,488.728,507.156,497.15,516.832,553.154,594.932,662.986,718.691,779.162,846.238,920.219,1001.454,1090.415,1187.592,1293.482,1407.72
egy.mit.ghg.tot.inc.2,EG3,egy.mit.ghg.tot.inc.2|EG3,"Total GHG emissions, inc. LULUCF (policy)",400.912,417.874,450.275,474.663,488.833,507.294,525.956,546.53,572.614,607.838,668.18,713.418,765.05,823.144,887.994,959.818,1039.175,1126.569,1222.516,1326.681
egy.mit.ghg.tot.inc.2,EG4,egy.mit.ghg.tot.inc.2|EG4,"Total GHG emissions, inc. LULUCF (policy)",400.912,417.878,450.28,474.668,488.837,507.334,531.747,554.161,584.539,625.259,679.525,752.918,812.118,877.489,949.235,1028.243,1115.514,1212.299,1320.263,1435.074
egy.mit.ghg.ipr.tot.1,EG1,egy.mit.ghg.ipr.tot.1|EG1,Industrial processes GHG emissions (baseline),52.2,56.903,67.485,72.938,75.02,77.455,80.412,83.271,85.97,88.71,91.479,94.297,97.164,100.08,103.044,106.056,109.115,112.221,115.374,118.573
egy.mit.ghg.ipr.tot.1,EG2,egy.mit.ghg.ipr.tot.1|EG2,Industrial processes GHG emissions (baseline),52.2,56.903,67.485,72.938,75.02,77.455,80.412,83.271,85.97,88.71,91.479,94.297,97.164,100.08,103.044,106.056,109.115,112.221,115.374,118.573
egy.mit.ghg.ipr.tot.1,EG3,egy.mit.ghg.ipr.tot.1|EG3,Industrial processes GHG emissions (baseline),52.2,56.903,67.485,72.938,75.02,77.455,80.412,83.271,85.97,88.71,91.479,94.297,97.164,100.08,103.044,106.056,109.115,112.221,115.374,118.573
egy.mit.ghg.ipr.tot.1,EG4,egy.mit.ghg.ipr.tot.1|EG4,Industrial processes GHG emissions (baseline),52.2,56.903,67.485,72.938,75.02,77.455,80.412,83.271,85.97,88.71,91.479,94.297,97.164,100.08,103.044,106.056,109.115,112.221,115.374,118.573
egy.mit.ghg.ipr.tot.2,EG1,egy.mit.ghg.ipr.tot.2|EG1,Industrial processes GHG emissions (policy),52.2,56.903,67.485,72.938,75.02,77.455,68.415,71.46,74.015,76.511,79.002,81.601,84.374,87.288,90.378,93.718,97.298,101.117,105.121,109.29
egy.mit.ghg.ipr.tot.2,EG2,egy.mit.ghg.ipr.tot.2|EG2,Industrial processes GHG emissions (policy),52.2,56.903,67.485,72.938,75.02,77.455,68.415,71.165,73.407,75.62,77.838,80.12,82.452,84.829,87.278,89.807,92.382,95.015,97.691,100.43
egy.mit.ghg.ipr.tot.2,EG3,egy.mit.ghg.ipr.tot.2|EG3,Industrial processes GHG emissions (policy),52.2,56.903,67.485,72.938,75.02,77.455,78.14,77.872,77.708,76.436,75.021,74.06,73.435,73.049,72.87,72.854,72.988,73.255,73.633,74.107
egy.mit.ghg.ipr.tot.2,EG4,egy.mit.ghg.ipr.tot.2|EG4,Industrial processes GHG emissions (policy),52.2,56.903,67.485,72.938,75.02,77.455,80.412,83.305,86.077,88.921,91.831,94.87,98.07,101.562,105.486,110.085,115.656,122.614,131.55,140.744
egy.mit.co2.enr.tot.1,EG1,egy.mit.co2.enr.tot.1|EG1,Total energy related CO2 emissions (baseline),210.916,212.844,232.296,248.974,258.928,272.549,290.725,313.335,340.66,377.474,432.851,493.454,546.706,606.585,672.81,745.996,826.615,915.122,1012.028,1116.913
egy.mit.co2.enr.tot.1,EG2,egy.mit.co2.enr.tot.1|EG2,Total energy related CO2 emissions (baseline),210.916,212.844,232.296,248.974,258.928,272.549,290.725,313.335,340.66,377.474,432.851,493.454,546.706,606.585,672.81,745.996,826.615,915.122,1012.028,1116.913
egy.mit.co2.enr.tot.1,EG3,egy.mit.co2.enr.tot.1|EG3,Total energy related CO2 emissions (baseline),210.916,212.844,232.296,248.974,258.928,272.549,290.725,313.335,340.66,377.474,432.851,493.454,546.706,606.585,672.81,745.996,826.615,915.122,1012.028,1116.913
egy.mit.co2.enr.tot.1,EG4,egy.mit.co2.enr.tot.1|EG4,Total energy related CO2 emissions (baseline),210.916,212.844,232.296,248.974,258.928,272.549,290.725,313.335,340.66,377.474,432.851,493.454,546.706,606.585,672.81,745.996,826.615,915.122,1012.028,1116.913
egy.mit.co2.enr.tot.2,EG1,egy.mit.co2.enr.tot.2|EG1,Total energy related CO2 emissions - policy,210.916,212.745,232.182,248.863,258.819,272.372,268.248,282.644,313.865,350.297,411.05,457.202,508.706,566.584,631.125,702.749,781.967,869.24,965.01,1068.843
egy.mit.co2.enr.tot.2,EG2,egy.mit.co2.enr.tot.2|EG2,Total energy related CO2 emissions - policy,210.916,212.745,232.182,248.863,258.819,272.372,268.248,281.813,312.396,347.874,407.839,454.248,505.081,562.171,625.777,696.224,774.006,859.592,953.473,1055.258
egy.mit.co2.enr.tot.2,EG3,egy.mit.co2.enr.tot.2|EG3,Total energy related CO2 emissions - policy,210.916,212.84,232.291,248.97,258.924,272.51,287.225,304.675,327.453,359.869,415.783,455.006,499.993,550.898,608.037,671.656,742.317,820.521,906.795,1000.808
egy.mit.co2.enr.tot.2,EG4,egy.mit.co2.enr.tot.2|EG4,Total energy related CO2 emissions - policy,210.916,212.844,232.296,248.974,258.928,272.549,290.725,306.865,330.99,364.777,410.348,473.58,522.282,576.557,636.446,702.581,775.637,856.429,946.004,1041.741
egy.mit.co2.ind.1,EG1,egy.mit.co2.ind.1|EG1,Energy related CO2 emissions - Industry (baseline),59.633,58.891,69.842,75.485,77.64,80.161,83.221,86.179,88.973,91.808,94.674,97.59,100.558,103.575,106.643,109.76,112.926,116.141,119.404,122.714
egy.mit.co2.ind.1,EG2,egy.mit.co2.ind.1|EG2,Energy related CO2 emissions - Industry (baseline),59.633,58.891,69.842,75.485,77.64,80.161,83.221,86.179,88.973,91.808,94.674,97.59,100.558,103.575,106.643,109.76,112.926,116.141,119.404,122.714
egy.mit.co2.ind.1,EG3,egy.mit.co2.ind.1|EG3,Energy related CO2 emissions - Industry (baseline),59.633,58.891,69.842,75.485,77.64,80.161,83.221,86.179,88.973,91.808,94.674,97.59,100.558,103.575,106.643,109.76,112.926,116.141,119.404,122.714
egy.mit.co2.ind.1,EG4,egy.mit.co2.ind.1|EG4,Energy related CO2 emissions - Industry (baseline),59.633,58.891,69.842,75.485,77.64,80.161,83.221,86.179,88.973,91.808,94.674,97.59,100.558,103.575,106.643,109.76,112.926,116.141,119.404,122.714
egy.mit.co2.ind.2,EG1,egy.mit.co2.ind.2|EG1,Energy related CO2 emissions - Industry (policy),59.633,58.891,69.842,75.485,77.64,80.161,70.804,73.956,76.6,79.183,81.761,84.452,87.32,90.337,93.534,96.991,100.696,104.649,108.792,113.107
egy.mit.co2.ind.2,EG2,egy.mit.co2.ind.2|EG2,Energy related CO2 emissions - Industry (policy),59.633,58.891,69.842,75.485,77.64,80.161,70.804,73.651,75.971,78.261,80.557,82.919,85.332,87.792,90.326,92.943,95.609,98.333,101.103,103.938
egy.mit.co2.ind.2,EG3,egy.mit.co2.ind.2|EG3,Energy related CO2 emissions - Industry (policy),59.633,58.891,69.842,75.485,77.64,80.161,80.869,80.592,80.422,79.106,77.641,76.646,76.0,75.6,75.415,75.398,75.537,75.814,76.205,76.696
egy.mit.co2.ind.2,EG4,egy.mit.co2.ind.2|EG4,Energy related CO2 emissions - Industry (policy),59.633,58.891,69.842,75.485,77.64,80.161,83.221,86.214,89.084,92.027,95.038,98.184,101.495,105.11,109.171,113.929,119.695,126.896,136.145,145.66
egy.mit.co2.tot.1,EG1,egy.mit.co2.tot.1|EG1,Carbon dioxide (CO2) - baseline,307.637,321.397,349.911,371.784,384.229,400.546,422.363,448.569,479.396,519.767,579.492,645.311,703.938,769.357,841.291,920.359,1007.04,1101.792,1205.134,1316.65
egy.mit.co2.tot.1,EG2,egy.mit.co2.tot.1|EG2,Carbon dioxide (CO2) - baseline,307.637,321.397,349.911,371.784,384.229,400.546,422.363,448.569,479.396,519.767,579.492,645.311,703.938,769.357,841.291,920.359,1007.04,1101.792,1205.134,1316.65
egy.mit.co2.tot.1,EG3,egy.mit.co2.tot.1|EG3,Carbon dioxide (CO2) - baseline,307.637,321.397,349.911,371.784,384.229,400.546,422.363,448.569,479.396,519.767,579.492,645.311,703.938,769.357,841.291,920.359,1007.04,1101.792,1205.134,1316.65
egy.mit.co2.tot.1,EG4,egy.mit.co2.tot.1|EG4,Carbon dioxide (CO2) - baseline,307.637,321.397,349.911,371.784,384.229,400.546,422.363,448.569,479.396,519.767,579.492,645.311,703.938,769.357,841.291,920.359,1007.04,1101.792,1205.134,1316.65
egy.mit.co2.tot.2,EG1,egy.mit.co2.tot.2|EG1,Carbon dioxide (CO2) - policy,307.637,321.298,349.797,371.673,384.119,400.369,390.697,408.832,443.443,483.246,548.135,599.335,656.142,719.56,789.906,867.664,953.343,1047.409,1150.267,1261.475
egy.mit.co2.tot.2,EG2,egy.mit.co2.tot.2|EG2,Carbon dioxide (CO2) - policy,307.637,321.298,349.797,371.673,384.119,400.369,390.697,407.775,441.508,480.14,544.031,595.245,651.045,713.261,782.181,858.141,941.614,1033.082,1133.034,1241.098
egy.mit.co2.tot.2,EG3,egy.mit.co2.tot.2|EG3,Carbon dioxide (CO2) - policy,307.637,321.393,349.907,371.78,384.224,400.507,417.123,435.774,459.859,492.76,549.818,591.362,639.051,692.966,753.406,820.588,895.07,977.345,1067.93,1166.487
egy.mit.co2.tot.2,EG4,egy.mit.co2.tot.2|EG4,Carbon dioxide (CO2) - policy,307.637,321.397,349.911,371.784,384.229,400.546,422.363,442.125,469.807,507.232,557.258,625.877,680.21,740.466,806.8,880.034,961.077,1051.069,1151.514,1258.481
egy.mit.co2.pow.1,EG1,egy.mit.co2.pow.1|EG1,Energy related CO2 emissions - Power sector (baseline),82.215,78.986,91.823,97.046,95.462,95.797,98.439,103.597,110.247,121.817,147.388,174.428,190.286,208.514,229.436,253.419,280.884,312.308,348.235,389.285
egy.mit.co2.pow.1,EG2,egy.mit.co2.pow.1|EG2,Energy related CO2 emissions - Power sector (baseline),82.215,78.986,91.823,97.046,95.462,95.797,98.439,103.597,110.247,121.817,147.388,174.428,190.286,208.514,229.436,253.419,280.884,312.308,348.235,389.285
egy.mit.co2.pow.1,EG3,egy.mit.co2.pow.1|EG3,Energy related CO2 emissions - Power sector (baseline),82.215,78.986,91.823,97.046,95.462,95.797,98.439,103.597,110.247,121.817,147.388,174.428,190.286,208.514,229.436,253.419,280.884,312.308,348.235,389.285
egy.mit.co2.pow.1,EG4,egy.mit.co2.pow.1|EG4,Energy related CO2 emissions - Power sector (baseline),82.215,78.986,91.823,97.046,95.462,95.797,98.439,103.597,110.247,121.817,147.388,174.428,190.286,208.514,229.436,253.419,280.884,312.308,348.235,389.285
egy.mit.co2.pow.2,EG1,egy.mit.co2.pow.2|EG1,Energy related CO2 emissions - Power sector (policy),82.215,78.887,91.709,96.935,95.352,95.62,98.669,96.745,108.517,121.313,153.834,168.22,183.807,201.717,222.27,245.826,272.797,303.651,338.922,379.218
egy.mit.co2.pow.2,EG2,egy.mit.co2.pow.2|EG2,Energy related CO2 emissions - Power sector (policy),82.215,78.887,91.709,96.935,95.352,95.62,98.669,96.284,107.811,120.015,152.091,167.113,182.588,200.372,220.779,244.169,270.949,301.586,336.61,376.623
egy.mit.co2.pow.2,EG3,egy.mit.co2.pow.2|EG3,Energy related CO2 emissions - Power sector (policy),82.215,78.982,91.818,97.042,95.457,95.758,98.605,104.102,111.871,126.583,160.981,175.063,191.271,209.894,231.262,255.751,283.789,315.861,352.524,394.408
egy.mit.co2.pow.2,EG4,egy.mit.co2.pow.2|EG4,Energy related CO2 emissions - Power sector (policy),82.215,78.986,91.823,97.046,95.462,95.797,98.439,97.522,101.613,111.252,128.587,160.409,174.399,190.501,209.002,230.228,254.554,282.404,314.262,350.679
egy.mit.co2.tra.1,EG1,egy.mit.co2.tra.1|EG1,Energy related CO2 emissions - Transport (baseline),52.971,57.256,48.053,53.413,62.461,72.829,84.831,98.88,116.354,138.356,164.889,195.127,229.145,267.37,309.197,354.874,404.453,457.913,515.221,575.338
egy.mit.co2.tra.1,EG2,egy.mit.co2.tra.1|EG2,Energy related CO2 emissions - Transport (baseline),52.971,57.256,48.053,53.413,62.461,72.829,84.831,98.88,116.354,138.356,164.889,195.127,229.145,267.37,309.197,354.874,404.453,457.913,515.221,575.338
egy.mit.co2.tra.1,EG3,egy.mit.co2.tra.1|EG3,Energy related CO2 emissions - Transport (baseline),52.971,57.256,48.053,53.413,62.461,72.829,84.831,98.88,116.354,138.356,164.889,195.127,229.145,267.37,309.197,354.874,404.453,457.913,515.221,575.338
egy.mit.co2.tra.1,EG4,egy.mit.co2.tra.1|EG4,Energy related CO2 emissions - Transport (baseline),52.971,57.256,48.053,53.413,62.461,72.829,84.831,98.88,116.354,138.356,164.889,195.127,229.145,267.37,309.197,354.874,404.453,457.913,515.221,575.338
egy.mit.co2.tra.2,EG1,egy.mit.co2.tra.2|EG1,Energy related CO2 emissions - Transport (policy),52.971,57.256,48.053,53.413,62.461,72.829,79.682,92.488,108.978,129.72,155.069,183.831,216.551,253.129,293.528,337.721,385.824,437.828,493.708,552.444
egy.mit.co2.tra.2,EG2,egy.mit.co2.tra.2|EG2,Energy related CO2 emissions - Transport (policy),52.971,57.256,48.053,53.413,62.461,72.829,79.682,92.469,108.937,129.651,154.977,183.734,216.409,252.951,293.308,337.435,385.456,437.364,493.135,551.75
egy.mit.co2.tra.2,EG3,egy.mit.co2.tra.2|EG3,Energy related CO2 emissions - Transport (policy),52.971,57.256,48.053,53.413,62.461,72.829,83.517,95.303,110.074,128.724,151.34,177.101,206.142,238.434,273.993,312.738,354.811,400.246,449.038,500.242
egy.mit.co2.tra.2,EG4,egy.mit.co2.tra.2|EG4,Energy related CO2 emissions - Transport (policy),52.971,57.256,48.053,53.413,62.461,72.829,84.831,98.445,115.189,135.97,160.765,188.587,219.528,253.591,290.368,329.878,372.077,416.879,464.166,512.798
egy.mit.co2.res.1,EG1,egy.mit.co2.res.1|EG1,Energy related CO2 emissions - Residential (baseline),15.803,17.442,22.261,22.612,22.949,23.348,23.82,24.266,24.675,25.083,25.492,25.901,26.311,26.72,27.13,27.54,27.95,28.36,28.769,29.178
egy.mit.co2.res.1,EG2,egy.mit.co2.res.1|EG2,Energy related CO2 emissions - Residential (baseline),15.803,17.442,22.261,22.612,22.949,23.348,23.82,24.266,24.675,25.083,25.492,25.901,26.311,26.72,27.13,27.54,27.95,28.36,28.769,29.178
egy.mit.co2.res.1,EG3,egy.mit.co2.res.1|EG3,Energy related CO2 emissions - Residential (baseline),15.803,17.442,22.261,22.612,22.949,23.348,23.82,24.266,24.675,25.083,25.492,25.901,26.311,26.72,27.13,27.54,27.95,28.36,28.769,29.178
egy.mit.co2.res.1,EG4,egy.mit.co2.res.1|EG4,Energy related CO2 emissions - Residential (baseline),15.803,17.442,22.261,22.612,22.949,23.348,23.82,24.266,24.675,25.083,25.492,25.901,26.311,26.72,27.13,27.54,27.95,28.36,28.769,29.178
egy.mit.co2.res.2,EG1,egy.mit.co2.res.2|EG1,Energy related CO2 emissions - Residential (policy),15.803,17.442,22.261,22.612,22.949,23.348,18.696,19.046,19.359,19.671,19.977,20.291,20.621,20.997,21.389,21.807,22.249,22.712,23.189,23.676
egy.mit.co2.res.2,EG2,egy.mit.co2.res.2|EG2,Energy related CO2 emissions - Residential (policy),15.803,17.442,22.261,22.612,22.949,23.348,18.696,19.0,19.266,19.537,19.805,20.075,20.346,20.651,20.96,21.275,21.59,21.908,22.227,22.548
egy.mit.co2.res.2,EG3,egy.mit.co2.res.2|EG3,Energy related CO2 emissions - Residential (policy),15.803,17.442,22.261,22.612,22.949,23.348,23.82,24.266,24.675,25.083,25.49,25.897,26.307,26.716,27.131,27.548,27.972,28.403,28.841,29.284
egy.mit.co2.res.2,EG4,egy.mit.co2.res.2|EG4,Energy related CO2 emissions - Residential (policy),15.803,17.442,22.261,22.612,22.949,23.348,23.82,24.271,24.693,25.118,25.549,25.993,26.453,26.95,27.502,28.142,28.909,29.85,31.032,32.205
egy.mit.rev.new.usd.1,EG1,egy.mit.rev.new.usd.1|EG1,"Fiscal revenues by fuel, total, net of subsidies, baseline (real 2021 US$bn)",-47.34,-37.57,-38.57,-37.1,-39.97,-40.03,-41.63,-44.25,-47.61,-52.24,-60.25,-69.82,-80.18,-93.62,-110.58,-131.65,-157.4,-188.37,-225.08,-266.72
egy.mit.rev.new.usd.1,EG2,egy.mit.rev.new.usd.1|EG2,"Fiscal revenues by fuel, total, net of subsidies, baseline (real 2021 US$bn)",-47.34,-37.57,-38.57,-37.1,-39.97,-40.03,-41.63,-44.25,-47.61,-52.24,-60.25,-69.82,-80.18,-93.62,-110.58,-131.65,-157.4,-188.37,-225.08,-266.72
egy.mit.rev.new.usd.1,EG3,egy.mit.rev.new.usd.1|EG3,"Fiscal revenues by fuel, total, net of subsidies, baseline (real 2021 US$bn)",-47.34,-37.57,-38.57,-37.1,-39.97,-40.03,-41.63,-44.25,-47.61,-52.24,-60.25,-69.82,-80.18,-93.62,-110.58,-131.65,-157.4,-188.37,-225.08,-266.72
egy.mit.rev.new.usd.1,EG4,egy.mit.rev.new.usd.1|EG4,"Fiscal revenues by fuel, total, net of subsidies, baseline (real 2021 US$bn)",-47.34,-37.57,-38.57,-37.1,-39.97,-40.03,-41.63,-44.25,-47.61,-52.24,-60.25,-69.82,-80.18,-93.62,-110.58,-131.65,-157.4,-188.37,-225.08,-266.72
egy.mit.rev.new.usd.2,EG1,egy.mit.rev.new.usd.2|EG1,"Fiscal revenues by fuel, total, net of subsidies, policy (real 2021 US$bn)",-47.34,-37.56,-38.56,-37.09,-39.96,-40.01,-32.83,-33.98,-37.18,-41.11,-48.65,-55.9,-65.36,-77.8,-93.74,-113.69,-138.22,-167.84,-203.04,-243.01
egy.mit.rev.new.usd.2,EG2,egy.mit.rev.new.usd.2|EG2,"Fiscal revenues by fuel, total, net of subsidies, policy (real 2021 US$bn)",-47.34,-37.56,-38.56,-37.09,-39.96,-40.01,-32.83,-33.88,-36.99,-40.8,-48.24,-55.49,-64.85,-77.15,-92.93,-112.69,-136.97,-166.29,-201.15,-240.75
egy.mit.rev.new.usd.2,EG3,egy.mit.rev.new.usd.2|EG3,"Fiscal revenues by fuel, total, net of subsidies, policy (real 2021 US$bn)",-47.34,-37.57,-38.57,-37.1,-39.97,-40.02,-40.91,-42.48,-44.92,-48.7,-56.59,-63.98,-74.05,-87.56,-104.99,-126.78,-153.48,-185.57,-223.55,-266.55
egy.mit.rev.new.usd.2,EG4,egy.mit.rev.new.usd.2|EG4,"Fiscal revenues by fuel, total, net of subsidies, policy (real 2021 US$bn)",-47.34,-37.57,-38.57,-37.1,-39.97,-40.03,-40.03,-40.02,-40.91,-42.54,-45.43,-48.77,-47.11,-39.8,-23.6,5.51,52.16,121.59,219.69,346.84
egy.mit.rev.new.coa.usd.2,EG1,egy.mit.rev.new.coa.usd.2|EG1,"Fiscal revenues, coal, policy",0.0,0.0,0.0,0.0,0.0,0.0,0.15,0.15,0.16,0.16,0.16,0.17,0.17,0.17,0.18,0.18,0.18,0.19,0.19,0.2
egy.mit.rev.new.coa.usd.2,EG2,egy.mit.rev.new.coa.usd.2|EG2,"Fiscal revenues, coal, policy",0.0,0.0,0.0,0.0,0.0,0.0,0.15,0.15,0.16,0.16,0.16,0.16,0.17,0.17,0.17,0.18,0.18,0.18,0.18,0.19
egy.mit.rev.new.coa.usd.2,EG3,egy.mit.rev.new.coa.usd.2|EG3,"Fiscal revenues, coal, policy",0.0,0.0,0.0,0.0,0.0,0.0,0.04,0.1,0.16,0.21,0.26,0.31,0.35,0.4,0.45,0.49,0.54,0.58,0.62,0.67
egy.mit.rev.new.coa.usd.2,EG4,egy.mit.rev.new.coa.usd.2|EG4,"Fiscal revenues, coal, policy",0.0,0.0,0.0,0.0,0.0,0.0,0.0,0.0,0.0,0.0,0.0,0.0,0.0,0.0,0.0,0.0,0.0,0.0,0.0,0.0
egy.mit.rev.new.die.usd.2,EG1,egy.mit.rev.new.die.usd.2|EG1,"Fiscal revenues, diesel, policy",0.0,0.0,0.0,0.0,0.0,0.0,1.33,1.5,1.72,1.99,2.32,2.7,3.13,3.61,4.14,4.73,5.37,6.06,6.81,7.6
egy.mit.rev.new.die.usd.2,EG2,egy.mit.rev.new.die.usd.2|EG2,"Fiscal revenues, diesel, policy",0.0,0.0,0.0,0.0,0.0,0.0,1.33,1.5,1.71,1.98,2.31,2.69,3.12,3.6,4.13,4.72,5.35,6.04,6.78,7.57
egy.mit.rev.new.die.usd.2,EG3,egy.mit.rev.new.die.usd.2|EG3,"Fiscal revenues, diesel, policy",0.0,0.0,0.0,0.0,0.0,0.0,0.02,0.04,0.07,0.08,0.1,0.12,0.13,0.15,0.16,0.18,0.19,0.2,0.21,0.22
egy.mit.rev.new.die.usd.2,EG4,egy.mit.rev.new.die.usd.2|EG4,"Fiscal revenues, diesel, policy",0.0,0.0,0.0,0.0,0.0,0.0,0.0,0.0,0.0,0.0,0.0,0.0,0.0,0.0,0.0,0.0,0.0,0.0,0.0,0.0
egy.mit.rev.new.gso.usd.2,EG1,egy.mit.rev.new.gso.usd.2|EG1,"Fiscal revenues, gasoline, policy",0.0,0.0,0.0,0.0,0.0,0.0,0.47,0.52,0.59,0.67,0.75,0.84,0.93,1.02,1.11,1.2,1.28,1.37,1.44,1.52
egy.mit.rev.new.gso.usd.2,EG2,egy.mit.rev.new.gso.usd.2|EG2,"Fiscal revenues, gasoline, policy",0.0,0.0,0.0,0.0,0.0,0.0,0.47,0.52,0.59,0.67,0.75,0.84,0.93,1.02,1.11,1.2,1.28,1.37,1.44,1.52
egy.mit.rev.new.gso.usd.2,EG3,egy.mit.rev.new.gso.usd.2|EG3,"Fiscal revenues, gasoline, policy",0.0,0.0,0.0,0.0,0.0,0.0,0.0,0.0,0.0,0.0,0.0,0.0,0.0,0.0,0.0,0.0,0.0,0.0,0.0,0.0
egy.mit.rev.new.gso.usd.2,EG4,egy.mit.rev.new.gso.usd.2|EG4,"Fiscal revenues, gasoline, policy",0.0,0.0,0.0,0.0,0.0,0.0,0.0,0.0,0.0,0.0,0.0,0.0,0.0,0.0,0.0,0.0,0.0,0.0,0.0,0.0
egy.mit.rev.new.lpk.usd.2,EG1,egy.mit.rev.new.lpk.usd.2|EG1,"Fiscal revenues, lpg & kerosene, policy",0.0,0.0,0.0,0.0,0.0,0.0,0.37,0.39,0.4,0.41,0.42,0.43,0.44,0.45,0.47,0.48,0.49,0.51,0.53,0.54
egy.mit.rev.new.lpk.usd.2,EG2,egy.mit.rev.new.lpk.usd.2|EG2,"Fiscal revenues, lpg & kerosene, policy",0.0,0.0,0.0,0.0,0.0,0.0,0.37,0.38,0.39,0.4,0.41,0.42,0.43,0.44,0.45,0.46,0.47,0.49,0.5,0.51
egy.mit.rev.new.lpk.usd.2,EG3,egy.mit.rev.new.lpk.usd.2|EG3,"Fiscal revenues, lpg & kerosene, policy",0.0,0.0,0.0,0.0,0.0,0.0,0.05,0.12,0.18,0.24,0.29,0.34,0.39,0.44,0.49,0.54,0.59,0.64,0.69,0.74
egy.mit.rev.new.lpk.usd.2,EG4,egy.mit.rev.new.lpk.usd.2|EG4,"Fiscal revenues, lpg & kerosene, policy",0.0,0.0,0.0,0.0,0.0,0.0,0.0,0.0,0.0,0.0,0.0,0.0,0.0,0.0,0.0,0.0,0.0,0.0,0.0,0.0
egy.mit.rev.new.nga.usd.2,EG1,egy.mit.rev.new.nga.usd.2|EG1,"Fiscal revenues, natural gas, policy",0.0,0.0,0.0,0.0,0.0,0.0,2.34,2.38,2.7,3.04,3.71,4.02,4.38,4.79,5.26,5.81,6.42,7.13,7.92,8.79
egy.mit.rev.new.nga.usd.2,EG2,egy.mit.rev.new.nga.usd.2|EG2,"Fiscal revenues, natural gas, policy",0.0,0.0,0.0,0.0,0.0,0.0,2.34,2.36,2.68,3.02,3.67,4.0,4.35,4.75,5.21,5.75,6.35,7.04,7.81,8.67
egy.mit.rev.new.nga.usd.2,EG3,egy.mit.rev.new.nga.usd.2|EG3,"Fiscal revenues, natural gas, policy",0.0,0.0,0.0,0.0,0.0,0.0,0.12,0.31,0.49,0.66,0.84,1.01,1.19,1.37,1.55,1.73,1.91,2.1,2.3,2.5
egy.mit.rev.new.nga.usd.2,EG4,egy.mit.rev.new.nga.usd.2|EG4,"Fiscal revenues, natural gas, policy",0.0,0.0,0.0,0.0,0.0,0.0,0.0,0.0,0.0,0.0,0.0,0.0,0.0,0.0,0.0,0.0,0.0,0.0,0.0,0.0
egy.mit.rev.new.oil.usd.2,EG1,egy.mit.rev.new.oil.usd.2|EG1,"Fiscal revenues, non-road oil, policy",0.0,0.0,0.0,0.0,0.0,0.0,0.64,0.66,0.66,0.68,0.79,0.92,1.06,1.21,1.39,1.58,1.8,2.04,2.32,2.63
egy.mit.rev.new.oil.usd.2,EG2,egy.mit.rev.new.oil.usd.2|EG2,"Fiscal revenues, non-road oil, policy",0.0,0.0,0.0,0.0,0.0,0.0,0.64,0.65,0.66,0.67,0.78,0.9,1.04,1.19,1.36,1.55,1.76,2.0,2.27,2.57
egy.mit.rev.new.oil.usd.2,EG3,egy.mit.rev.new.oil.usd.2|EG3,"Fiscal revenues, non-road oil, policy",0.0,0.0,0.0,0.0,0.0,0.0,0.01,0.02,0.03,0.04,0.05,0.06,0.06,0.07,0.08,0.08,0.09,0.1,0.1,0.11
egy.mit.rev.new.oil.usd.2,EG4,egy.mit.rev.new.oil.usd.2|EG4,"Fiscal revenues, non-road oil, policy",0.0,0.0,0.0,0.0,0.0,0.0,0.0,0.0,0.0,0.0,0.0,0.0,0.0,0.0,0.0,0.0,0.0,0.0,0.0,0.0
egy.mit.cptraj.2,EG1,egy.mit.cptraj.2|EG1,Carbon tax trajectory,0.0,0.0,0.0,0.0,0.0,0.0,20.0,20.0,20.0,20.0,20.0,20.0,20.0,20.0,20.0,20.0,20.0,20.0,20.0,20.0
egy.mit.cptraj.2,EG2,egy.mit.cptraj.2|EG2,Carbon tax trajectory,0.0,0.0,0.0,0.0,0.0,0.0,20.0,20.0,20.0,20.0,20.0,20.0,20.0,20.0,20.0,20.0,20.0,20.0,20.0,20.0
egy.mit.cptraj.2,EG3,egy.mit.cptraj.2|EG3,Carbon tax trajectory,0.0,0.0,0.0,0.0,0.0,0.0,5.0,12.5,20.0,27.5,35.0,42.5,50.0,57.5,65.0,72.5,80.0,87.5,95.0,102.5
egy.mit.cptraj.2,EG4,egy.mit.cptraj.2|EG4,Carbon tax trajectory,0.0,0.0,0.0,0.0,0.0,0.0,0.0,0.0,0.0,0.0,0.0,0.0,0.0,0.0,0.0,0.0,0.0,0.0,0.0,0.0
egy.mit.eff.cptraj.2,EG1,egy.mit.eff.cptraj.2|EG1,Effective carbon tax trajectory,0.0,0.0,0.0,0.0,0.0,0.0,19.784,19.786,19.8,19.814,19.836,19.847,19.857,19.867,19.876,19.884,19.891,19.897,19.903,19.909
egy.mit.eff.cptraj.2,EG2,egy.mit.eff.cptraj.2|EG2,Effective carbon tax trajectory,0.0,0.0,0.0,0.0,0.0,0.0,19.784,19.786,19.801,19.815,19.838,19.849,19.86,19.87,19.88,19.888,19.896,19.904,19.91,19.917
egy.mit.eff.cptraj.2,EG3,egy.mit.eff.cptraj.2|EG3,Effective carbon tax trajectory,0.0,0.0,0.0,0.0,0.0,0.0,0.842,1.931,2.807,3.432,3.704,4.043,4.271,4.41,4.48,4.495,4.469,4.412,4.331,4.237
egy.mit.eff.cptraj.2,EG4,egy.mit.eff.cptraj.2|EG4,Effective carbon tax trajectory,0.0,0.0,0.0,0.0,0.0,0.0,0.0,0.0,0.0,0.0,0.0,0.0,0.0,0.0,0.0,0.0,0.0,0.0,0.0,0.0
egy.air.ada.2464,EG1,egy.air.ada.2464|EG1,Averted deaths by age group: 25 to 64 years,0.0,-1.0,-1.0,-1.0,0.0,-6.0,490.0,520.0,525.0,486.0,510.0,599.0,496.0,546.0,415.0,424.0,395.0,367.0,311.0,0.0
egy.air.ada.2464,EG2,egy.air.ada.2464|EG2,Averted deaths by age group: 25 to 64 years,0.0,-1.0,-1.0,-1.0,0.0,-6.0,490.0,531.0,547.0,579.0,616.0,714.0,589.0,654.0,541.0,519.0,509.0,465.0,411.0,0.0
egy.air.ada.2464,EG3,egy.air.ada.2464|EG3,Averted deaths by age group: 25 to 64 years,0.0,1.0,1.0,1.0,1.0,4.0,43.0,108.0,182.0,373.0,560.0,806.0,755.0,921.0,911.0,845.0,913.0,844.0,858.0,0.0
egy.air.ada.2464,EG4,egy.air.ada.2464|EG4,Averted deaths by age group: 25 to 64 years,0.0,0.0,0.0,0.0,0.0,0.0,0.0,37.0,71.0,113.0,766.0,812.0,695.0,817.0,781.0,736.0,799.0,748.0,763.0,0.0
egy.air.ada.65,EG1,egy.air.ada.65|EG1,Averted deaths by age group: 65+ years,0.0,-1.0,-1.0,-1.0,-1.0,-10.0,894.0,951.0,960.0,893.0,937.0,1109.0,956.0,1053.0,838.0,863.0,821.0,777.0,670.0,0.0
egy.air.ada.65,EG2,egy.air.ada.65|EG2,Averted deaths by age group: 65+ years,0.0,-1.0,-1.0,-1.0,-1.0,-10.0,894.0,972.0,1002.0,1061.0,1129.0,1318.0,1132.0,1258.0,1077.0,1054.0,1047.0,980.0,878.0,0.0
egy.air.ada.65,EG3,egy.air.ada.65|EG3,Averted deaths by age group: 65+ years,0.0,1.0,2.0,2.0,1.0,8.0,80.0,201.0,338.0,689.0,1031.0,1493.0,1458.0,1780.0,1801.0,1729.0,1884.0,1796.0,1844.0,0.0
egy.air.ada.65,EG4,egy.air.ada.65|EG4,Averted deaths by age group: 65+ years,0.0,0.0,0.0,0.0,0.0,0.0,0.0,69.0,132.0,208.0,1393.0,1485.0,1327.0,1564.0,1533.0,1491.0,1636.0,1581.0,1630.0,0.0
egy.air.ada.u24,EG1,egy.air.ada.u24|EG1,Averted deaths by age group: under 24 years (including neonatal),0.0,0.0,0.0,0.0,0.0,-1.0,74.0,78.0,79.0,72.0,76.0,88.0,70.0,77.0,56.0,56.0,52.0,48.0,49.0,0.0
egy.air.ada.u24,EG2,egy.air.ada.u24|EG2,Averted deaths by age group: under 24 years (including neonatal),0.0,0.0,0.0,0.0,0.0,-1.0,74.0,80.0,82.0,87.0,92.0,106.0,84.0,93.0,75.0,70.0,69.0,63.0,66.0,0.0
egy.air.ada.u24,EG3,egy.air.ada.u24|EG3,Averted deaths by age group: under 24 years (including neonatal),0.0,0.0,0.0,0.0,0.0,1.0,6.0,16.0,26.0,55.0,83.0,118.0,106.0,129.0,124.0,111.0,118.0,108.0,118.0,0.0
egy.air.ada.u24,EG4,egy.air.ada.u24|EG4,Averted deaths by age group: under 24 years (including neonatal),0.0,0.0,0.0,0.0,0.0,0.0,0.0,5.0,10.0,16.0,117.0,123.0,102.0,119.0,111.0,101.0,108.0,100.0,110.0,0.0
egy.air.mort,EG1,egy.air.mort|EG1,Baseline air pollution deaths,64271.06,65359.22,68207.96,72071.63,74237.56,76020.81,78006.45,80189.13,82651.0,85545.69,90724.49,96340.32,101167.06,106485.14,111793.99,116629.68,121707.95,126478.09,131348.4,0.0
egy.air.mort,EG2,egy.air.mort|EG2,Baseline air pollution deaths,64271.06,65359.22,68207.96,72071.63,74237.56,76020.81,78006.45,80189.13,82651.0,85545.69,90724.49,96340.32,101167.06,106485.14,111793.99,116629.68,121707.95,126478.09,131348.4,0.0
egy.air.mort,EG3,egy.air.mort|EG3,Baseline air pollution deaths,64271.06,65359.22,68207.96,72071.63,74237.56,76020.81,78006.45,80189.13,82651.0,85545.69,90724.49,96340.32,101167.06,106485.14,111793.99,116629.68,121707.95,126478.09,131348.4,0.0
egy.air.mort,EG4,egy.air.mort|EG4,Baseline air pollution deaths,64271.06,65359.22,68207.96,72071.63,74237.56,76020.81,78006.45,80189.13,82651.0,85545.69,90724.49,96340.32,101167.06,106485.14,111793.99,116629.68,121707.95,126478.09,131348.4,0.0
egy.mit.wel.air.pct,EG1,egy.mit.wel.air.pct|EG1,Air pollution co-benefits (% GDP),0.0,0.0,0.0,0.0,0.0,-1e-05,0.00119,0.00128,0.0013,0.0012,0.00124,0.00145,0.00121,0.00132,0.00101,0.00102,0.00095,0.00087,0.00084,0.0008
egy.mit.wel.air.pct,EG2,egy.mit.wel.air.pct|EG2,Air pollution co-benefits (% GDP),0.0,0.0,0.0,0.0,0.0,-1e-05,0.00119,0.00131,0.00136,0.00142,0.0015,0.00173,0.00144,0.00158,0.00131,0.00125,0.00122,0.00111,0.00106,0.00102
egy.mit.wel.air.pct,EG3,egy.mit.wel.air.pct|EG3,Air pollution co-benefits (% GDP),0.0,0.0,0.0,0.0,0.0,1e-05,0.00011,0.00027,0.00045,0.00092,0.00136,0.00195,0.00184,0.00222,0.00219,0.00203,0.00217,0.002,0.00192,0.00184
egy.mit.wel.air.pct,EG4,egy.mit.wel.air.pct|EG4,Air pollution co-benefits (% GDP),0.0,0.0,0.0,0.0,0.0,0.0,0.0,9e-05,0.00018,0.00028,0.00186,0.00196,0.0017,0.00197,0.00188,0.00178,0.00191,0.00178,0.00171,0.00164
egy.air.cad.net,EG1,egy.air.cad.net|EG1,Cumulative averted deaths - net,0.0,-2.0,-4.0,-5.0,-6.0,-23.0,1435.0,2985.0,4549.0,6001.0,7524.0,9319.0,10842.0,12518.0,13827.0,15170.0,16438.0,17630.0,18660.0,0.0
egy.air.cad.net,EG2,egy.air.cad.net|EG2,Cumulative averted deaths - net,0.0,-2.0,-4.0,-5.0,-6.0,-23.0,1435.0,3018.0,4650.0,6375.0,8212.0,10350.0,12156.0,14162.0,15856.0,17499.0,19123.0,20631.0,21986.0,0.0
egy.air.cad.net,EG3,egy.air.cad.net|EG3,Cumulative averted deaths - net,0.0,2.0,5.0,7.0,9.0,22.0,152.0,477.0,1023.0,2140.0,3814.0,6231.0,8551.0,11381.0,14218.0,16902.0,19818.0,22565.0,25384.0,0.0
egy.air.cad.net,EG4,egy.air.cad.net|EG4,Cumulative averted deaths - net,0.0,0.0,0.0,0.0,0.0,0.0,0.0,112.0,326.0,663.0,2939.0,5359.0,7484.0,9984.0,12409.0,14737.0,17281.0,19710.0,22213.0,0.0
