key,country,fuel,ef_sector,ef_tco2_per_gj,source
EGY|coa|pow,EGY,coa,pow,0.094308,Mitigation row 980 (egy.mit.ef.coa.pow)
EGY|nga|pow,EGY,nga,pow,0.055799999999999995,Mitigation row 981 (egy.mit.ef.nga.pow)
EGY|gso|pow,EGY,gso,pow,0.0686,Mitigation row 982 (egy.mit.ef.gso.pow)
EGY|die|pow,EGY,die,pow,0.0734,Mitigation row 983 (egy.mit.ef.die.pow)
EGY|lpg|pow,EGY,lpg,pow,0.0686,Mitigation row 984 (egy.mit.ef.lpg.pow)
EGY|ker|pow,EGY,ker,pow,0.068555,Mitigation row 985 (egy.mit.ef.ker.pow)
EGY|oop|pow,EGY,oop,pow,0.0767,Mitigation row 986 (egy.mit.ef.oop.pow)
EGY|coa|rod,EGY,coa,rod,0.094308,Mitigation row 987 (egy.mit.ef.coa.rod)
EGY|nga|rod,EGY,nga,rod,0.055799999999999995,Mitigation row 988 (egy.mit.ef.nga.rod)
EGY|gso|rod,EGY,gso,rod,0.066178,Mitigation row 989 (egy.mit.ef.gso.rod)
EGY|die|rod,EGY,die,rod,0.070809,Mitigation row 990 (egy.mit.ef.die.rod)
EGY|lpg|rod,EGY,lpg,rod,0.0686,Mitigation row 991 (egy.mit.ef.lpg.rod)
EGY|ker|rod,EGY,ker,rod,0.068555,Mitigation row 992 (egy.mit.ef.ker.rod)
EGY|oop|rod,EGY,oop,rod,0.070809,Mitigation row 993 (egy.mit.ef.oop.rod)
EGY|coa|res,EGY,coa,res,0.0943,Mitigation row 994 (egy.mit.ef.coa.res)
EGY|nga|res,EGY,nga,res,0.055799999999999995,Mitigation row 995 (egy.mit.ef.nga.res)
EGY|gso|res,EGY,gso,res,0.068555,Mitigation row 996 (egy.mit.ef.gso.res)
EGY|die|res,EGY,die,res,0.0734,Mitigation row 997 (egy.mit.ef.die.res)
EGY|lpg|res,EGY,lpg,res,0.0686,Mitigation row 998 (egy.mit.ef.lpg.res)
EGY|ker|res,EGY,ker,res,0.068555,Mitigation row 999 (egy.mit.ef.ker.res)
EGY|oop|res,EGY,oop,res,0.0767,Mitigation row 1000 (egy.mit.ef.oop.res)
EGY|coa|ind,EGY,coa,ind,0.1,Mitigation row 1001 (egy.mit.ef.coa.ind)
EGY|nga|ind,EGY,nga,ind,0.055799999999999995,Mitigation row 1002 (egy.mit.ef.nga.ind)
EGY|gso|ind,EGY,gso,ind,0.067793,Mitigation row 1003 (egy.mit.ef.gso.ind)
EGY|die|ind,EGY,die,ind,0.07184499999999999,Mitigation row 1004 (egy.mit.ef.die.ind)
EGY|lpg|ind,EGY,lpg,ind,0.0686,Mitigation row 1005 (egy.mit.ef.lpg.ind)
EGY|ker|ind,EGY,ker,ind,0.067793,Mitigation row 1006 (egy.mit.ef.ker.ind)
EGY|oop|ind,EGY,oop,ind,0.0767,Mitigation row 1007 (egy.mit.ef.oop.ind)
EGY|bio|pow,EGY,bio,pow,0.0,Mitigation row 1009 (egy.mit.ef.bio.all)
EGY|bio|rod,EGY,bio,rod,0.0,Mitigation row 1009 (egy.mit.ef.bio.all)
EGY|bio|res,EGY,bio,res,0.0,Mitigation row 1009 (egy.mit.ef.bio.all)
EGY|bio|ind,EGY,bio,ind,0.0,Mitigation row 1009 (egy.mit.ef.bio.all)
