key,type,fuel_group,sector_group,legacy_code,LIC,LMIC,UMIC,HIC,source
inc|coa|tra,inc,coa,tra,coa_inc_tot,0.0,0.0,0.0,0.0,Elasticities row 143
inc|nga|tra,inc,nga,tra,nga_inc_tot,0.5,0.5,0.5,0.5,Elasticities row 144
inc|gso|tra,inc,gso,tra,oil_inc_res,0.7,0.7,0.7,0.7,Elasticities row 145
inc|die|tra,inc,die,tra,bio_inc_res,0.6,0.6,0.6,0.6,Elasticities row 146
inc|oil|tra,inc,oil,tra,oil_inc_tot,0.8,0.8,0.8,0.8,Elasticities row 147
inc|bio|tra,inc,bio,tra,die_inc_res,0.0,0.0,0.0,0.0,Elasticities row 148
inc|ren|tra,inc,ren,tra,rnw_inc_tot,1.0,1.0,1.0,1.0,Elasticities row 149
inc|ecy|tra,inc,ecy,tra,ecy_inc_tot,1.2,1.2,1.2,1.2,Elasticities row 150
inc|coa|res,inc,coa,res,coa_inc_res,0.3,0.3,0.3,0.3,Elasticities row 151
inc|nga|res,inc,nga,res,nga_inc_res,0.3,0.3,0.3,0.3,Elasticities row 152
inc|gso|res,inc,gso,res,oil_inc_res,0.5,0.5,0.5,0.5,Elasticities row 153
inc|die|res,inc,die,res,bio_inc_res,0.5,0.5,0.5,0.5,Elasticities row 154
inc|oil|res,inc,oil,res,oil_inc_res,0.5,0.5,0.5,0.5,Elasticities row 155
inc|bio|res,inc,bio,res,bio_inc_res,0.1,0.1,0.1,0.1,Elasticities row 156
inc|ren|res,inc,ren,res,rnw_inc_tot,0.8,0.8,0.8,0.8,Elasticities row 157
inc|ecy|res,inc,ecy,res,ecy_inc_res,0.8,0.8,0.8,0.8,Elasticities row 158
inc|coa|ind,inc,coa,ind,coa_inc_ind,0.5,0.5,0.5,0.5,Elasticities row 159
inc|nga|ind,inc,nga,ind,nga_inc_ind,1.0,1.0,1.0,1.0,Elasticities row 160
inc|gso|ind,inc,gso,ind,oil_inc_res,0.5,0.5,0.5,0.5,Elasticities row 161
inc|die|ind,inc,die,ind,die_inc_res,0.5,0.5,0.5,0.5,Elasticities row 162
inc|oil|ind,inc,oil,ind,oil_inc_ind,0.8,0.8,0.8,0.8,Elasticities row 163
inc|bio|ind,inc,bio,ind,bio_inc_res,0.1,0.1,0.1,0.1,Elasticities row 164
inc|ren|ind,inc,ren,ind,rnw_inc_tot,0.8,0.8,0.8,0.8,Elasticities row 165
inc|ecy|ind,inc,ecy,ind,ecy_inc_ind,0.8,0.8,0.8,0.8,Elasticities row 166
inc|coa|srv,inc,coa,srv,coa_inc_srv,0.7,0.7,0.7,0.7,Elasticities row 167
inc|nga|srv,inc,nga,srv,nga_inc_srv,1.0,1.0,1.0,1.0,Elasticities row 168
inc|gso|srv,inc,gso,srv,oil_inc_res,0.5,0.5,0.5,0.5,Elasticities row 169
inc|die|srv,inc,die,srv,die_inc_res,0.5,0.5,0.5,0.5,Elasticities row 170
inc|oil|srv,inc,oil,srv,oil_inc_srv,1.2,1.2,1.2,1.2,Elasticities row 171
inc|bio|srv,inc,bio,srv,bio_inc_res,0.1,0.1,0.1,0.1,Elasticities row 172
inc|ren|srv,inc,ren,srv,rnw_inc_tot,1.0,1.0,1.0,1.0,Elasticities row 173
inc|ecy|srv,inc,ecy,srv,ecy_inc_srv,1.1,1.1,1.1,1.1,Elasticities row 174
usg|coa|tra,usg,coa,tra,coa_owp_tot_sr,-0.30000000000000004,-0.30000000000000004,-0.30000000000000004,-0.2,Elasticities row 178
usg|nga|tra,usg,nga,tra,nga_owp_tot_sr,-0.5,-0.5,-0.5,-0.4,Elasticities row 179
usg|gso|tra,usg,gso,tra,gso_owp_tot_sr,-0.4,-0.4,-0.4,-0.3,Elasticities row 180
usg|die|tra,usg,die,tra,die_owp_tot_sr,-0.30000000000000004,-0.30000000000000004,-0.30000000000000004,-0.2,Elasticities row 181
usg|oil|tra,usg,oil,tra,oil_owp_tot_sr,-0.30000000000000004,-0.30000000000000004,-0.30000000000000004,-0.2,Elasticities row 182
usg|bio|tra,usg,bio,tra,bio_owp_ind_sr,-0.30000000000000004,-0.30000000000000004,-0.30000000000000004,-0.2,Elasticities row 183
usg|ren|tra,usg,ren,tra,rnw_owp_tot_lr,-0.5,-0.5,-0.5,-0.4,Elasticities row 184
usg|ecy|tra,usg,ecy,tra,ecy_owp_tot_sr,-0.2,-0.2,-0.2,-0.1,Elasticities row 185
usg|coa|res,usg,coa,res,coa_owp_res_sr,-0.30000000000000004,-0.30000000000000004,-0.30000000000000004,-0.2,Elasticities row 186
usg|nga|res,usg,nga,res,nga_owp_res_sr,-0.4,-0.4,-0.4,-0.3,Elasticities row 187
usg|gso|res,usg,gso,res,gso_owp_tot_sr,-0.5,-0.5,-0.5,-0.4,Elasticities row 188
usg|die|res,usg,die,res,die_owp_tot_sr,-0.30000000000000004,-0.30000000000000004,-0.30000000000000004,-0.2,Elasticities row 189
usg|oil|res,usg,oil,res,oil_owp_tot_sr,-0.30000000000000004,-0.30000000000000004,-0.30000000000000004,-0.2,Elasticities row 190
usg|bio|res,usg,bio,res,bio_owp_ind_sr,-0.30000000000000004,-0.30000000000000004,-0.30000000000000004,-0.2,Elasticities row 191
usg|ren|res,usg,ren,res,rnw_owp_tot_lr,-0.5,-0.5,-0.5,-0.4,Elasticities row 192
usg|ecy|res,usg,ecy,res,ecy_owp_res_sr,-0.30000000000000004,-0.30000000000000004,-0.30000000000000004,-0.2,Elasticities row 193
usg|coa|ind,usg,coa,ind,coa_owp_ind_sr,-0.30000000000000004,-0.30000000000000004,-0.30000000000000004,-0.2,Elasticities row 194
usg|nga|ind,usg,nga,ind,nga_owp_ind_sr,-0.5,-0.5,-0.5,-0.4,Elasticities row 195
usg|gso|ind,usg,gso,ind,gso_owp_tot_sr,-0.4,-0.4,-0.4,-0.3,Elasticities row 196
usg|die|ind,usg,die,ind,die_owp_tot_sr,-0.7,-0.7,-0.7,-0.6,Elasticities row 197
usg|oil|ind,usg,oil,ind,oil_owp_ind_sr,-0.4,-0.4,-0.4,-0.3,Elasticities row 198
usg|bio|ind,usg,bio,ind,bio_owp_ind_sr,-0.30000000000000004,-0.30000000000000004,-0.30000000000000004,-0.2,Elasticities row 199
usg|ren|ind,usg,ren,ind,rnw_owp_tot_lr,-0.5,-0.5,-0.5,-0.4,Elasticities row 200
usg|ecy|ind,usg,ecy,ind,ecy_owp_ind_sr,-0.30000000000000004,-0.30000000000000004,-0.30000000000000004,-0.2,Elasticities row 201
usg|coa|srv,usg,coa,srv,coa_owp_ind_sr,-0.4,-0.4,-0.4,-0.3,Elasticities row 202
usg|nga|srv,usg,nga,srv,nga_owp_ind_sr,-0.6,-0.6,-0.6,-0.5,Elasticities row 203
usg|gso|srv,usg,gso,srv,gso_owp_tot_sr,-0.6,-0.6,-0.6,-0.5,Elasticities row 204
usg|die|srv,usg,die,srv,die_owp_tot_sr,-0.5,-0.5,-0.5,-0.4,Elasticities row 205
usg|oil|srv,usg,oil,srv,oil_owp_ind_sr,-0.5,-0.5,-0.5,-0.4,Elasticities row 206
usg|bio|srv,usg,bio,srv,bio_owp_ind_sr,-0.4,-0.4,-0.4,-0.3,Elasticities row 207
usg|ren|srv,usg,ren,srv,rnw_owp_tot_lr,-0.7,-0.7,-0.7,-0.6,Elasticities row 208
usg|ecy|srv,usg,ecy,srv,ecy_owp_ind_sr,-0.5,-0.5,-0.5,-0.4,Elasticities row 209
eff|coa|tra,eff,coa,tra,coa_owp_tot_lr,-0.4,-0.4,-0.4,-0.4,Elasticities row 211
eff|nga|tra,eff,nga,tra,nga_owp_tot_lr,-0.4,-0.4,-0.4,-0.4,Elasticities row 212
eff|gso|tra,eff,gso,tra,gso_owp_tot_lr,-0.4,-0.4,-0.4,-0.4,Elasticities row 213
eff|die|tra,eff,die,tra,die_owp_tot_lr,-0.3,-0.3,-0.3,-0.3,Elasticities row 214
eff|oil|tra,eff,oil,tra,oil_owp_tot_lr,-0.4,-0.4,-0.4,-0.4,Elasticities row 215
eff|bio|tra,eff,bio,tra,bio_owp_ind_lr,-0.2,-0.2,-0.2,-0.2,Elasticities row 216
eff|ren|tra,eff,ren,tra,rnw_owp_tot_lr,-0.4,-0.4,-0.4,-0.4,Elasticities row 217
eff|ecy|tra,eff,ecy,tra,ecy_owp_tot_lr,-0.2,-0.2,-0.2,-0.2,Elasticities row 218
eff|coa|res,eff,coa,res,coa_owp_res_lr,-0.4,-0.4,-0.4,-0.4,Elasticities row 219
eff|nga|res,eff,nga,res,nga_owp_res_lr,-0.5,-0.5,-0.5,-0.5,Elasticities row 220
eff|gso|res,eff,gso,res,gso_owp_tot_lr,-0.6,-0.6,-0.6,-0.6,Elasticities row 221
eff|die|res,eff,die,res,die_owp_tot_lr,-0.3,-0.3,-0.3,-0.3,Elasticities row 222
eff|oil|res,eff,oil,res,oil_owp_tot_lr,-0.4,-0.4,-0.4,-0.4,Elasticities row 223
eff|bio|res,eff,bio,res,bio_owp_ind_lr,-0.2,-0.2,-0.2,-0.2,Elasticities row 224
eff|ren|res,eff,ren,res,rnw_owp_tot_lr,-0.4,-0.4,-0.4,-0.4,Elasticities row 225
eff|ecy|res,eff,ecy,res,ecy_owp_res_lr,-0.2,-0.2,-0.2,-0.2,Elasticities row 226
eff|coa|ind,eff,coa,ind,coa_owp_ind_lr,-0.4,-0.4,-0.4,-0.4,Elasticities row 227
eff|nga|ind,eff,nga,ind,nga_owp_ind_lr,-0.5,-0.5,-0.5,-0.5,Elasticities row 228
eff|gso|ind,eff,gso,ind,gso_owp_tot_lr,-0.7,-0.7,-0.7,-0.7,Elasticities row 229
eff|die|ind,eff,die,ind,die_owp_tot_lr,-1.2,-1.2,-1.2,-1.2,Elasticities row 230
eff|oil|ind,eff,oil,ind,oil_owp_ind_lr,-0.4,-0.4,-0.4,-0.4,Elasticities row 231
eff|bio|ind,eff,bio,ind,bio_owp_ind_lr,-0.2,-0.2,-0.2,-0.2,Elasticities row 232
eff|ren|ind,eff,ren,ind,rnw_owp_tot_lr,-0.4,-0.4,-0.4,-0.4,Elasticities row 233
eff|ecy|ind,eff,ecy,ind,ecy_owp_ind_lr,-0.2,-0.2,-0.2,-0.2,Elasticities row 234
eff|coa|srv,eff,coa,srv,coa_owp_ind_lr,-0.6,-0.6,-0.6,-0.6,Elasticities row 235
eff|nga|srv,eff,nga,srv,nga_owp_ind_lr,-1.0,-1.0,-1.0,-1.0,Elasticities row 236
eff|gso|srv,eff,gso,srv,gso_owp_tot_lr,-1.1,-1.1,-1.1,-1.1,Elasticities row 237
eff|die|srv,eff,die,srv,die_owp_tot_lr,-0.4,-0.4,-0.4,-0.4,Elasticities row 238
eff|oil|srv,eff,oil,srv,oil_owp_ind_lr,-0.6,-0.6,-0.6,-0.6,Elasticities row 239
eff|bio|srv,eff,bio,srv,bio_owp_ind_lr,-0.3,-0.3,-0.3,-0.3,Elasticities row 240
eff|ren|srv,eff,ren,srv,rnw_owp_tot_lr,-0.6,-0.6,-0.6,-0.6,Elasticities row 241
eff|ecy|srv,eff,ecy,srv,ecy_owp_ind_lr,-0.4,-0.4,-0.4,-0.4,Elasticities row 242
aei|coa|tra,aei,coa,tra,eff_imp_coa_rod,0.01,0.01,0.01,0.01,Elasticities row 256
aei|nga|tra,aei,nga,tra,eff_imp_nga_rod,0.01,0.01,0.01,0.01,Elasticities row 257
aei|oil|tra,aei,oil,tra,eff_imp_oil_rod,0.01,0.01,0.01,0.01,Elasticities row 258
aei|bio|tra,aei,bio,tra,eff_imp_bio_rod,0.01,0.01,0.01,0.01,Elasticities row 259
aei|ren|tra,aei,ren,tra,eff_imp_ren_rod,0.01,0.01,0.01,0.01,Elasticities row 260
aei|ecy|tra,aei,ecy,tra,eff_imp_ecy_rod,0.01,0.01,0.01,0.01,Elasticities row 261
aei|coa|res,aei,coa,res,eff_imp_coa,0.005,0.005,0.005,0.005,Elasticities row 263
aei|nga|res,aei,nga,res,eff_imp_nga,0.01,0.01,0.01,0.01,Elasticities row 264
aei|oil|res,aei,oil,res,eff_imp_oil,0.005,0.005,0.005,0.005,Elasticities row 265
aei|bio|res,aei,bio,res,eff_imp_bio,0.005,0.005,0.005,0.005,Elasticities row 266
aei|ren|res,aei,ren,res,eff_imp_ren,0.005,0.005,0.005,0.005,Elasticities row 267
aei|ecy|res,aei,ecy,res,eff_imp_ecy,0.005,0.005,0.005,0.005,Elasticities row 268
aei|coa|ind,aei,coa,ind,eff_imp_coa,0.005,0.005,0.005,0.005,Elasticities row 270
aei|nga|ind,aei,nga,ind,eff_imp_nga,0.01,0.01,0.01,0.01,Elasticities row 271
aei|oil|ind,aei,oil,ind,eff_imp_oil,0.005,0.005,0.005,0.005,Elasticities row 272
aei|bio|ind,aei,bio,ind,eff_imp_bio,0.005,0.005,0.005,0.005,Elasticities row 273
aei|ren|ind,aei,ren,ind,eff_imp_ren,0.005,0.005,0.005,0.005,Elasticities row 274
aei|ecy|ind,aei,ecy,ind,eff_imp_ecy,0.005,0.005,0.005,0.005,Elasticities row 275
aei|coa|srv,aei,coa,srv,eff_imp_coa,0.005,0.005,0.005,0.005,Elasticities row 277
aei|nga|srv,aei,nga,srv,eff_imp_nga,0.01,0.01,0.01,0.01,Elasticities row 278
aei|oil|srv,aei,oil,srv,eff_imp_oil,0.005,0.005,0.005,0.005,Elasticities row 279
aei|bio|srv,aei,bio,srv,eff_imp_bio,0.005,0.005,0.005,0.005,Elasticities row 280
aei|ren|srv,aei,ren,srv,eff_imp_ren,0.005,0.005,0.005,0.005,Elasticities row 281
aei|ecy|srv,aei,ecy,srv,eff_imp_ecy,0.005,0.005,0.005,0.005,Elasticities row 282
