key,country,year,subsector,fuel,ktoe,source
EGY|2022|rod|coa,EGY,2022,rod,coa,0.0,Kernel v1.6 Data_Energy = legacy Mitigation rows 583-602
EGY|2022|ral|coa,EGY,2022,ral,coa,0.0,Kernel v1.6 Data_Energy = legacy Mitigation rows 583-602
EGY|2022|avi|coa,EGY,2022,avi,coa,0.0,Kernel v1.6 Data_Energy = legacy Mitigation rows 583-602
EGY|2022|nav|coa,EGY,2022,nav,coa,0.0,Kernel v1.6 Data_Energy = legacy Mitigation rows 583-602
EGY|2022|res|coa,EGY,2022,res,coa,1.67290731426795,Kernel v1.6 Data_Energy = legacy Mitigation rows 583-602
EGY|2022|foo|coa,EGY,2022,foo,coa,0.0,Kernel v1.6 Data_Energy = legacy Mitigation rows 583-602
EGY|2022|srv|coa,EGY,2022,srv,coa,0.0,Kernel v1.6 Data_Energy = legacy Mitigation rows 583-602
EGY|2022|mch|coa,EGY,2022,mch,coa,0.0,Kernel v1.6 Data_Energy = legacy Mitigation rows 583-602
EGY|2022|irn|coa,EGY,2022,irn,coa,232.657354770131,Kernel v1.6 Data_Energy = legacy Mitigation rows 583-602
EGY|2022|nfm|coa,EGY,2022,nfm,coa,0.0,Kernel v1.6 Data_Energy = legacy Mitigation rows 583-602
EGY|2022|mac|coa,EGY,2022,mac,coa,0.0,Kernel v1.6 Data_Energy = legacy Mitigation rows 583-602
EGY|2022|cem|coa,EGY,2022,cem,coa,1463.05522446279,Kernel v1.6 Data_Energy = legacy Mitigation rows 583-602
EGY|2022|omn|coa,EGY,2022,omn,coa,0.0,Kernel v1.6 Data_Energy = legacy Mitigation rows 583-602
EGY|2022|cst|coa,EGY,2022,cst,coa,0.0,Kernel v1.6 Data_Energy = legacy Mitigation rows 583-602
EGY|2022|ftr|coa,EGY,2022,ftr,coa,0.0,Kernel v1.6 Data_Energy = legacy Mitigation rows 583-602
EGY|2022|oen|coa,EGY,2022,oen,coa,0.0,Kernel v1.6 Data_Energy = legacy Mitigation rows 583-602
EGY|2022|rod|nga,EGY,2022,rod,nga,541.703992516236,Kernel v1.6 Data_Energy = legacy Mitigation rows 583-602
EGY|2022|ral|nga,EGY,2022,ral,nga,0.0,Kernel v1.6 Data_Energy = legacy Mitigation rows 583-602
EGY|2022|avi|nga,EGY,2022,avi,nga,0.0,Kernel v1.6 Data_Energy = legacy Mitigation rows 583-602
EGY|2022|nav|nga,EGY,2022,nav,nga,0.0,Kernel v1.6 Data_Energy = legacy Mitigation rows 583-602
EGY|2022|res|nga,EGY,2022,res,nga,2035.46041977272,Kernel v1.6 Data_Energy = legacy Mitigation rows 583-602
EGY|2022|foo|nga,EGY,2022,foo,nga,0.0,Kernel v1.6 Data_Energy = legacy Mitigation rows 583-602
EGY|2022|srv|nga,EGY,2022,srv,nga,0.0,Kernel v1.6 Data_Energy = legacy Mitigation rows 583-602
EGY|2022|mch|nga,EGY,2022,mch,nga,0.0,Kernel v1.6 Data_Energy = legacy Mitigation rows 583-602
EGY|2022|irn|nga,EGY,2022,irn,nga,1669.05671904213,Kernel v1.6 Data_Energy = legacy Mitigation rows 583-602
EGY|2022|nfm|nga,EGY,2022,nfm,nga,0.0,Kernel v1.6 Data_Energy = legacy Mitigation rows 583-602
EGY|2022|mac|nga,EGY,2022,mac,nga,0.0,Kernel v1.6 Data_Energy = legacy Mitigation rows 583-602
EGY|2022|cem|nga,EGY,2022,cem,nga,1747.39153476208,Kernel v1.6 Data_Energy = legacy Mitigation rows 583-602
EGY|2022|omn|nga,EGY,2022,omn,nga,960.130037214786,Kernel v1.6 Data_Energy = legacy Mitigation rows 583-602
EGY|2022|cst|nga,EGY,2022,cst,nga,0.0,Kernel v1.6 Data_Energy = legacy Mitigation rows 583-602
EGY|2022|ftr|nga,EGY,2022,ftr,nga,7454.00582946635,Kernel v1.6 Data_Energy = legacy Mitigation rows 583-602
EGY|2022|oen|nga,EGY,2022,oen,nga,0.0,Kernel v1.6 Data_Energy = legacy Mitigation rows 583-602
EGY|2022|rod|oop,EGY,2022,rod,oop,0.0,Kernel v1.6 Data_Energy = legacy Mitigation rows 583-602
EGY|2022|ral|oop,EGY,2022,ral,oop,0.0,Kernel v1.6 Data_Energy = legacy Mitigation rows 583-602
EGY|2022|avi|oop,EGY,2022,avi,oop,0.0,Kernel v1.6 Data_Energy = legacy Mitigation rows 583-602
EGY|2022|nav|oop,EGY,2022,nav,oop,290.709497169709,Kernel v1.6 Data_Energy = legacy Mitigation rows 583-602
EGY|2022|res|oop,EGY,2022,res,oop,0.0,Kernel v1.6 Data_Energy = legacy Mitigation rows 583-602
EGY|2022|foo|oop,EGY,2022,foo,oop,0.0,Kernel v1.6 Data_Energy = legacy Mitigation rows 583-602
EGY|2022|srv|oop,EGY,2022,srv,oop,0.0,Kernel v1.6 Data_Energy = legacy Mitigation rows 583-602
EGY|2022|mch|oop,EGY,2022,mch,oop,0.0,Kernel v1.6 Data_Energy = legacy Mitigation rows 583-602
EGY|2022|irn|oop,EGY,2022,irn,oop,0.0,Kernel v1.6 Data_Energy = legacy Mitigation rows 583-602
EGY|2022|nfm|oop,EGY,2022,nfm,oop,0.0,Kernel v1.6 Data_Energy = legacy Mitigation rows 583-602
EGY|2022|mac|oop,EGY,2022,mac,oop,0.0,Kernel v1.6 Data_Energy = legacy Mitigation rows 583-602
EGY|2022|cem|oop,EGY,2022,cem,oop,0.0,Kernel v1.6 Data_Energy = legacy Mitigation rows 583-602
EGY|2022|omn|oop,EGY,2022,omn,oop,2347.52754403714,Kernel v1.6 Data_Energy = legacy Mitigation rows 583-602
EGY|2022|cst|oop,EGY,2022,cst,oop,0.0,Kernel v1.6 Data_Energy = legacy Mitigation rows 583-602
EGY|2022|ftr|oop,EGY,2022,ftr,oop,293.099212219656,Kernel v1.6 Data_Energy = legacy Mitigation rows 583-602
EGY|2022|oen|oop,EGY,2022,oen,oop,100.678839675172,Kernel v1.6 Data_Energy = legacy Mitigation rows 583-602
EGY|2022|rod|gso,EGY,2022,rod,gso,7577.29644334562,Kernel v1.6 Data_Energy = legacy Mitigation rows 583-602
EGY|2022|ral|gso,EGY,2022,ral,gso,0.0,Kernel v1.6 Data_Energy = legacy Mitigation rows 583-602
EGY|2022|avi|gso,EGY,2022,avi,gso,0.0,Kernel v1.6 Data_Energy = legacy Mitigation rows 583-602
EGY|2022|nav|gso,EGY,2022,nav,gso,0.0,Kernel v1.6 Data_Energy = legacy Mitigation rows 583-602
EGY|2022|res|gso,EGY,2022,res,gso,0.0,Kernel v1.6 Data_Energy = legacy Mitigation rows 583-602
EGY|2022|foo|gso,EGY,2022,foo,gso,0.0,Kernel v1.6 Data_Energy = legacy Mitigation rows 583-602
EGY|2022|srv|gso,EGY,2022,srv,gso,0.0,Kernel v1.6 Data_Energy = legacy Mitigation rows 583-602
EGY|2022|mch|gso,EGY,2022,mch,gso,0.0,Kernel v1.6 Data_Energy = legacy Mitigation rows 583-602
EGY|2022|irn|gso,EGY,2022,irn,gso,0.0,Kernel v1.6 Data_Energy = legacy Mitigation rows 583-602
EGY|2022|nfm|gso,EGY,2022,nfm,gso,0.0,Kernel v1.6 Data_Energy = legacy Mitigation rows 583-602
EGY|2022|mac|gso,EGY,2022,mac,gso,0.0,Kernel v1.6 Data_Energy = legacy Mitigation rows 583-602
EGY|2022|cem|gso,EGY,2022,cem,gso,0.0,Kernel v1.6 Data_Energy = legacy Mitigation rows 583-602
EGY|2022|omn|gso,EGY,2022,omn,gso,0.0,Kernel v1.6 Data_Energy = legacy Mitigation rows 583-602
EGY|2022|cst|gso,EGY,2022,cst,gso,0.0,Kernel v1.6 Data_Energy = legacy Mitigation rows 583-602
EGY|2022|ftr|gso,EGY,2022,ftr,gso,0.0,Kernel v1.6 Data_Energy = legacy Mitigation rows 583-602
EGY|2022|oen|gso,EGY,2022,oen,gso,0.0,Kernel v1.6 Data_Energy = legacy Mitigation rows 583-602
EGY|2022|rod|die,EGY,2022,rod,die,10207.6320601434,Kernel v1.6 Data_Energy = legacy Mitigation rows 583-602
EGY|2022|ral|die,EGY,2022,ral,die,0.0,Kernel v1.6 Data_Energy = legacy Mitigation rows 583-602
EGY|2022|avi|die,EGY,2022,avi,die,0.0,Kernel v1.6 Data_Energy = legacy Mitigation rows 583-602
EGY|2022|nav|die,EGY,2022,nav,die,0.0,Kernel v1.6 Data_Energy = legacy Mitigation rows 583-602
EGY|2022|res|die,EGY,2022,res,die,0.0,Kernel v1.6 Data_Energy = legacy Mitigation rows 583-602
EGY|2022|foo|die,EGY,2022,foo,die,927.021728178258,Kernel v1.6 Data_Energy = legacy Mitigation rows 583-602
EGY|2022|srv|die,EGY,2022,srv,die,0.0,Kernel v1.6 Data_Energy = legacy Mitigation rows 583-602
EGY|2022|mch|die,EGY,2022,mch,die,0.0,Kernel v1.6 Data_Energy = legacy Mitigation rows 583-602
EGY|2022|irn|die,EGY,2022,irn,die,0.0,Kernel v1.6 Data_Energy = legacy Mitigation rows 583-602
EGY|2022|nfm|die,EGY,2022,nfm,die,0.0,Kernel v1.6 Data_Energy = legacy Mitigation rows 583-602
EGY|2022|mac|die,EGY,2022,mac,die,0.0,Kernel v1.6 Data_Energy = legacy Mitigation rows 583-602
EGY|2022|cem|die,EGY,2022,cem,die,0.0,Kernel v1.6 Data_Energy = legacy Mitigation rows 583-602
EGY|2022|omn|die,EGY,2022,omn,die,3819.23416175079,Kernel v1.6 Data_Energy = legacy Mitigation rows 583-602
EGY|2022|cst|die,EGY,2022,cst,die,0.0,Kernel v1.6 Data_Energy = legacy Mitigation rows 583-602
EGY|2022|ftr|die,EGY,2022,ftr,die,824.800093567561,Kernel v1.6 Data_Energy = legacy Mitigation rows 583-602
EGY|2022|oen|die,EGY,2022,oen,die,0.0,Kernel v1.6 Data_Energy = legacy Mitigation rows 583-602
EGY|2022|rod|ker,EGY,2022,rod,ker,0.0,Kernel v1.6 Data_Energy = legacy Mitigation rows 583-602
EGY|2022|ral|ker,EGY,2022,ral,ker,0.0,Kernel v1.6 Data_Energy = legacy Mitigation rows 583-602
EGY|2022|avi|ker,EGY,2022,avi,ker,0.0,Kernel v1.6 Data_Energy = legacy Mitigation rows 583-602
EGY|2022|nav|ker,EGY,2022,nav,ker,0.0,Kernel v1.6 Data_Energy = legacy Mitigation rows 583-602
EGY|2022|res|ker,EGY,2022,res,ker,2.76900540691173,Kernel v1.6 Data_Energy = legacy Mitigation rows 583-602
EGY|2022|foo|ker,EGY,2022,foo,ker,0.344296494287579,Kernel v1.6 Data_Energy = legacy Mitigation rows 583-602
EGY|2022|srv|ker,EGY,2022,srv,ker,0.0,Kernel v1.6 Data_Energy = legacy Mitigation rows 583-602
EGY|2022|mch|ker,EGY,2022,mch,ker,0.0,Kernel v1.6 Data_Energy = legacy Mitigation rows 583-602
EGY|2022|irn|ker,EGY,2022,irn,ker,0.0,Kernel v1.6 Data_Energy = legacy Mitigation rows 583-602
EGY|2022|nfm|ker,EGY,2022,nfm,ker,0.0,Kernel v1.6 Data_Energy = legacy Mitigation rows 583-602
EGY|2022|mac|ker,EGY,2022,mac,ker,0.0,Kernel v1.6 Data_Energy = legacy Mitigation rows 583-602
EGY|2022|cem|ker,EGY,2022,cem,ker,0.0,Kernel v1.6 Data_Energy = legacy Mitigation rows 583-602
EGY|2022|omn|ker,EGY,2022,omn,ker,4.38372614857524,Kernel v1.6 Data_Energy = legacy Mitigation rows 583-602
EGY|2022|cst|ker,EGY,2022,cst,ker,0.0,Kernel v1.6 Data_Energy = legacy Mitigation rows 583-602
EGY|2022|ftr|ker,EGY,2022,ftr,ker,0.0,Kernel v1.6 Data_Energy = legacy Mitigation rows 583-602
EGY|2022|oen|ker,EGY,2022,oen,ker,0.0,Kernel v1.6 Data_Energy = legacy Mitigation rows 583-602
EGY|2022|rod|lpg,EGY,2022,rod,lpg,0.0,Kernel v1.6 Data_Energy = legacy Mitigation rows 583-602
EGY|2022|ral|lpg,EGY,2022,ral,lpg,0.0,Kernel v1.6 Data_Energy = legacy Mitigation rows 583-602
EGY|2022|avi|lpg,EGY,2022,avi,lpg,0.0,Kernel v1.6 Data_Energy = legacy Mitigation rows 583-602
EGY|2022|nav|lpg,EGY,2022,nav,lpg,0.0,Kernel v1.6 Data_Energy = legacy Mitigation rows 583-602
EGY|2022|res|lpg,EGY,2022,res,lpg,3182.2559195641,Kernel v1.6 Data_Energy = legacy Mitigation rows 583-602
EGY|2022|foo|lpg,EGY,2022,foo,lpg,0.0,Kernel v1.6 Data_Energy = legacy Mitigation rows 583-602
EGY|2022|srv|lpg,EGY,2022,srv,lpg,0.0,Kernel v1.6 Data_Energy = legacy Mitigation rows 583-602
EGY|2022|mch|lpg,EGY,2022,mch,lpg,0.0,Kernel v1.6 Data_Energy = legacy Mitigation rows 583-602
EGY|2022|irn|lpg,EGY,2022,irn,lpg,0.0,Kernel v1.6 Data_Energy = legacy Mitigation rows 583-602
EGY|2022|nfm|lpg,EGY,2022,nfm,lpg,0.0,Kernel v1.6 Data_Energy = legacy Mitigation rows 583-602
EGY|2022|mac|lpg,EGY,2022,mac,lpg,0.0,Kernel v1.6 Data_Energy = legacy Mitigation rows 583-602
EGY|2022|cem|lpg,EGY,2022,cem,lpg,0.0,Kernel v1.6 Data_Energy = legacy Mitigation rows 583-602
EGY|2022|omn|lpg,EGY,2022,omn,lpg,17.4320828436885,Kernel v1.6 Data_Energy = legacy Mitigation rows 583-602
EGY|2022|cst|lpg,EGY,2022,cst,lpg,0.0,Kernel v1.6 Data_Energy = legacy Mitigation rows 583-602
EGY|2022|ftr|lpg,EGY,2022,ftr,lpg,2465.7623559049,Kernel v1.6 Data_Energy = legacy Mitigation rows 583-602
EGY|2022|oen|lpg,EGY,2022,oen,lpg,0.0,Kernel v1.6 Data_Energy = legacy Mitigation rows 583-602
EGY|2022|rod|bio,EGY,2022,rod,bio,0.0,Kernel v1.6 Data_Energy = legacy Mitigation rows 583-602
EGY|2022|ral|bio,EGY,2022,ral,bio,0.0,Kernel v1.6 Data_Energy = legacy Mitigation rows 583-602
EGY|2022|avi|bio,EGY,2022,avi,bio,0.0,Kernel v1.6 Data_Energy = legacy Mitigation rows 583-602
EGY|2022|nav|bio,EGY,2022,nav,bio,0.0,Kernel v1.6 Data_Energy = legacy Mitigation rows 583-602
EGY|2022|res|bio,EGY,2022,res,bio,1579.83074407564,Kernel v1.6 Data_Energy = legacy Mitigation rows 583-602
EGY|2022|foo|bio,EGY,2022,foo,bio,0.0,Kernel v1.6 Data_Energy = legacy Mitigation rows 583-602
EGY|2022|srv|bio,EGY,2022,srv,bio,0.0,Kernel v1.6 Data_Energy = legacy Mitigation rows 583-602
EGY|2022|mch|bio,EGY,2022,mch,bio,0.0,Kernel v1.6 Data_Energy = legacy Mitigation rows 583-602
EGY|2022|irn|bio,EGY,2022,irn,bio,0.0,Kernel v1.6 Data_Energy = legacy Mitigation rows 583-602
EGY|2022|nfm|bio,EGY,2022,nfm,bio,0.0,Kernel v1.6 Data_Energy = legacy Mitigation rows 583-602
EGY|2022|mac|bio,EGY,2022,mac,bio,0.0,Kernel v1.6 Data_Energy = legacy Mitigation rows 583-602
EGY|2022|cem|bio,EGY,2022,cem,bio,0.0,Kernel v1.6 Data_Energy = legacy Mitigation rows 583-602
EGY|2022|omn|bio,EGY,2022,omn,bio,0.0,Kernel v1.6 Data_Energy = legacy Mitigation rows 583-602
EGY|2022|cst|bio,EGY,2022,cst,bio,0.0,Kernel v1.6 Data_Energy = legacy Mitigation rows 583-602
EGY|2022|ftr|bio,EGY,2022,ftr,bio,0.0,Kernel v1.6 Data_Energy = legacy Mitigation rows 583-602
EGY|2022|oen|bio,EGY,2022,oen,bio,0.0,Kernel v1.6 Data_Energy = legacy Mitigation rows 583-602
