code,legacy_row,2022,2023,2024,2025,2026,2027,2028,2029,2030,2031,2032,2033,2034,2035,2036,2037,2038,2039,2040,source
egy.mit.atp.avi.bio.e.1,5479,14.199528390634917,13.84044161331516,13.567726940446496,13.567726940446496,13.567726940446496,13.567726940446496,13.567726940446496,13.567726940446496,13.567726940446496,13.567726940446496,13.567726940446496,13.567726940446496,13.567726940446496,13.567726940446496,13.567726940446496,13.567726940446496,13.567726940446496,13.567726940446496,13.567726940446496,CPAT 1.0pre_456_NoPropData.xlsb Mitigation (cached values)
egy.mit.atp.avi.coa.e.1,5472,10.52336134543121,10.299560827444214,9.577528359538263,8.485478286958045,9.08719223524986,9.222923728932681,9.158564955509688,9.089547877397377,9.01568166602283,8.944397765557106,8.944397765557106,8.944397765557106,8.944397765557106,8.944397765557106,8.944397765557106,8.944397765557106,8.944397765557106,8.944397765557106,8.944397765557106,CPAT 1.0pre_456_NoPropData.xlsb Mitigation (cached values)
egy.mit.atp.avi.die.e.1,5475,0.49458873084106797,0.5077865472025005,0.47043642679561737,0.47043642679561737,0.47043642679561737,0.47043642679561737,0.47043642679561737,0.47043642679561737,0.47043642679561737,0.47043642679561737,0.47043642679561737,0.47043642679561737,0.47043642679561737,0.47043642679561737,0.47043642679561737,0.47043642679561737,0.47043642679561737,0.47043642679561737,0.47043642679561737,CPAT 1.0pre_456_NoPropData.xlsb Mitigation (cached values)
egy.mit.atp.avi.gso.e.1,5474,0.6119779767914063,0.611809749641876,0.6035831001779055,0.6035831001779055,0.6035831001779055,0.6035831001779055,0.6035831001779055,0.6035831001779055,0.6035831001779055,0.6035831001779055,0.6035831001779055,0.6035831001779055,0.6035831001779055,0.6035831001779055,0.6035831001779055,0.6035831001779055,0.6035831001779055,0.6035831001779055,0.6035831001779055,CPAT 1.0pre_456_NoPropData.xlsb Mitigation (cached values)
egy.mit.atp.avi.ker.e.1,5477,0.45642817050012807,0.43168920195599525,0.42507558395596995,0.42507558395596995,0.42507558395596995,0.42507558395596995,0.42507558395596995,0.42507558395596995,0.42507558395596995,0.42507558395596995,0.42507558395596995,0.42507558395596995,0.42507558395596995,0.42507558395596995,0.42507558395596995,0.42507558395596995,0.42507558395596995,0.42507558395596995,0.42507558395596995,CPAT 1.0pre_456_NoPropData.xlsb Mitigation (cached values)
egy.mit.atp.avi.lpg.e.1,5476,0.1573447362522738,0.16448403775927667,0.1507090778070489,0.1507090778070489,0.1507090778070489,0.1507090778070489,0.1507090778070489,0.1507090778070489,0.1507090778070489,0.1507090778070489,0.1507090778070489,0.1507090778070489,0.1507090778070489,0.1507090778070489,0.1507090778070489,0.1507090778070489,0.1507090778070489,0.1507090778070489,0.1507090778070489,CPAT 1.0pre_456_NoPropData.xlsb Mitigation (cached values)
egy.mit.atp.avi.nga.e.1,5473,5.45101508161919,5.119356306262482,5.082184586404073,5.082184586404073,5.082184586404073,5.082184586404073,5.082184586404073,5.082184586404073,5.082184586404073,5.082184586404073,5.082184586404073,5.082184586404073,5.082184586404073,5.082184586404073,5.082184586404073,5.082184586404073,5.082184586404073,5.082184586404073,5.082184586404073,CPAT 1.0pre_456_NoPropData.xlsb Mitigation (cached values)
egy.mit.atp.avi.oop.e.1,5478,34.41537030431323,37.368960690432026,28.98276110147725,15.0,24.2586300842555,15.0,15.0,15.0,15.0,15.0,15.0,15.0,15.0,15.0,15.0,15.0,15.0,15.0,15.0,CPAT 1.0pre_456_NoPropData.xlsb Mitigation (cached values)
egy.mit.atp.cem.bio.e.1,5789,14.199528390634917,13.84044161331516,13.567726940446496,13.567726940446496,13.567726940446496,13.567726940446496,13.567726940446496,13.567726940446496,13.567726940446496,13.567726940446496,13.567726940446496,13.567726940446496,13.567726940446496,13.567726940446496,13.567726940446496,13.567726940446496,13.567726940446496,13.567726940446496,13.567726940446496,CPAT 1.0pre_456_NoPropData.xlsb Mitigation (cached values)
egy.mit.atp.cem.coa.e.1,5782,10.52336134543121,10.299560827444214,9.577528359538263,8.485478286958045,9.08719223524986,9.222923728932681,9.158564955509688,9.089547877397377,9.01568166602283,8.944397765557106,8.944397765557106,8.944397765557106,8.944397765557106,8.944397765557106,8.944397765557106,8.944397765557106,8.944397765557106,8.944397765557106,8.944397765557106,CPAT 1.0pre_456_NoPropData.xlsb Mitigation (cached values)
egy.mit.atp.cem.die.e.1,5785,0.49458873084106797,0.5077865472025005,0.47043642679561737,0.47043642679561737,0.47043642679561737,0.47043642679561737,0.47043642679561737,0.47043642679561737,0.47043642679561737,0.47043642679561737,0.47043642679561737,0.47043642679561737,0.47043642679561737,0.47043642679561737,0.47043642679561737,0.47043642679561737,0.47043642679561737,0.47043642679561737,0.47043642679561737,CPAT 1.0pre_456_NoPropData.xlsb Mitigation (cached values)
egy.mit.atp.cem.gso.e.1,5784,0.6119779767914063,0.611809749641876,0.6035831001779055,0.6035831001779055,0.6035831001779055,0.6035831001779055,0.6035831001779055,0.6035831001779055,0.6035831001779055,0.6035831001779055,0.6035831001779055,0.6035831001779055,0.6035831001779055,0.6035831001779055,0.6035831001779055,0.6035831001779055,0.6035831001779055,0.6035831001779055,0.6035831001779055,CPAT 1.0pre_456_NoPropData.xlsb Mitigation (cached values)
egy.mit.atp.cem.ker.e.1,5787,0.45642817050012807,0.43168920195599525,0.42507558395596995,0.42507558395596995,0.42507558395596995,0.42507558395596995,0.42507558395596995,0.42507558395596995,0.42507558395596995,0.42507558395596995,0.42507558395596995,0.42507558395596995,0.42507558395596995,0.42507558395596995,0.42507558395596995,0.42507558395596995,0.42507558395596995,0.42507558395596995,0.42507558395596995,CPAT 1.0pre_456_NoPropData.xlsb Mitigation (cached values)
egy.mit.atp.cem.lpg.e.1,5786,0.1573447362522738,0.16448403775927667,0.1507090778070489,0.1507090778070489,0.1507090778070489,0.1507090778070489,0.1507090778070489,0.1507090778070489,0.1507090778070489,0.1507090778070489,0.1507090778070489,0.1507090778070489,0.1507090778070489,0.1507090778070489,0.1507090778070489,0.1507090778070489,0.1507090778070489,0.1507090778070489,0.1507090778070489,CPAT 1.0pre_456_NoPropData.xlsb Mitigation (cached values)
egy.mit.atp.cem.nga.e.1,5783,5.45101508161919,5.119356306262482,5.082184586404073,5.082184586404073,5.082184586404073,5.082184586404073,5.082184586404073,5.082184586404073,5.082184586404073,5.082184586404073,5.082184586404073,5.082184586404073,5.082184586404073,5.082184586404073,5.082184586404073,5.082184586404073,5.082184586404073,5.082184586404073,5.082184586404073,CPAT 1.0pre_456_NoPropData.xlsb Mitigation (cached values)
egy.mit.atp.cem.oop.e.1,5788,34.41537030431323,37.368960690432026,28.98276110147725,15.0,24.2586300842555,15.0,15.0,15.0,15.0,15.0,15.0,15.0,15.0,15.0,15.0,15.0,15.0,15.0,15.0,CPAT 1.0pre_456_NoPropData.xlsb Mitigation (cached values)
egy.mit.atp.cst.bio.e.1,5839,14.199528390634917,13.84044161331516,13.567726940446496,13.567726940446496,13.567726940446496,13.567726940446496,13.567726940446496,13.567726940446496,13.567726940446496,13.567726940446496,13.567726940446496,13.567726940446496,13.567726940446496,13.567726940446496,13.567726940446496,13.567726940446496,13.567726940446496,13.567726940446496,13.567726940446496,CPAT 1.0pre_456_NoPropData.xlsb Mitigation (cached values)
egy.mit.atp.cst.coa.e.1,5832,10.52336134543121,10.299560827444214,9.577528359538263,8.485478286958045,9.08719223524986,9.222923728932681,9.158564955509688,9.089547877397377,9.01568166602283,8.944397765557106,8.944397765557106,8.944397765557106,8.944397765557106,8.944397765557106,8.944397765557106,8.944397765557106,8.944397765557106,8.944397765557106,8.944397765557106,CPAT 1.0pre_456_NoPropData.xlsb Mitigation (cached values)
egy.mit.atp.cst.die.e.1,5835,0.49458873084106797,0.5077865472025005,0.47043642679561737,0.47043642679561737,0.47043642679561737,0.47043642679561737,0.47043642679561737,0.47043642679561737,0.47043642679561737,0.47043642679561737,0.47043642679561737,0.47043642679561737,0.47043642679561737,0.47043642679561737,0.47043642679561737,0.47043642679561737,0.47043642679561737,0.47043642679561737,0.47043642679561737,CPAT 1.0pre_456_NoPropData.xlsb Mitigation (cached values)
egy.mit.atp.cst.gso.e.1,5834,0.6119779767914063,0.611809749641876,0.6035831001779055,0.6035831001779055,0.6035831001779055,0.6035831001779055,0.6035831001779055,0.6035831001779055,0.6035831001779055,0.6035831001779055,0.6035831001779055,0.6035831001779055,0.6035831001779055,0.6035831001779055,0.6035831001779055,0.6035831001779055,0.6035831001779055,0.6035831001779055,0.6035831001779055,CPAT 1.0pre_456_NoPropData.xlsb Mitigation (cached values)
egy.mit.atp.cst.ker.e.1,5837,0.45642817050012807,0.43168920195599525,0.42507558395596995,0.42507558395596995,0.42507558395596995,0.42507558395596995,0.42507558395596995,0.42507558395596995,0.42507558395596995,0.42507558395596995,0.42507558395596995,0.42507558395596995,0.42507558395596995,0.42507558395596995,0.42507558395596995,0.42507558395596995,0.42507558395596995,0.42507558395596995,0.42507558395596995,CPAT 1.0pre_456_NoPropData.xlsb Mitigation (cached values)
egy.mit.atp.cst.lpg.e.1,5836,0.1573447362522738,0.16448403775927667,0.1507090778070489,0.1507090778070489,0.1507090778070489,0.1507090778070489,0.1507090778070489,0.1507090778070489,0.1507090778070489,0.1507090778070489,0.1507090778070489,0.1507090778070489,0.1507090778070489,0.1507090778070489,0.1507090778070489,0.1507090778070489,0.1507090778070489,0.1507090778070489,0.1507090778070489,CPAT 1.0pre_456_NoPropData.xlsb Mitigation (cached values)
egy.mit.atp.cst.nga.e.1,5833,5.45101508161919,5.119356306262482,5.082184586404073,5.082184586404073,5.082184586404073,5.082184586404073,5.082184586404073,5.082184586404073,5.082184586404073,5.082184586404073,5.082184586404073,5.082184586404073,5.082184586404073,5.082184586404073,5.082184586404073,5.082184586404073,5.082184586404073,5.082184586404073,5.082184586404073,CPAT 1.0pre_456_NoPropData.xlsb Mitigation (cached values)
egy.mit.atp.cst.oop.e.1,5838,34.41537030431323,37.368960690432026,28.98276110147725,15.0,24.2586300842555,15.0,15.0,15.0,15.0,15.0,15.0,15.0,15.0,15.0,15.0,15.0,15.0,15.0,15.0,CPAT 1.0pre_456_NoPropData.xlsb Mitigation (cached values)
egy.mit.atp.foo.bio.e.1,5605,14.199528390634917,13.84044161331516,13.567726940446496,13.567726940446496,13.567726940446496,13.567726940446496,13.567726940446496,13.567726940446496,13.567726940446496,13.567726940446496,13.567726940446496,13.567726940446496,13.567726940446496,13.567726940446496,13.567726940446496,13.567726940446496,13.567726940446496,13.567726940446496,13.567726940446496,CPAT 1.0pre_456_NoPropData.xlsb Mitigation (cached values)
egy.mit.atp.foo.coa.e.1,5598,10.52336134543121,10.299560827444214,9.577528359538263,8.485478286958045,9.08719223524986,9.222923728932681,9.158564955509688,9.089547877397377,9.01568166602283,8.944397765557106,8.944397765557106,8.944397765557106,8.944397765557106,8.944397765557106,8.944397765557106,8.944397765557106,8.944397765557106,8.944397765557106,8.944397765557106,CPAT 1.0pre_456_NoPropData.xlsb Mitigation (cached values)
egy.mit.atp.foo.die.e.1,5601,0.49458873084106797,0.5077865472025005,0.47043642679561737,0.47043642679561737,0.47043642679561737,0.47043642679561737,0.47043642679561737,0.47043642679561737,0.47043642679561737,0.47043642679561737,0.47043642679561737,0.47043642679561737,0.47043642679561737,0.47043642679561737,0.47043642679561737,0.47043642679561737,0.47043642679561737,0.47043642679561737,0.47043642679561737,CPAT 1.0pre_456_NoPropData.xlsb Mitigation (cached values)
egy.mit.atp.foo.gso.e.1,5600,0.6119779767914063,0.611809749641876,0.6035831001779055,0.6035831001779055,0.6035831001779055,0.6035831001779055,0.6035831001779055,0.6035831001779055,0.6035831001779055,0.6035831001779055,0.6035831001779055,0.6035831001779055,0.6035831001779055,0.6035831001779055,0.6035831001779055,0.6035831001779055,0.6035831001779055,0.6035831001779055,0.6035831001779055,CPAT 1.0pre_456_NoPropData.xlsb Mitigation (cached values)
egy.mit.atp.foo.ker.e.1,5603,0.45642817050012807,0.43168920195599525,0.42507558395596995,0.42507558395596995,0.42507558395596995,0.42507558395596995,0.42507558395596995,0.42507558395596995,0.42507558395596995,0.42507558395596995,0.42507558395596995,0.42507558395596995,0.42507558395596995,0.42507558395596995,0.42507558395596995,0.42507558395596995,0.42507558395596995,0.42507558395596995,0.42507558395596995,CPAT 1.0pre_456_NoPropData.xlsb Mitigation (cached values)
egy.mit.atp.foo.lpg.e.1,5602,0.1573447362522738,0.16448403775927667,0.1507090778070489,0.1507090778070489,0.1507090778070489,0.1507090778070489,0.1507090778070489,0.1507090778070489,0.1507090778070489,0.1507090778070489,0.1507090778070489,0.1507090778070489,0.1507090778070489,0.1507090778070489,0.1507090778070489,0.1507090778070489,0.1507090778070489,0.1507090778070489,0.1507090778070489,CPAT 1.0pre_456_NoPropData.xlsb Mitigation (cached values)
egy.mit.atp.foo.nga.e.1,5599,5.45101508161919,5.119356306262482,5.082184586404073,5.082184586404073,5.082184586404073,5.082184586404073,5.082184586404073,5.082184586404073,5.082184586404073,5.082184586404073,5.082184586404073,5.082184586404073,5.082184586404073,5.082184586404073,5.082184586404073,5.082184586404073,5.082184586404073,5.082184586404073,5.082184586404073,CPAT 1.0pre_456_NoPropData.xlsb Mitigation (cached values)
egy.mit.atp.foo.oop.e.1,5604,34.41537030431323,37.368960690432026,28.98276110147725,15.0,24.2586300842555,15.0,15.0,15.0,15.0,15.0,15.0,15.0,15.0,15.0,15.0,15.0,15.0,15.0,15.0,CPAT 1.0pre_456_NoPropData.xlsb Mitigation (cached values)
egy.mit.atp.ftr.bio.e.1,5864,14.199528390634917,13.84044161331516,13.567726940446496,13.567726940446496,13.567726940446496,13.567726940446496,13.567726940446496,13.567726940446496,13.567726940446496,13.567726940446496,13.567726940446496,13.567726940446496,13.567726940446496,13.567726940446496,13.567726940446496,13.567726940446496,13.567726940446496,13.567726940446496,13.567726940446496,CPAT 1.0pre_456_NoPropData.xlsb Mitigation (cached values)
egy.mit.atp.ftr.coa.e.1,5857,10.52336134543121,10.299560827444214,9.577528359538263,8.485478286958045,9.08719223524986,9.222923728932681,9.158564955509688,9.089547877397377,9.01568166602283,8.944397765557106,8.944397765557106,8.944397765557106,8.944397765557106,8.944397765557106,8.944397765557106,8.944397765557106,8.944397765557106,8.944397765557106,8.944397765557106,CPAT 1.0pre_456_NoPropData.xlsb Mitigation (cached values)
egy.mit.atp.ftr.die.e.1,5860,0.49458873084106797,0.5077865472025005,0.47043642679561737,0.47043642679561737,0.47043642679561737,0.47043642679561737,0.47043642679561737,0.47043642679561737,0.47043642679561737,0.47043642679561737,0.47043642679561737,0.47043642679561737,0.47043642679561737,0.47043642679561737,0.47043642679561737,0.47043642679561737,0.47043642679561737,0.47043642679561737,0.47043642679561737,CPAT 1.0pre_456_NoPropData.xlsb Mitigation (cached values)
egy.mit.atp.ftr.gso.e.1,5859,0.6119779767914063,0.611809749641876,0.6035831001779055,0.6035831001779055,0.6035831001779055,0.6035831001779055,0.6035831001779055,0.6035831001779055,0.6035831001779055,0.6035831001779055,0.6035831001779055,0.6035831001779055,0.6035831001779055,0.6035831001779055,0.6035831001779055,0.6035831001779055,0.6035831001779055,0.6035831001779055,0.6035831001779055,CPAT 1.0pre_456_NoPropData.xlsb Mitigation (cached values)
egy.mit.atp.ftr.ker.e.1,5862,0.45642817050012807,0.43168920195599525,0.42507558395596995,0.42507558395596995,0.42507558395596995,0.42507558395596995,0.42507558395596995,0.42507558395596995,0.42507558395596995,0.42507558395596995,0.42507558395596995,0.42507558395596995,0.42507558395596995,0.42507558395596995,0.42507558395596995,0.42507558395596995,0.42507558395596995,0.42507558395596995,0.42507558395596995,CPAT 1.0pre_456_NoPropData.xlsb Mitigation (cached values)
egy.mit.atp.ftr.lpg.e.1,5861,0.1573447362522738,0.16448403775927667,0.1507090778070489,0.1507090778070489,0.1507090778070489,0.1507090778070489,0.1507090778070489,0.1507090778070489,0.1507090778070489,0.1507090778070489,0.1507090778070489,0.1507090778070489,0.1507090778070489,0.1507090778070489,0.1507090778070489,0.1507090778070489,0.1507090778070489,0.1507090778070489,0.1507090778070489,CPAT 1.0pre_456_NoPropData.xlsb Mitigation (cached values)
egy.mit.atp.ftr.nga.e.1,5858,5.45101508161919,5.119356306262482,5.082184586404073,5.082184586404073,5.082184586404073,5.082184586404073,5.082184586404073,5.082184586404073,5.082184586404073,5.082184586404073,5.082184586404073,5.082184586404073,5.082184586404073,5.082184586404073,5.082184586404073,5.082184586404073,5.082184586404073,5.082184586404073,5.082184586404073,CPAT 1.0pre_456_NoPropData.xlsb Mitigation (cached values)
egy.mit.atp.ftr.oop.e.1,5863,34.41537030431323,37.368960690432026,28.98276110147725,15.0,24.2586300842555,15.0,15.0,15.0,15.0,15.0,15.0,15.0,15.0,15.0,15.0,15.0,15.0,15.0,15.0,CPAT 1.0pre_456_NoPropData.xlsb Mitigation (cached values)
egy.mit.atp.irn.bio.e.1,5712,14.199528390634917,13.84044161331516,13.567726940446496,13.567726940446496,13.567726940446496,13.567726940446496,13.567726940446496,13.567726940446496,13.567726940446496,13.567726940446496,13.567726940446496,13.567726940446496,13.567726940446496,13.567726940446496,13.567726940446496,13.567726940446496,13.567726940446496,13.567726940446496,13.567726940446496,CPAT 1.0pre_456_NoPropData.xlsb Mitigation (cached values)
egy.mit.atp.irn.coa.e.1,5705,10.52336134543121,10.299560827444214,9.577528359538263,8.485478286958045,9.08719223524986,9.222923728932681,9.158564955509688,9.089547877397377,9.01568166602283,8.944397765557106,8.944397765557106,8.944397765557106,8.944397765557106,8.944397765557106,8.944397765557106,8.944397765557106,8.944397765557106,8.944397765557106,8.944397765557106,CPAT 1.0pre_456_NoPropData.xlsb Mitigation (cached values)
egy.mit.atp.irn.die.e.1,5708,0.49458873084106797,0.5077865472025005,0.47043642679561737,0.47043642679561737,0.47043642679561737,0.47043642679561737,0.47043642679561737,0.47043642679561737,0.47043642679561737,0.47043642679561737,0.47043642679561737,0.47043642679561737,0.47043642679561737,0.47043642679561737,0.47043642679561737,0.47043642679561737,0.47043642679561737,0.47043642679561737,0.47043642679561737,CPAT 1.0pre_456_NoPropData.xlsb Mitigation (cached values)
egy.mit.atp.irn.gso.e.1,5707,0.6119779767914063,0.611809749641876,0.6035831001779055,0.6035831001779055,0.6035831001779055,0.6035831001779055,0.6035831001779055,0.6035831001779055,0.6035831001779055,0.6035831001779055,0.6035831001779055,0.6035831001779055,0.6035831001779055,0.6035831001779055,0.6035831001779055,0.6035831001779055,0.6035831001779055,0.6035831001779055,0.6035831001779055,CPAT 1.0pre_456_NoPropData.xlsb Mitigation (cached values)
egy.mit.atp.irn.ker.e.1,5710,0.45642817050012807,0.43168920195599525,0.42507558395596995,0.42507558395596995,0.42507558395596995,0.42507558395596995,0.42507558395596995,0.42507558395596995,0.42507558395596995,0.42507558395596995,0.42507558395596995,0.42507558395596995,0.42507558395596995,0.42507558395596995,0.42507558395596995,0.42507558395596995,0.42507558395596995,0.42507558395596995,0.42507558395596995,CPAT 1.0pre_456_NoPropData.xlsb Mitigation (cached values)
egy.mit.atp.irn.lpg.e.1,5709,0.1573447362522738,0.16448403775927667,0.1507090778070489,0.1507090778070489,0.1507090778070489,0.1507090778070489,0.1507090778070489,0.1507090778070489,0.1507090778070489,0.1507090778070489,0.1507090778070489,0.1507090778070489,0.1507090778070489,0.1507090778070489,0.1507090778070489,0.1507090778070489,0.1507090778070489,0.1507090778070489,0.1507090778070489,CPAT 1.0pre_456_NoPropData.xlsb Mitigation (cached values)
egy.mit.atp.irn.nga.e.1,5706,5.45101508161919,5.119356306262482,5.082184586404073,5.082184586404073,5.082184586404073,5.082184586404073,5.082184586404073,5.082184586404073,5.082184586404073,5.082184586404073,5.082184586404073,5.082184586404073,5.082184586404073,5.082184586404073,5.082184586404073,5.082184586404073,5.082184586404073,5.082184586404073,5.082184586404073,CPAT 1.0pre_456_NoPropData.xlsb Mitigation (cached values)
egy.mit.atp.irn.oop.e.1,5711,34.41537030431323,37.368960690432026,28.98276110147725,15.0,24.2586300842555,15.0,15.0,15.0,15.0,15.0,15.0,15.0,15.0,15.0,15.0,15.0,15.0,15.0,15.0,CPAT 1.0pre_456_NoPropData.xlsb Mitigation (cached values)
egy.mit.atp.mac.bio.e.1,5764,14.199528390634917,13.84044161331516,13.567726940446496,13.567726940446496,13.567726940446496,13.567726940446496,13.567726940446496,13.567726940446496,13.567726940446496,13.567726940446496,13.567726940446496,13.567726940446496,13.567726940446496,13.567726940446496,13.567726940446496,13.567726940446496,13.567726940446496,13.567726940446496,13.567726940446496,CPAT 1.0pre_456_NoPropData.xlsb Mitigation (cached values)
egy.mit.atp.mac.coa.e.1,5757,10.52336134543121,10.299560827444214,9.577528359538263,8.485478286958045,9.08719223524986,9.222923728932681,9.158564955509688,9.089547877397377,9.01568166602283,8.944397765557106,8.944397765557106,8.944397765557106,8.944397765557106,8.944397765557106,8.944397765557106,8.944397765557106,8.944397765557106,8.944397765557106,8.944397765557106,CPAT 1.0pre_456_NoPropData.xlsb Mitigation (cached values)
egy.mit.atp.mac.die.e.1,5760,0.49458873084106797,0.5077865472025005,0.47043642679561737,0.47043642679561737,0.47043642679561737,0.47043642679561737,0.47043642679561737,0.47043642679561737,0.47043642679561737,0.47043642679561737,0.47043642679561737,0.47043642679561737,0.47043642679561737,0.47043642679561737,0.47043642679561737,0.47043642679561737,0.47043642679561737,0.47043642679561737,0.47043642679561737,CPAT 1.0pre_456_NoPropData.xlsb Mitigation (cached values)
egy.mit.atp.mac.gso.e.1,5759,0.6119779767914063,0.611809749641876,0.6035831001779055,0.6035831001779055,0.6035831001779055,0.6035831001779055,0.6035831001779055,0.6035831001779055,0.6035831001779055,0.6035831001779055,0.6035831001779055,0.6035831001779055,0.6035831001779055,0.6035831001779055,0.6035831001779055,0.6035831001779055,0.6035831001779055,0.6035831001779055,0.6035831001779055,CPAT 1.0pre_456_NoPropData.xlsb Mitigation (cached values)
egy.mit.atp.mac.ker.e.1,5762,0.45642817050012807,0.43168920195599525,0.42507558395596995,0.42507558395596995,0.42507558395596995,0.42507558395596995,0.42507558395596995,0.42507558395596995,0.42507558395596995,0.42507558395596995,0.42507558395596995,0.42507558395596995,0.42507558395596995,0.42507558395596995,0.42507558395596995,0.42507558395596995,0.42507558395596995,0.42507558395596995,0.42507558395596995,CPAT 1.0pre_456_NoPropData.xlsb Mitigation (cached values)
egy.mit.atp.mac.lpg.e.1,5761,0.1573447362522738,0.16448403775927667,0.1507090778070489,0.1507090778070489,0.1507090778070489,0.1507090778070489,0.1507090778070489,0.1507090778070489,0.1507090778070489,0.1507090778070489,0.1507090778070489,0.1507090778070489,0.1507090778070489,0.1507090778070489,0.1507090778070489,0.1507090778070489,0.1507090778070489,0.1507090778070489,0.1507090778070489,CPAT 1.0pre_456_NoPropData.xlsb Mitigation (cached values)
egy.mit.atp.mac.nga.e.1,5758,5.45101508161919,5.119356306262482,5.082184586404073,5.082184586404073,5.082184586404073,5.082184586404073,5.082184586404073,5.082184586404073,5.082184586404073,5.082184586404073,5.082184586404073,5.082184586404073,5.082184586404073,5.082184586404073,5.082184586404073,5.082184586404073,5.082184586404073,5.082184586404073,5.082184586404073,CPAT 1.0pre_456_NoPropData.xlsb Mitigation (cached values)
egy.mit.atp.mac.oop.e.1,5763,34.41537030431323,37.368960690432026,28.98276110147725,15.0,24.2586300842555,15.0,15.0,15.0,15.0,15.0,15.0,15.0,15.0,15.0,15.0,15.0,15.0,15.0,15.0,CPAT 1.0pre_456_NoPropData.xlsb Mitigation (cached values)
egy.mit.atp.mch.bio.e.1,5687,14.199528390634917,13.84044161331516,13.567726940446496,13.567726940446496,13.567726940446496,13.567726940446496,13.567726940446496,13.567726940446496,13.567726940446496,13.567726940446496,13.567726940446496,13.567726940446496,13.567726940446496,13.567726940446496,13.567726940446496,13.567726940446496,13.567726940446496,13.567726940446496,13.567726940446496,CPAT 1.0pre_456_NoPropData.xlsb Mitigation (cached values)
egy.mit.atp.mch.coa.e.1,5680,10.52336134543121,10.299560827444214,9.577528359538263,8.485478286958045,9.08719223524986,9.222923728932681,9.158564955509688,9.089547877397377,9.01568166602283,8.944397765557106,8.944397765557106,8.944397765557106,8.944397765557106,8.944397765557106,8.944397765557106,8.944397765557106,8.944397765557106,8.944397765557106,8.944397765557106,CPAT 1.0pre_456_NoPropData.xlsb Mitigation (cached values)
egy.mit.atp.mch.die.e.1,5683,0.49458873084106797,0.5077865472025005,0.47043642679561737,0.47043642679561737,0.47043642679561737,0.47043642679561737,0.47043642679561737,0.47043642679561737,0.47043642679561737,0.47043642679561737,0.47043642679561737,0.47043642679561737,0.47043642679561737,0.47043642679561737,0.47043642679561737,0.47043642679561737,0.47043642679561737,0.47043642679561737,0.47043642679561737,CPAT 1.0pre_456_NoPropData.xlsb Mitigation (cached values)
egy.mit.atp.mch.gso.e.1,5682,0.6119779767914063,0.611809749641876,0.6035831001779055,0.6035831001779055,0.6035831001779055,0.6035831001779055,0.6035831001779055,0.6035831001779055,0.6035831001779055,0.6035831001779055,0.6035831001779055,0.6035831001779055,0.6035831001779055,0.6035831001779055,0.6035831001779055,0.6035831001779055,0.6035831001779055,0.6035831001779055,0.6035831001779055,CPAT 1.0pre_456_NoPropData.xlsb Mitigation (cached values)
egy.mit.atp.mch.ker.e.1,5685,0.45642817050012807,0.43168920195599525,0.42507558395596995,0.42507558395596995,0.42507558395596995,0.42507558395596995,0.42507558395596995,0.42507558395596995,0.42507558395596995,0.42507558395596995,0.42507558395596995,0.42507558395596995,0.42507558395596995,0.42507558395596995,0.42507558395596995,0.42507558395596995,0.42507558395596995,0.42507558395596995,0.42507558395596995,CPAT 1.0pre_456_NoPropData.xlsb Mitigation (cached values)
egy.mit.atp.mch.lpg.e.1,5684,0.1573447362522738,0.16448403775927667,0.1507090778070489,0.1507090778070489,0.1507090778070489,0.1507090778070489,0.1507090778070489,0.1507090778070489,0.1507090778070489,0.1507090778070489,0.1507090778070489,0.1507090778070489,0.1507090778070489,0.1507090778070489,0.1507090778070489,0.1507090778070489,0.1507090778070489,0.1507090778070489,0.1507090778070489,CPAT 1.0pre_456_NoPropData.xlsb Mitigation (cached values)
egy.mit.atp.mch.nga.e.1,5681,5.45101508161919,5.119356306262482,5.082184586404073,5.082184586404073,5.082184586404073,5.082184586404073,5.082184586404073,5.082184586404073,5.082184586404073,5.082184586404073,5.082184586404073,5.082184586404073,5.082184586404073,5.082184586404073,5.082184586404073,5.082184586404073,5.082184586404073,5.082184586404073,5.082184586404073,CPAT 1.0pre_456_NoPropData.xlsb Mitigation (cached values)
egy.mit.atp.mch.oop.e.1,5686,34.41537030431323,37.368960690432026,28.98276110147725,15.0,24.2586300842555,15.0,15.0,15.0,15.0,15.0,15.0,15.0,15.0,15.0,15.0,15.0,15.0,15.0,15.0,CPAT 1.0pre_456_NoPropData.xlsb Mitigation (cached values)
egy.mit.atp.nav.bio.e.1,5504,14.199528390634917,13.84044161331516,13.567726940446496,13.567726940446496,13.567726940446496,13.567726940446496,13.567726940446496,13.567726940446496,13.567726940446496,13.567726940446496,13.567726940446496,13.567726940446496,13.567726940446496,13.567726940446496,13.567726940446496,13.567726940446496,13.567726940446496,13.567726940446496,13.567726940446496,CPAT 1.0pre_456_NoPropData.xlsb Mitigation (cached values)
egy.mit.atp.nav.coa.e.1,5497,10.52336134543121,10.299560827444214,9.577528359538263,8.485478286958045,9.08719223524986,9.222923728932681,9.158564955509688,9.089547877397377,9.01568166602283,8.944397765557106,8.944397765557106,8.944397765557106,8.944397765557106,8.944397765557106,8.944397765557106,8.944397765557106,8.944397765557106,8.944397765557106,8.944397765557106,CPAT 1.0pre_456_NoPropData.xlsb Mitigation (cached values)
egy.mit.atp.nav.die.e.1,5500,0.49458873084106797,0.5077865472025005,0.47043642679561737,0.47043642679561737,0.47043642679561737,0.47043642679561737,0.47043642679561737,0.47043642679561737,0.47043642679561737,0.47043642679561737,0.47043642679561737,0.47043642679561737,0.47043642679561737,0.47043642679561737,0.47043642679561737,0.47043642679561737,0.47043642679561737,0.47043642679561737,0.47043642679561737,CPAT 1.0pre_456_NoPropData.xlsb Mitigation (cached values)
egy.mit.atp.nav.gso.e.1,5499,0.6119779767914063,0.611809749641876,0.6035831001779055,0.6035831001779055,0.6035831001779055,0.6035831001779055,0.6035831001779055,0.6035831001779055,0.6035831001779055,0.6035831001779055,0.6035831001779055,0.6035831001779055,0.6035831001779055,0.6035831001779055,0.6035831001779055,0.6035831001779055,0.6035831001779055,0.6035831001779055,0.6035831001779055,CPAT 1.0pre_456_NoPropData.xlsb Mitigation (cached values)
egy.mit.atp.nav.ker.e.1,5502,0.45642817050012807,0.43168920195599525,0.42507558395596995,0.42507558395596995,0.42507558395596995,0.42507558395596995,0.42507558395596995,0.42507558395596995,0.42507558395596995,0.42507558395596995,0.42507558395596995,0.42507558395596995,0.42507558395596995,0.42507558395596995,0.42507558395596995,0.42507558395596995,0.42507558395596995,0.42507558395596995,0.42507558395596995,CPAT 1.0pre_456_NoPropData.xlsb Mitigation (cached values)
egy.mit.atp.nav.lpg.e.1,5501,0.1573447362522738,0.16448403775927667,0.1507090778070489,0.1507090778070489,0.1507090778070489,0.1507090778070489,0.1507090778070489,0.1507090778070489,0.1507090778070489,0.1507090778070489,0.1507090778070489,0.1507090778070489,0.1507090778070489,0.1507090778070489,0.1507090778070489,0.1507090778070489,0.1507090778070489,0.1507090778070489,0.1507090778070489,CPAT 1.0pre_456_NoPropData.xlsb Mitigation (cached values)
egy.mit.atp.nav.nga.e.1,5498,5.45101508161919,5.119356306262482,5.082184586404073,5.082184586404073,5.082184586404073,5.082184586404073,5.082184586404073,5.082184586404073,5.082184586404073,5.082184586404073,5.082184586404073,5.082184586404073,5.082184586404073,5.082184586404073,5.082184586404073,5.082184586404073,5.082184586404073,5.082184586404073,5.082184586404073,CPAT 1.0pre_456_NoPropData.xlsb Mitigation (cached values)
egy.mit.atp.nav.oop.e.1,5503,34.41537030431323,37.368960690432026,28.98276110147725,15.0,24.2586300842555,15.0,15.0,15.0,15.0,15.0,15.0,15.0,15.0,15.0,15.0,15.0,15.0,15.0,15.0,CPAT 1.0pre_456_NoPropData.xlsb Mitigation (cached values)
egy.mit.atp.nfm.bio.e.1,5739,14.199528390634917,13.84044161331516,13.567726940446496,13.567726940446496,13.567726940446496,13.567726940446496,13.567726940446496,13.567726940446496,13.567726940446496,13.567726940446496,13.567726940446496,13.567726940446496,13.567726940446496,13.567726940446496,13.567726940446496,13.567726940446496,13.567726940446496,13.567726940446496,13.567726940446496,CPAT 1.0pre_456_NoPropData.xlsb Mitigation (cached values)
egy.mit.atp.nfm.coa.e.1,5732,10.52336134543121,10.299560827444214,9.577528359538263,8.485478286958045,9.08719223524986,9.222923728932681,9.158564955509688,9.089547877397377,9.01568166602283,8.944397765557106,8.944397765557106,8.944397765557106,8.944397765557106,8.944397765557106,8.944397765557106,8.944397765557106,8.944397765557106,8.944397765557106,8.944397765557106,CPAT 1.0pre_456_NoPropData.xlsb Mitigation (cached values)
egy.mit.atp.nfm.die.e.1,5735,0.49458873084106797,0.5077865472025005,0.47043642679561737,0.47043642679561737,0.47043642679561737,0.47043642679561737,0.47043642679561737,0.47043642679561737,0.47043642679561737,0.47043642679561737,0.47043642679561737,0.47043642679561737,0.47043642679561737,0.47043642679561737,0.47043642679561737,0.47043642679561737,0.47043642679561737,0.47043642679561737,0.47043642679561737,CPAT 1.0pre_456_NoPropData.xlsb Mitigation (cached values)
egy.mit.atp.nfm.gso.e.1,5734,0.6119779767914063,0.611809749641876,0.6035831001779055,0.6035831001779055,0.6035831001779055,0.6035831001779055,0.6035831001779055,0.6035831001779055,0.6035831001779055,0.6035831001779055,0.6035831001779055,0.6035831001779055,0.6035831001779055,0.6035831001779055,0.6035831001779055,0.6035831001779055,0.6035831001779055,0.6035831001779055,0.6035831001779055,CPAT 1.0pre_456_NoPropData.xlsb Mitigation (cached values)
egy.mit.atp.nfm.ker.e.1,5737,0.45642817050012807,0.43168920195599525,0.42507558395596995,0.42507558395596995,0.42507558395596995,0.42507558395596995,0.42507558395596995,0.42507558395596995,0.42507558395596995,0.42507558395596995,0.42507558395596995,0.42507558395596995,0.42507558395596995,0.42507558395596995,0.42507558395596995,0.42507558395596995,0.42507558395596995,0.42507558395596995,0.42507558395596995,CPAT 1.0pre_456_NoPropData.xlsb Mitigation (cached values)
egy.mit.atp.nfm.lpg.e.1,5736,0.1573447362522738,0.16448403775927667,0.1507090778070489,0.1507090778070489,0.1507090778070489,0.1507090778070489,0.1507090778070489,0.1507090778070489,0.1507090778070489,0.1507090778070489,0.1507090778070489,0.1507090778070489,0.1507090778070489,0.1507090778070489,0.1507090778070489,0.1507090778070489,0.1507090778070489,0.1507090778070489,0.1507090778070489,CPAT 1.0pre_456_NoPropData.xlsb Mitigation (cached values)
egy.mit.atp.nfm.nga.e.1,5733,5.45101508161919,5.119356306262482,5.082184586404073,5.082184586404073,5.082184586404073,5.082184586404073,5.082184586404073,5.082184586404073,5.082184586404073,5.082184586404073,5.082184586404073,5.082184586404073,5.082184586404073,5.082184586404073,5.082184586404073,5.082184586404073,5.082184586404073,5.082184586404073,5.082184586404073,CPAT 1.0pre_456_NoPropData.xlsb Mitigation (cached values)
egy.mit.atp.nfm.oop.e.1,5738,34.41537030431323,37.368960690432026,28.98276110147725,15.0,24.2586300842555,15.0,15.0,15.0,15.0,15.0,15.0,15.0,15.0,15.0,15.0,15.0,15.0,15.0,15.0,CPAT 1.0pre_456_NoPropData.xlsb Mitigation (cached values)
egy.mit.atp.oen.bio.e.1,6073,14.199528390634917,13.84044161331516,13.567726940446496,13.567726940446496,13.567726940446496,13.567726940446496,13.567726940446496,13.567726940446496,13.567726940446496,13.567726940446496,13.567726940446496,13.567726940446496,13.567726940446496,13.567726940446496,13.567726940446496,13.567726940446496,13.567726940446496,13.567726940446496,13.567726940446496,CPAT 1.0pre_456_NoPropData.xlsb Mitigation (cached values)
egy.mit.atp.oen.coa.e.1,6066,10.52336134543121,10.299560827444214,9.577528359538263,8.485478286958045,9.08719223524986,9.222923728932681,9.158564955509688,9.089547877397377,9.01568166602283,8.944397765557106,8.944397765557106,8.944397765557106,8.944397765557106,8.944397765557106,8.944397765557106,8.944397765557106,8.944397765557106,8.944397765557106,8.944397765557106,CPAT 1.0pre_456_NoPropData.xlsb Mitigation (cached values)
egy.mit.atp.oen.die.e.1,6069,0.49458873084106797,0.5077865472025005,0.47043642679561737,0.47043642679561737,0.47043642679561737,0.47043642679561737,0.47043642679561737,0.47043642679561737,0.47043642679561737,0.47043642679561737,0.47043642679561737,0.47043642679561737,0.47043642679561737,0.47043642679561737,0.47043642679561737,0.47043642679561737,0.47043642679561737,0.47043642679561737,0.47043642679561737,CPAT 1.0pre_456_NoPropData.xlsb Mitigation (cached values)
egy.mit.atp.oen.gso.e.1,6068,0.6119779767914063,0.611809749641876,0.6035831001779055,0.6035831001779055,0.6035831001779055,0.6035831001779055,0.6035831001779055,0.6035831001779055,0.6035831001779055,0.6035831001779055,0.6035831001779055,0.6035831001779055,0.6035831001779055,0.6035831001779055,0.6035831001779055,0.6035831001779055,0.6035831001779055,0.6035831001779055,0.6035831001779055,CPAT 1.0pre_456_NoPropData.xlsb Mitigation (cached values)
egy.mit.atp.oen.ker.e.1,6071,0.45642817050012807,0.43168920195599525,0.42507558395596995,0.42507558395596995,0.42507558395596995,0.42507558395596995,0.42507558395596995,0.42507558395596995,0.42507558395596995,0.42507558395596995,0.42507558395596995,0.42507558395596995,0.42507558395596995,0.42507558395596995,0.42507558395596995,0.42507558395596995,0.42507558395596995,0.42507558395596995,0.42507558395596995,CPAT 1.0pre_456_NoPropData.xlsb Mitigation (cached values)
egy.mit.atp.oen.lpg.e.1,6070,0.1573447362522738,0.16448403775927667,0.1507090778070489,0.1507090778070489,0.1507090778070489,0.1507090778070489,0.1507090778070489,0.1507090778070489,0.1507090778070489,0.1507090778070489,0.1507090778070489,0.1507090778070489,0.1507090778070489,0.1507090778070489,0.1507090778070489,0.1507090778070489,0.1507090778070489,0.1507090778070489,0.1507090778070489,CPAT 1.0pre_456_NoPropData.xlsb Mitigation (cached values)
egy.mit.atp.oen.nga.e.1,6067,5.45101508161919,5.119356306262482,5.082184586404073,5.082184586404073,5.082184586404073,5.082184586404073,5.082184586404073,5.082184586404073,5.082184586404073,5.082184586404073,5.082184586404073,5.082184586404073,5.082184586404073,5.082184586404073,5.082184586404073,5.082184586404073,5.082184586404073,5.082184586404073,5.082184586404073,CPAT 1.0pre_456_NoPropData.xlsb Mitigation (cached values)
egy.mit.atp.oen.oop.e.1,6072,34.41537030431323,37.368960690432026,28.98276110147725,15.0,24.2586300842555,15.0,15.0,15.0,15.0,15.0,15.0,15.0,15.0,15.0,15.0,15.0,15.0,15.0,15.0,CPAT 1.0pre_456_NoPropData.xlsb Mitigation (cached values)
egy.mit.atp.omn.bio.e.1,5814,14.199528390634917,13.84044161331516,13.567726940446496,13.567726940446496,13.567726940446496,13.567726940446496,13.567726940446496,13.567726940446496,13.567726940446496,13.567726940446496,13.567726940446496,13.567726940446496,13.567726940446496,13.567726940446496,13.567726940446496,13.567726940446496,13.567726940446496,13.567726940446496,13.567726940446496,CPAT 1.0pre_456_NoPropData.xlsb Mitigation (cached values)
egy.mit.atp.omn.coa.e.1,5807,10.52336134543121,10.299560827444214,9.577528359538263,8.485478286958045,9.08719223524986,9.222923728932681,9.158564955509688,9.089547877397377,9.01568166602283,8.944397765557106,8.944397765557106,8.944397765557106,8.944397765557106,8.944397765557106,8.944397765557106,8.944397765557106,8.944397765557106,8.944397765557106,8.944397765557106,CPAT 1.0pre_456_NoPropData.xlsb Mitigation (cached values)
egy.mit.atp.omn.die.e.1,5810,0.49458873084106797,0.5077865472025005,0.47043642679561737,0.47043642679561737,0.47043642679561737,0.47043642679561737,0.47043642679561737,0.47043642679561737,0.47043642679561737,0.47043642679561737,0.47043642679561737,0.47043642679561737,0.47043642679561737,0.47043642679561737,0.47043642679561737,0.47043642679561737,0.47043642679561737,0.47043642679561737,0.47043642679561737,CPAT 1.0pre_456_NoPropData.xlsb Mitigation (cached values)
egy.mit.atp.omn.gso.e.1,5809,0.6119779767914063,0.611809749641876,0.6035831001779055,0.6035831001779055,0.6035831001779055,0.6035831001779055,0.6035831001779055,0.6035831001779055,0.6035831001779055,0.6035831001779055,0.6035831001779055,0.6035831001779055,0.6035831001779055,0.6035831001779055,0.6035831001779055,0.6035831001779055,0.6035831001779055,0.6035831001779055,0.6035831001779055,CPAT 1.0pre_456_NoPropData.xlsb Mitigation (cached values)
egy.mit.atp.omn.ker.e.1,5812,0.45642817050012807,0.43168920195599525,0.42507558395596995,0.42507558395596995,0.42507558395596995,0.42507558395596995,0.42507558395596995,0.42507558395596995,0.42507558395596995,0.42507558395596995,0.42507558395596995,0.42507558395596995,0.42507558395596995,0.42507558395596995,0.42507558395596995,0.42507558395596995,0.42507558395596995,0.42507558395596995,0.42507558395596995,CPAT 1.0pre_456_NoPropData.xlsb Mitigation (cached values)
egy.mit.atp.omn.lpg.e.1,5811,0.1573447362522738,0.16448403775927667,0.1507090778070489,0.1507090778070489,0.1507090778070489,0.1507090778070489,0.1507090778070489,0.1507090778070489,0.1507090778070489,0.1507090778070489,0.1507090778070489,0.1507090778070489,0.1507090778070489,0.1507090778070489,0.1507090778070489,0.1507090778070489,0.1507090778070489,0.1507090778070489,0.1507090778070489,CPAT 1.0pre_456_NoPropData.xlsb Mitigation (cached values)
egy.mit.atp.omn.nga.e.1,5808,5.45101508161919,5.119356306262482,5.082184586404073,5.082184586404073,5.082184586404073,5.082184586404073,5.082184586404073,5.082184586404073,5.082184586404073,5.082184586404073,5.082184586404073,5.082184586404073,5.082184586404073,5.082184586404073,5.082184586404073,5.082184586404073,5.082184586404073,5.082184586404073,5.082184586404073,CPAT 1.0pre_456_NoPropData.xlsb Mitigation (cached values)
egy.mit.atp.omn.oop.e.1,5813,34.41537030431323,37.368960690432026,28.98276110147725,15.0,24.2586300842555,15.0,15.0,15.0,15.0,15.0,15.0,15.0,15.0,15.0,15.0,15.0,15.0,15.0,15.0,CPAT 1.0pre_456_NoPropData.xlsb Mitigation (cached values)
egy.mit.atp.ral.bio.e.1,5454,14.199528390634917,13.84044161331516,13.567726940446496,13.567726940446496,13.567726940446496,13.567726940446496,13.567726940446496,13.567726940446496,13.567726940446496,13.567726940446496,13.567726940446496,13.567726940446496,13.567726940446496,13.567726940446496,13.567726940446496,13.567726940446496,13.567726940446496,13.567726940446496,13.567726940446496,CPAT 1.0pre_456_NoPropData.xlsb Mitigation (cached values)
egy.mit.atp.ral.coa.e.1,5447,10.52336134543121,10.299560827444214,9.577528359538263,8.485478286958045,9.08719223524986,9.222923728932681,9.158564955509688,9.089547877397377,9.01568166602283,8.944397765557106,8.944397765557106,8.944397765557106,8.944397765557106,8.944397765557106,8.944397765557106,8.944397765557106,8.944397765557106,8.944397765557106,8.944397765557106,CPAT 1.0pre_456_NoPropData.xlsb Mitigation (cached values)
egy.mit.atp.ral.die.e.1,5450,0.49458873084106797,0.5077865472025005,0.47043642679561737,0.47043642679561737,0.47043642679561737,0.47043642679561737,0.47043642679561737,0.47043642679561737,0.47043642679561737,0.47043642679561737,0.47043642679561737,0.47043642679561737,0.47043642679561737,0.47043642679561737,0.47043642679561737,0.47043642679561737,0.47043642679561737,0.47043642679561737,0.47043642679561737,CPAT 1.0pre_456_NoPropData.xlsb Mitigation (cached values)
egy.mit.atp.ral.gso.e.1,5449,0.6119779767914063,0.611809749641876,0.6035831001779055,0.6035831001779055,0.6035831001779055,0.6035831001779055,0.6035831001779055,0.6035831001779055,0.6035831001779055,0.6035831001779055,0.6035831001779055,0.6035831001779055,0.6035831001779055,0.6035831001779055,0.6035831001779055,0.6035831001779055,0.6035831001779055,0.6035831001779055,0.6035831001779055,CPAT 1.0pre_456_NoPropData.xlsb Mitigation (cached values)
egy.mit.atp.ral.ker.e.1,5452,0.45642817050012807,0.43168920195599525,0.42507558395596995,0.42507558395596995,0.42507558395596995,0.42507558395596995,0.42507558395596995,0.42507558395596995,0.42507558395596995,0.42507558395596995,0.42507558395596995,0.42507558395596995,0.42507558395596995,0.42507558395596995,0.42507558395596995,0.42507558395596995,0.42507558395596995,0.42507558395596995,0.42507558395596995,CPAT 1.0pre_456_NoPropData.xlsb Mitigation (cached values)
egy.mit.atp.ral.lpg.e.1,5451,0.1573447362522738,0.16448403775927667,0.1507090778070489,0.1507090778070489,0.1507090778070489,0.1507090778070489,0.1507090778070489,0.1507090778070489,0.1507090778070489,0.1507090778070489,0.1507090778070489,0.1507090778070489,0.1507090778070489,0.1507090778070489,0.1507090778070489,0.1507090778070489,0.1507090778070489,0.1507090778070489,0.1507090778070489,CPAT 1.0pre_456_NoPropData.xlsb Mitigation (cached values)
egy.mit.atp.ral.nga.e.1,5448,5.45101508161919,5.119356306262482,5.082184586404073,5.082184586404073,5.082184586404073,5.082184586404073,5.082184586404073,5.082184586404073,5.082184586404073,5.082184586404073,5.082184586404073,5.082184586404073,5.082184586404073,5.082184586404073,5.082184586404073,5.082184586404073,5.082184586404073,5.082184586404073,5.082184586404073,CPAT 1.0pre_456_NoPropData.xlsb Mitigation (cached values)
egy.mit.atp.ral.oop.e.1,5453,34.41537030431323,37.368960690432026,28.98276110147725,15.0,24.2586300842555,15.0,15.0,15.0,15.0,15.0,15.0,15.0,15.0,15.0,15.0,15.0,15.0,15.0,15.0,CPAT 1.0pre_456_NoPropData.xlsb Mitigation (cached values)
egy.mit.atp.res.bio.e.1,5549,14.199528390634917,13.84044161331516,13.567726940446496,13.567726940446496,13.567726940446496,13.567726940446496,13.567726940446496,13.567726940446496,13.567726940446496,13.567726940446496,13.567726940446496,13.567726940446496,13.567726940446496,13.567726940446496,13.567726940446496,13.567726940446496,13.567726940446496,13.567726940446496,13.567726940446496,CPAT 1.0pre_456_NoPropData.xlsb Mitigation (cached values)
egy.mit.atp.res.coa.e.1,5542,15.786331940478064,15.555569050072167,15.370088676810715,13.444395492704304,14.505442488717565,14.74478793524643,14.631299319266319,14.50959636786795,14.3793425788236,14.253642370829448,14.253642370829448,14.253642370829448,14.253642370829448,14.253642370829448,14.253642370829448,14.253642370829448,14.253642370829448,14.253642370829448,14.253642370829448,CPAT 1.0pre_456_NoPropData.xlsb Mitigation (cached values)
egy.mit.atp.res.die.e.1,5545,0.49458873084106797,0.5077865472025005,0.47043642679561737,0.47043642679561737,0.47043642679561737,0.47043642679561737,0.47043642679561737,0.47043642679561737,0.47043642679561737,0.47043642679561737,0.47043642679561737,0.47043642679561737,0.47043642679561737,0.47043642679561737,0.47043642679561737,0.47043642679561737,0.47043642679561737,0.47043642679561737,0.47043642679561737,CPAT 1.0pre_456_NoPropData.xlsb Mitigation (cached values)
egy.mit.atp.res.gso.e.1,5544,0.6119779767914063,0.611809749641876,0.6035831001779055,0.6035831001779055,0.6035831001779055,0.6035831001779055,0.6035831001779055,0.6035831001779055,0.6035831001779055,0.6035831001779055,0.6035831001779055,0.6035831001779055,0.6035831001779055,0.6035831001779055,0.6035831001779055,0.6035831001779055,0.6035831001779055,0.6035831001779055,0.6035831001779055,CPAT 1.0pre_456_NoPropData.xlsb Mitigation (cached values)
egy.mit.atp.res.ker.e.1,5547,0.45642817050012807,0.43168920195599525,0.42507558395596995,0.42507558395596995,0.42507558395596995,0.42507558395596995,0.42507558395596995,0.42507558395596995,0.42507558395596995,0.42507558395596995,0.42507558395596995,0.42507558395596995,0.42507558395596995,0.42507558395596995,0.42507558395596995,0.42507558395596995,0.42507558395596995,0.42507558395596995,0.42507558395596995,CPAT 1.0pre_456_NoPropData.xlsb Mitigation (cached values)
egy.mit.atp.res.lpg.e.1,5546,0.1573447362522738,0.16448403775927667,0.1507090778070489,0.1507090778070489,0.1507090778070489,0.1507090778070489,0.1507090778070489,0.1507090778070489,0.1507090778070489,0.1507090778070489,0.1507090778070489,0.1507090778070489,0.1507090778070489,0.1507090778070489,0.1507090778070489,0.1507090778070489,0.1507090778070489,0.1507090778070489,0.1507090778070489,CPAT 1.0pre_456_NoPropData.xlsb Mitigation (cached values)
egy.mit.atp.res.nga.e.1,5543,6.240703062496739,5.813833728411016,5.542731898579626,5.542731898579627,5.542731898579627,5.542731898579627,5.542731898579627,5.542731898579627,5.542731898579627,5.542731898579627,5.542731898579627,5.542731898579627,5.542731898579627,5.542731898579627,5.542731898579627,5.542731898579627,5.542731898579627,5.542731898579627,5.542731898579627,CPAT 1.0pre_456_NoPropData.xlsb Mitigation (cached values)
egy.mit.atp.res.oop.e.1,5548,34.41537030431323,37.368960690432026,28.98276110147725,15.0,24.2586300842555,15.0,15.0,15.0,15.0,15.0,15.0,15.0,15.0,15.0,15.0,15.0,15.0,15.0,15.0,CPAT 1.0pre_456_NoPropData.xlsb Mitigation (cached values)
egy.mit.atp.rod.bio.e.1,5421,14.199528390634917,13.84044161331516,13.567726940446496,13.567726940446496,13.567726940446496,13.567726940446496,13.567726940446496,13.567726940446496,13.567726940446496,13.567726940446496,13.567726940446496,13.567726940446496,13.567726940446496,13.567726940446496,13.567726940446496,13.567726940446496,13.567726940446496,13.567726940446496,13.567726940446496,CPAT 1.0pre_456_NoPropData.xlsb Mitigation (cached values)
egy.mit.atp.rod.coa.e.1,5414,15.786331940478064,15.555569050072167,15.370088676810715,13.444395492704304,14.505442488717565,14.74478793524643,14.631299319266319,14.50959636786795,14.3793425788236,14.253642370829448,14.253642370829448,14.253642370829448,14.253642370829448,14.253642370829448,14.253642370829448,14.253642370829448,14.253642370829448,14.253642370829448,14.253642370829448,CPAT 1.0pre_456_NoPropData.xlsb Mitigation (cached values)
egy.mit.atp.rod.die.e.1,5417,0.49458873084106797,0.5077865472025005,0.47043642679561737,0.47043642679561737,0.47043642679561737,0.47043642679561737,0.47043642679561737,0.47043642679561737,0.47043642679561737,0.47043642679561737,0.47043642679561737,0.47043642679561737,0.47043642679561737,0.47043642679561737,0.47043642679561737,0.47043642679561737,0.47043642679561737,0.47043642679561737,0.47043642679561737,CPAT 1.0pre_456_NoPropData.xlsb Mitigation (cached values)
egy.mit.atp.rod.gso.e.1,5416,0.6119779767914063,0.611809749641876,0.6035831001779055,0.6035831001779055,0.6035831001779055,0.6035831001779055,0.6035831001779055,0.6035831001779055,0.6035831001779055,0.6035831001779055,0.6035831001779055,0.6035831001779055,0.6035831001779055,0.6035831001779055,0.6035831001779055,0.6035831001779055,0.6035831001779055,0.6035831001779055,0.6035831001779055,CPAT 1.0pre_456_NoPropData.xlsb Mitigation (cached values)
egy.mit.atp.rod.ker.e.1,5419,0.45642817050012807,0.43168920195599525,0.42507558395596995,0.42507558395596995,0.42507558395596995,0.42507558395596995,0.42507558395596995,0.42507558395596995,0.42507558395596995,0.42507558395596995,0.42507558395596995,0.42507558395596995,0.42507558395596995,0.42507558395596995,0.42507558395596995,0.42507558395596995,0.42507558395596995,0.42507558395596995,0.42507558395596995,CPAT 1.0pre_456_NoPropData.xlsb Mitigation (cached values)
egy.mit.atp.rod.lpg.e.1,5418,0.1573447362522738,0.16448403775927667,0.1507090778070489,0.1507090778070489,0.1507090778070489,0.1507090778070489,0.1507090778070489,0.1507090778070489,0.1507090778070489,0.1507090778070489,0.1507090778070489,0.1507090778070489,0.1507090778070489,0.1507090778070489,0.1507090778070489,0.1507090778070489,0.1507090778070489,0.1507090778070489,0.1507090778070489,CPAT 1.0pre_456_NoPropData.xlsb Mitigation (cached values)
egy.mit.atp.rod.nga.e.1,5415,6.240703062496739,5.813833728411016,5.542731898579626,5.542731898579627,5.542731898579627,5.542731898579627,5.542731898579627,5.542731898579627,5.542731898579627,5.542731898579627,5.542731898579627,5.542731898579627,5.542731898579627,5.542731898579627,5.542731898579627,5.542731898579627,5.542731898579627,5.542731898579627,5.542731898579627,CPAT 1.0pre_456_NoPropData.xlsb Mitigation (cached values)
egy.mit.atp.rod.oop.e.1,5420,34.41537030431323,37.368960690432026,28.98276110147725,15.0,24.2586300842555,15.0,15.0,15.0,15.0,15.0,15.0,15.0,15.0,15.0,15.0,15.0,15.0,15.0,15.0,CPAT 1.0pre_456_NoPropData.xlsb Mitigation (cached values)
egy.mit.atp.srv.bio.e.1,5630,14.199528390634917,13.84044161331516,13.567726940446496,13.567726940446496,13.567726940446496,13.567726940446496,13.567726940446496,13.567726940446496,13.567726940446496,13.567726940446496,13.567726940446496,13.567726940446496,13.567726940446496,13.567726940446496,13.567726940446496,13.567726940446496,13.567726940446496,13.567726940446496,13.567726940446496,CPAT 1.0pre_456_NoPropData.xlsb Mitigation (cached values)
egy.mit.atp.srv.coa.e.1,5623,10.52336134543121,10.299560827444214,9.577528359538263,8.485478286958045,9.08719223524986,9.222923728932681,9.158564955509688,9.089547877397377,9.01568166602283,8.944397765557106,8.944397765557106,8.944397765557106,8.944397765557106,8.944397765557106,8.944397765557106,8.944397765557106,8.944397765557106,8.944397765557106,8.944397765557106,CPAT 1.0pre_456_NoPropData.xlsb Mitigation (cached values)
egy.mit.atp.srv.die.e.1,5626,0.49458873084106797,0.5077865472025005,0.47043642679561737,0.47043642679561737,0.47043642679561737,0.47043642679561737,0.47043642679561737,0.47043642679561737,0.47043642679561737,0.47043642679561737,0.47043642679561737,0.47043642679561737,0.47043642679561737,0.47043642679561737,0.47043642679561737,0.47043642679561737,0.47043642679561737,0.47043642679561737,0.47043642679561737,CPAT 1.0pre_456_NoPropData.xlsb Mitigation (cached values)
egy.mit.atp.srv.gso.e.1,5625,0.6119779767914063,0.611809749641876,0.6035831001779055,0.6035831001779055,0.6035831001779055,0.6035831001779055,0.6035831001779055,0.6035831001779055,0.6035831001779055,0.6035831001779055,0.6035831001779055,0.6035831001779055,0.6035831001779055,0.6035831001779055,0.6035831001779055,0.6035831001779055,0.6035831001779055,0.6035831001779055,0.6035831001779055,CPAT 1.0pre_456_NoPropData.xlsb Mitigation (cached values)
egy.mit.atp.srv.ker.e.1,5628,0.45642817050012807,0.43168920195599525,0.42507558395596995,0.42507558395596995,0.42507558395596995,0.42507558395596995,0.42507558395596995,0.42507558395596995,0.42507558395596995,0.42507558395596995,0.42507558395596995,0.42507558395596995,0.42507558395596995,0.42507558395596995,0.42507558395596995,0.42507558395596995,0.42507558395596995,0.42507558395596995,0.42507558395596995,CPAT 1.0pre_456_NoPropData.xlsb Mitigation (cached values)
egy.mit.atp.srv.lpg.e.1,5627,0.1573447362522738,0.16448403775927667,0.1507090778070489,0.1507090778070489,0.1507090778070489,0.1507090778070489,0.1507090778070489,0.1507090778070489,0.1507090778070489,0.1507090778070489,0.1507090778070489,0.1507090778070489,0.1507090778070489,0.1507090778070489,0.1507090778070489,0.1507090778070489,0.1507090778070489,0.1507090778070489,0.1507090778070489,CPAT 1.0pre_456_NoPropData.xlsb Mitigation (cached values)
egy.mit.atp.srv.nga.e.1,5624,5.45101508161919,5.119356306262482,5.082184586404073,5.082184586404073,5.082184586404073,5.082184586404073,5.082184586404073,5.082184586404073,5.082184586404073,5.082184586404073,5.082184586404073,5.082184586404073,5.082184586404073,5.082184586404073,5.082184586404073,5.082184586404073,5.082184586404073,5.082184586404073,5.082184586404073,CPAT 1.0pre_456_NoPropData.xlsb Mitigation (cached values)
egy.mit.atp.srv.oop.e.1,5629,34.41537030431323,37.368960690432026,28.98276110147725,15.0,24.2586300842555,15.0,15.0,15.0,15.0,15.0,15.0,15.0,15.0,15.0,15.0,15.0,15.0,15.0,15.0,CPAT 1.0pre_456_NoPropData.xlsb Mitigation (cached values)
egy.mit.co2.bld.foo.1,1894,2.5931281578519996,2.032113551966961,2.4326661370210547,2.4827369356024676,2.531444108259758,2.588030078234422,2.654152152231489,2.7172335202931874,2.7761356539440243,2.8352180369024236,2.894677007569589,2.954498588135808,3.0146688290507617,3.075173798384277,3.135999569582877,3.1971322076766095,3.258557753987456,3.320262209386964,3.3822315161470615,CPAT 1.0pre_456_NoPropData.xlsb Mitigation (cached values)
egy.mit.co2.bld.res.1,1893,12.930726483059928,10.368958739364269,11.914326568854209,12.088110993393219,12.254087304584433,12.451607438063458,12.686941669342993,12.90780310354653,13.109757964464363,13.310812288447634,13.511747025458533,13.712541762598892,13.91314603372601,14.113510119075102,14.313584976823705,14.513322170814819,14.712673794694863,14.911592392700635,15.110030877308393,CPAT 1.0pre_456_NoPropData.xlsb Mitigation (cached values)
egy.mit.co2.bld.srv.1,1895,0.0,0.0,0.0,0.0,0.0,0.0,0.0,0.0,0.0,0.0,0.0,0.0,0.0,0.0,0.0,0.0,0.0,0.0,0.0,CPAT 1.0pre_456_NoPropData.xlsb Mitigation (cached values)
egy.mit.co2.ind.cem.1,1900,9.489357446132306,7.8923978681734726,8.97404989804158,9.611738944075816,9.62559201859446,9.86104765555745,10.224041222352259,10.57727817828862,10.913917324515172,11.25498088660003,11.572436051134586,11.894967219383657,12.222536887315176,12.555104231742494,12.892625020155878,13.235051509488896,13.582332333397817,13.934412377644659,14.291232643187334,CPAT 1.0pre_456_NoPropData.xlsb Mitigation (cached values)
egy.mit.co2.ind.cst.1,1902,0.0,0.0,0.0,0.0,0.0,0.0,0.0,0.0,0.0,0.0,0.0,0.0,0.0,0.0,0.0,0.0,0.0,0.0,0.0,CPAT 1.0pre_456_NoPropData.xlsb Mitigation (cached values)
egy.mit.co2.ind.ftr.1,1903,25.953510429939154,21.577817225961336,24.710861199695906,26.07513127830873,26.58461671198057,28.018396282808556,29.27938601494831,30.502679709157825,31.661283021775105,32.84196814850438,34.04895856143221,35.28219960081294,36.541618111037266,37.827122174452505,39.13860080010103,40.475923564467244,41.83894020145148,43.227480138908334,44.64135197920291,CPAT 1.0pre_456_NoPropData.xlsb Mitigation (cached values)
egy.mit.co2.ind.irn.1,1897,4.530383518401958,3.846903361862514,4.329074620821513,4.545160654351195,4.660652723389092,4.833079594274428,5.0529306123252535,5.266791699961532,5.469979089775039,5.677110360427659,5.884285846153308,6.096067414392637,6.312446688278849,6.533411878712708,6.75894772127454,6.989035405040347,7.223652492772068,7.4627728319721705,7.706366456313073,CPAT 1.0pre_456_NoPropData.xlsb Mitigation (cached values)
egy.mit.co2.ind.mac.1,1899,0.0,0.0,0.0,0.0,0.0,0.0,0.0,0.0,0.0,0.0,0.0,0.0,0.0,0.0,0.0,0.0,0.0,0.0,0.0,CPAT 1.0pre_456_NoPropData.xlsb Mitigation (cached values)
egy.mit.co2.ind.mch.1,1896,0.0,0.0,0.0,0.0,0.0,0.0,0.0,0.0,0.0,0.0,0.0,0.0,0.0,0.0,0.0,0.0,0.0,0.0,0.0,CPAT 1.0pre_456_NoPropData.xlsb Mitigation (cached values)
egy.mit.co2.ind.nfm.1,1898,0.0,0.0,0.0,0.0,0.0,0.0,0.0,0.0,0.0,0.0,0.0,0.0,0.0,0.0,0.0,0.0,0.0,0.0,0.0,CPAT 1.0pre_456_NoPropData.xlsb Mitigation (cached values)
egy.mit.co2.ind.omn.1,1901,19.83095448537594,15.614710501173105,19.144591070585825,23.488148466551127,21.075380706991474,24.846900030444154,25.7151256674003,26.551494379766666,27.339090127347582,28.136281637986713,28.945798550577045,29.767518969942486,30.601314373250425,31.44704949756855,32.304582198940864,33.17376328233053,34.05443630181858,34.94643733047986,35.84959469938679,CPAT 1.0pre_456_NoPropData.xlsb Mitigation (cached values)
egy.mit.co2.oth.1,1904,0.30055150734572234,0.2251054377367678,0.28846577214506847,0.43839509973761814,0.3213290911721974,0.4357791194229279,0.43447698885508346,0.43317874912078325,0.43188438859401523,0.4305938956835063,0.4293072588326191,0.4280244665192478,0.4267455072557152,0.42547036958867,0.4241990420989841,0.4229315134016503,0.42166777214568035,0.42040780701400343,0.41915160672336466,CPAT 1.0pre_456_NoPropData.xlsb Mitigation (cached values)
egy.mit.co2.tra.avi.1,1892,1.9481279608182684,1.795562986498511,1.9447117188133936,2.0160397822740053,2.086927269323749,2.172524577838829,2.276866417568637,2.379239452570517,2.477125320903628,2.577731144459866,2.68106264301548,2.787121456476199,2.8959049735629225,3.007406164666456,3.1216134195720615,3.238510390765416,3.358075843039864,3.480283510130425,3.6051019591027544,CPAT 1.0pre_456_NoPropData.xlsb Mitigation (cached values)
egy.mit.co2.tra.nav.1,1891,0.801185398724244,0.6191464984752579,0.7935228413797819,1.1957394363029972,0.9290931398543647,1.266257037158114,1.312391145026648,1.3564268314878352,1.3973649495637417,1.438648296548213,1.4804305121471957,1.5226969336594152,1.565432579534639,1.608622153625974,1.652250047606384,1.696300341544301,1.7407568026383289,1.7856028821153969,1.830821710300599,CPAT 1.0pre_456_NoPropData.xlsb Mitigation (cached values)
egy.mit.co2.tra.ral.1,1890,0.0,0.0,0.0,0.0,0.0,0.0,0.0,0.0,0.0,0.0,0.0,0.0,0.0,0.0,0.0,0.0,0.0,0.0,0.0,CPAT 1.0pre_456_NoPropData.xlsb Mitigation (cached values)
egy.mit.co2.tra.rod.1,1889,48.82536459082237,39.10081452867479,44.26052652328652,45.215585988298145,46.13596351472405,47.23643176931238,48.55643152664588,49.80321709527123,50.94948031495564,52.09682182563101,53.24972596323324,54.40775967450378,55.57049048421366,56.73748642983735,57.908315950512986,59.08254773186813,60.2597505082846,61.43949282415308,62.6213427556393,CPAT 1.0pre_456_NoPropData.xlsb Mitigation (cached values)
egy.mit.ener.avi.bio.e.1,5490,0.0,0.0,0.0,0.0,0.0,0.0,0.0,0.0,0.0,0.0,0.0,0.0,0.0,0.0,0.0,0.0,0.0,0.0,0.0,CPAT 1.0pre_456_NoPropData.xlsb Mitigation (cached values)
egy.mit.ener.avi.coa.e.1,5483,0.0,0.0,0.0,0.0,0.0,0.0,0.0,0.0,0.0,0.0,0.0,0.0,0.0,0.0,0.0,0.0,0.0,0.0,0.0,CPAT 1.0pre_456_NoPropData.xlsb Mitigation (cached values)
egy.mit.ener.avi.die.e.1,5486,0.0,0.0,0.0,0.0,0.0,0.0,0.0,0.0,0.0,0.0,0.0,0.0,0.0,0.0,0.0,0.0,0.0,0.0,0.0,CPAT 1.0pre_456_NoPropData.xlsb Mitigation (cached values)
egy.mit.ener.avi.gso.e.1,5485,0.0,0.0,0.0,0.0,0.0,0.0,0.0,0.0,0.0,0.0,0.0,0.0,0.0,0.0,0.0,0.0,0.0,0.0,0.0,CPAT 1.0pre_456_NoPropData.xlsb Mitigation (cached values)
egy.mit.ener.avi.ker.e.1,5488,0.0,0.0,0.0,0.0,0.0,0.0,0.0,0.0,0.0,0.0,0.0,0.0,0.0,0.0,0.0,0.0,0.0,0.0,0.0,CPAT 1.0pre_456_NoPropData.xlsb Mitigation (cached values)
egy.mit.ener.avi.lpg.e.1,5487,0.0,0.0,0.0,0.0,0.0,0.0,0.0,0.0,0.0,0.0,0.0,0.0,0.0,0.0,0.0,0.0,0.0,0.0,0.0,CPAT 1.0pre_456_NoPropData.xlsb Mitigation (cached values)
egy.mit.ener.avi.nga.e.1,5484,0.0,0.0,0.0,0.0,0.0,0.0,0.0,0.0,0.0,0.0,0.0,0.0,0.0,0.0,0.0,0.0,0.0,0.0,0.0,CPAT 1.0pre_456_NoPropData.xlsb Mitigation (cached values)
egy.mit.ener.avi.oop.e.1,5489,0.0,0.0,0.0,0.0,0.0,0.0,0.0,0.0,0.0,0.0,0.0,0.0,0.0,0.0,0.0,0.0,0.0,0.0,0.0,CPAT 1.0pre_456_NoPropData.xlsb Mitigation (cached values)
egy.mit.ener.cem.bio.e.1,5800,0.0,0.0,0.0,0.0,0.0,0.0,0.0,0.0,0.0,0.0,0.0,0.0,0.0,0.0,0.0,0.0,0.0,0.0,0.0,CPAT 1.0pre_456_NoPropData.xlsb Mitigation (cached values)
egy.mit.ener.cem.coa.e.1,5793,1463.0552244627888,1191.3644362517173,1369.1779282213367,1496.0103450821182,1463.009408424208,1479.9434067103516,1520.8862789067375,1560.754734375564,1598.951508757809,1637.2393504564445,1668.2356654049972,1699.3101957591755,1730.454084298111,1761.6585518575696,1792.9148898951291,1824.2144522572223,1855.5486461890316,1886.9089226255737,1918.286765799712,CPAT 1.0pre_456_NoPropData.xlsb Mitigation (cached values)
egy.mit.ener.cem.die.e.1,5796,0.0,0.0,0.0,0.0,0.0,0.0,0.0,0.0,0.0,0.0,0.0,0.0,0.0,0.0,0.0,0.0,0.0,0.0,0.0,CPAT 1.0pre_456_NoPropData.xlsb Mitigation (cached values)
egy.mit.ener.cem.gso.e.1,5795,0.0,0.0,0.0,0.0,0.0,0.0,0.0,0.0,0.0,0.0,0.0,0.0,0.0,0.0,0.0,0.0,0.0,0.0,0.0,CPAT 1.0pre_456_NoPropData.xlsb Mitigation (cached values)
egy.mit.ener.cem.ker.e.1,5798,0.0,0.0,0.0,0.0,0.0,0.0,0.0,0.0,0.0,0.0,0.0,0.0,0.0,0.0,0.0,0.0,0.0,0.0,0.0,CPAT 1.0pre_456_NoPropData.xlsb Mitigation (cached values)
egy.mit.ener.cem.lpg.e.1,5797,0.0,0.0,0.0,0.0,0.0,0.0,0.0,0.0,0.0,0.0,0.0,0.0,0.0,0.0,0.0,0.0,0.0,0.0,0.0,CPAT 1.0pre_456_NoPropData.xlsb Mitigation (cached values)
egy.mit.ener.cem.nga.e.1,5794,1747.3915347620814,1498.9759731403976,1678.358160579395,1744.6824773068638,1810.202559329744,1888.2699356639828,1982.0352227524547,2073.233577283649,2159.785350140339,2248.211132722538,2338.83373148022,2431.653394293748,2526.668725667597,2623.876661922186,2723.2724430000376,2824.8495806073815,2928.599822423496,3034.513112120585,3142.577544947569,CPAT 1.0pre_456_NoPropData.xlsb Mitigation (cached values)
egy.mit.ener.cem.oop.e.1,5799,0.0,0.0,0.0,0.0,0.0,0.0,0.0,0.0,0.0,0.0,0.0,0.0,0.0,0.0,0.0,0.0,0.0,0.0,0.0,CPAT 1.0pre_456_NoPropData.xlsb Mitigation (cached values)
egy.mit.ener.cst.bio.e.1,5850,0.0,0.0,0.0,0.0,0.0,0.0,0.0,0.0,0.0,0.0,0.0,0.0,0.0,0.0,0.0,0.0,0.0,0.0,0.0,CPAT 1.0pre_456_NoPropData.xlsb Mitigation (cached values)
egy.mit.ener.cst.coa.e.1,5843,0.0,0.0,0.0,0.0,0.0,0.0,0.0,0.0,0.0,0.0,0.0,0.0,0.0,0.0,0.0,0.0,0.0,0.0,0.0,CPAT 1.0pre_456_NoPropData.xlsb Mitigation (cached values)
egy.mit.ener.cst.die.e.1,5846,0.0,0.0,0.0,0.0,0.0,0.0,0.0,0.0,0.0,0.0,0.0,0.0,0.0,0.0,0.0,0.0,0.0,0.0,0.0,CPAT 1.0pre_456_NoPropData.xlsb Mitigation (cached values)
egy.mit.ener.cst.gso.e.1,5845,0.0,0.0,0.0,0.0,0.0,0.0,0.0,0.0,0.0,0.0,0.0,0.0,0.0,0.0,0.0,0.0,0.0,0.0,0.0,CPAT 1.0pre_456_NoPropData.xlsb Mitigation (cached values)
egy.mit.ener.cst.ker.e.1,5848,0.0,0.0,0.0,0.0,0.0,0.0,0.0,0.0,0.0,0.0,0.0,0.0,0.0,0.0,0.0,0.0,0.0,0.0,0.0,CPAT 1.0pre_456_NoPropData.xlsb Mitigation (cached values)
egy.mit.ener.cst.lpg.e.1,5847,0.0,0.0,0.0,0.0,0.0,0.0,0.0,0.0,0.0,0.0,0.0,0.0,0.0,0.0,0.0,0.0,0.0,0.0,0.0,CPAT 1.0pre_456_NoPropData.xlsb Mitigation (cached values)
egy.mit.ener.cst.nga.e.1,5844,0.0,0.0,0.0,0.0,0.0,0.0,0.0,0.0,0.0,0.0,0.0,0.0,0.0,0.0,0.0,0.0,0.0,0.0,0.0,CPAT 1.0pre_456_NoPropData.xlsb Mitigation (cached values)
egy.mit.ener.cst.oop.e.1,5849,0.0,0.0,0.0,0.0,0.0,0.0,0.0,0.0,0.0,0.0,0.0,0.0,0.0,0.0,0.0,0.0,0.0,0.0,0.0,CPAT 1.0pre_456_NoPropData.xlsb Mitigation (cached values)
egy.mit.ener.foo.bio.e.1,5616,0.0,0.0,0.0,0.0,0.0,0.0,0.0,0.0,0.0,0.0,0.0,0.0,0.0,0.0,0.0,0.0,0.0,0.0,0.0,CPAT 1.0pre_456_NoPropData.xlsb Mitigation (cached values)
egy.mit.ener.foo.coa.e.1,5609,0.0,0.0,0.0,0.0,0.0,0.0,0.0,0.0,0.0,0.0,0.0,0.0,0.0,0.0,0.0,0.0,0.0,0.0,0.0,CPAT 1.0pre_456_NoPropData.xlsb Mitigation (cached values)
egy.mit.ener.foo.die.e.1,5612,927.0217281782578,726.4442787708383,869.6554090815234,887.5515868344124,904.9602790829139,925.1848110701457,948.8174513507083,971.3631452998151,992.415012376958,1013.531151860833,1034.7817341112748,1056.1617622600945,1077.6662496808947,1099.290216185402,1121.0286836466141,1142.8766710682626,1164.8291891189515,1186.8812341480218,1209.0277816988776,CPAT 1.0pre_456_NoPropData.xlsb Mitigation (cached values)
egy.mit.ener.foo.gso.e.1,5611,0.0,0.0,0.0,0.0,0.0,0.0,0.0,0.0,0.0,0.0,0.0,0.0,0.0,0.0,0.0,0.0,0.0,0.0,0.0,CPAT 1.0pre_456_NoPropData.xlsb Mitigation (cached values)
egy.mit.ener.foo.ker.e.1,5614,0.34429649428757914,0.29036689200294585,0.32562243227030896,0.336208455999127,0.34661405164558534,0.3588761527677651,0.3734318400801774,0.38749825378222297,0.40078231351794386,0.41426540078166324,0.42799370266663767,0.44196527596039276,0.4561780335831365,0.47062974341449143,0.48531802658387685,0.500240355208178,0.5153940495615753,0.5307762746634571,0.5463840362712984,CPAT 1.0pre_456_NoPropData.xlsb Mitigation (cached values)
egy.mit.ener.foo.lpg.e.1,5613,0.0,0.0,0.0,0.0,0.0,0.0,0.0,0.0,0.0,0.0,0.0,0.0,0.0,0.0,0.0,0.0,0.0,0.0,0.0,CPAT 1.0pre_456_NoPropData.xlsb Mitigation (cached values)
egy.mit.ener.foo.nga.e.1,5610,0.0,0.0,0.0,0.0,0.0,0.0,0.0,0.0,0.0,0.0,0.0,0.0,0.0,0.0,0.0,0.0,0.0,0.0,0.0,CPAT 1.0pre_456_NoPropData.xlsb Mitigation (cached values)
egy.mit.ener.foo.oop.e.1,5615,0.0,0.0,0.0,0.0,0.0,0.0,0.0,0.0,0.0,0.0,0.0,0.0,0.0,0.0,0.0,0.0,0.0,0.0,0.0,CPAT 1.0pre_456_NoPropData.xlsb Mitigation (cached values)
egy.mit.ener.ftr.bio.e.1,5875,0.0,0.0,0.0,0.0,0.0,0.0,0.0,0.0,0.0,0.0,0.0,0.0,0.0,0.0,0.0,0.0,0.0,0.0,0.0,CPAT 1.0pre_456_NoPropData.xlsb Mitigation (cached values)
egy.mit.ener.ftr.coa.e.1,5868,0.0,0.0,0.0,0.0,0.0,0.0,0.0,0.0,0.0,0.0,0.0,0.0,0.0,0.0,0.0,0.0,0.0,0.0,0.0,CPAT 1.0pre_456_NoPropData.xlsb Mitigation (cached values)
egy.mit.ener.ftr.die.e.1,5871,824.8000935675609,646.3400920270464,773.7594934172323,789.682279945755,805.171335443591,823.1657312256727,844.1924270647894,864.2520329116904,882.9825344816173,901.7702212128788,920.6775258593123,939.700002551717,958.8332145333328,978.0727307755991,997.4141220839324,1016.8529567108736,1036.3847954929417,1056.0051865263606,1075.709659395665,CPAT 1.0pre_456_NoPropData.xlsb Mitigation (cached values)
egy.mit.ener.ftr.gso.e.1,5870,0.0,0.0,0.0,0.0,0.0,0.0,0.0,0.0,0.0,0.0,0.0,0.0,0.0,0.0,0.0,0.0,0.0,0.0,0.0,CPAT 1.0pre_456_NoPropData.xlsb Mitigation (cached values)
egy.mit.ener.ftr.ker.e.1,5873,0.0,0.0,0.0,0.0,0.0,0.0,0.0,0.0,0.0,0.0,0.0,0.0,0.0,0.0,0.0,0.0,0.0,0.0,0.0,CPAT 1.0pre_456_NoPropData.xlsb Mitigation (cached values)
egy.mit.ener.ftr.lpg.e.1,5872,2465.762355904903,1950.487289586649,2290.4937429032807,2364.957964990275,2438.153019622165,2524.4071075219963,2626.7947424287363,2725.740728259585,2819.1834787877906,2914.0262290161636,3010.593868257056,3108.872727562716,3208.848125993716,3310.5043623659503,3413.824703224839,3518.791366931641,3625.385503755457,3733.5871718719286,3843.3753091763324,CPAT 1.0pre_456_NoPropData.xlsb Mitigation (cached values)
egy.mit.ener.ftr.nga.e.1,5869,7454.005829466348,6394.317140571385,7159.52393267981,7442.449558497975,7721.944487728108,8054.963543108726,8454.946593647093,8843.979648225682,9213.191359848317,9590.39720394815,9976.97420514275,10372.923420837755,10778.238898141917,11192.907568040653,11616.909125127024,12050.215891700514,12492.792665091576,12944.59654711482,13405.576754598766,CPAT 1.0pre_456_NoPropData.xlsb Mitigation (cached values)
egy.mit.ener.ftr.oop.e.1,5874,293.09921221965607,226.28452603426115,295.6435906452326,465.30082565045836,352.6593052129019,496.67213066626357,516.8166963472438,536.2841243453062,554.6688016272986,573.3289260952629,592.3284190820601,611.664591249119,631.3345541504973,651.3352186091205,671.6632923507295,692.3152768728941,713.287463528154,734.5759288018097,756.1765287662048,CPAT 1.0pre_456_NoPropData.xlsb Mitigation (cached values)
egy.mit.ener.irn.bio.e.1,5723,0.0,0.0,0.0,0.0,0.0,0.0,0.0,0.0,0.0,0.0,0.0,0.0,0.0,0.0,0.0,0.0,0.0,0.0,0.0,CPAT 1.0pre_456_NoPropData.xlsb Mitigation (cached values)
egy.mit.ener.irn.coa.e.1,5716,232.65735477013138,189.45265610688722,217.72883870914131,237.8979301504894,232.65006903124475,235.3429402100362,241.85374047418918,248.1936852917567,254.26779674013878,260.35638985714354,265.2854728630158,270.22699380634305,275.17954419786025,280.14172796099183,285.11216024955417,290.0894661385381,295.0722791944881,300.0592399315751,305.04899415904634,CPAT 1.0pre_456_NoPropData.xlsb Mitigation (cached values)
egy.mit.ener.irn.die.e.1,5719,0.0,0.0,0.0,0.0,0.0,0.0,0.0,0.0,0.0,0.0,0.0,0.0,0.0,0.0,0.0,0.0,0.0,0.0,0.0,CPAT 1.0pre_456_NoPropData.xlsb Mitigation (cached values)
egy.mit.ener.irn.gso.e.1,5718,0.0,0.0,0.0,0.0,0.0,0.0,0.0,0.0,0.0,0.0,0.0,0.0,0.0,0.0,0.0,0.0,0.0,0.0,0.0,CPAT 1.0pre_456_NoPropData.xlsb Mitigation (cached values)
egy.mit.ener.irn.ker.e.1,5721,0.0,0.0,0.0,0.0,0.0,0.0,0.0,0.0,0.0,0.0,0.0,0.0,0.0,0.0,0.0,0.0,0.0,0.0,0.0,CPAT 1.0pre_456_NoPropData.xlsb Mitigation (cached values)
egy.mit.ener.irn.lpg.e.1,5720,0.0,0.0,0.0,0.0,0.0,0.0,0.0,0.0,0.0,0.0,0.0,0.0,0.0,0.0,0.0,0.0,0.0,0.0,0.0,CPAT 1.0pre_456_NoPropData.xlsb Mitigation (cached values)
egy.mit.ener.irn.nga.e.1,5717,1669.0567190421268,1431.777520882484,1603.1180815212292,1666.4691074748557,1729.051952221994,1803.6196014388552,1893.1814307796599,1980.2914020526985,2062.963095921889,2147.4247884614906,2233.9848148462825,2322.6434118442567,2413.399246519356,2506.2493925354474,2601.1893032263943,2698.2127811658634,2797.311943981144,2898.477186165318,3001.697136652209,CPAT 1.0pre_456_NoPropData.xlsb Mitigation (cached values)
egy.mit.ener.irn.oop.e.1,5722,0.0,0.0,0.0,0.0,0.0,0.0,0.0,0.0,0.0,0.0,0.0,0.0,0.0,0.0,0.0,0.0,0.0,0.0,0.0,CPAT 1.0pre_456_NoPropData.xlsb Mitigation (cached values)
egy.mit.ener.mac.bio.e.1,5775,0.0,0.0,0.0,0.0,0.0,0.0,0.0,0.0,0.0,0.0,0.0,0.0,0.0,0.0,0.0,0.0,0.0,0.0,0.0,CPAT 1.0pre_456_NoPropData.xlsb Mitigation (cached values)
egy.mit.ener.mac.coa.e.1,5768,0.0,0.0,0.0,0.0,0.0,0.0,0.0,0.0,0.0,0.0,0.0,0.0,0.0,0.0,0.0,0.0,0.0,0.0,0.0,CPAT 1.0pre_456_NoPropData.xlsb Mitigation (cached values)
egy.mit.ener.mac.die.e.1,5771,0.0,0.0,0.0,0.0,0.0,0.0,0.0,0.0,0.0,0.0,0.0,0.0,0.0,0.0,0.0,0.0,0.0,0.0,0.0,CPAT 1.0pre_456_NoPropData.xlsb Mitigation (cached values)
egy.mit.ener.mac.gso.e.1,5770,0.0,0.0,0.0,0.0,0.0,0.0,0.0,0.0,0.0,0.0,0.0,0.0,0.0,0.0,0.0,0.0,0.0,0.0,0.0,CPAT 1.0pre_456_NoPropData.xlsb Mitigation (cached values)
egy.mit.ener.mac.ker.e.1,5773,0.0,0.0,0.0,0.0,0.0,0.0,0.0,0.0,0.0,0.0,0.0,0.0,0.0,0.0,0.0,0.0,0.0,0.0,0.0,CPAT 1.0pre_456_NoPropData.xlsb Mitigation (cached values)
egy.mit.ener.mac.lpg.e.1,5772,0.0,0.0,0.0,0.0,0.0,0.0,0.0,0.0,0.0,0.0,0.0,0.0,0.0,0.0,0.0,0.0,0.0,0.0,0.0,CPAT 1.0pre_456_NoPropData.xlsb Mitigation (cached values)
egy.mit.ener.mac.nga.e.1,5769,0.0,0.0,0.0,0.0,0.0,0.0,0.0,0.0,0.0,0.0,0.0,0.0,0.0,0.0,0.0,0.0,0.0,0.0,0.0,CPAT 1.0pre_456_NoPropData.xlsb Mitigation (cached values)
egy.mit.ener.mac.oop.e.1,5774,0.0,0.0,0.0,0.0,0.0,0.0,0.0,0.0,0.0,0.0,0.0,0.0,0.0,0.0,0.0,0.0,0.0,0.0,0.0,CPAT 1.0pre_456_NoPropData.xlsb Mitigation (cached values)
egy.mit.ener.mch.bio.e.1,5698,0.0,0.0,0.0,0.0,0.0,0.0,0.0,0.0,0.0,0.0,0.0,0.0,0.0,0.0,0.0,0.0,0.0,0.0,0.0,CPAT 1.0pre_456_NoPropData.xlsb Mitigation (cached values)
egy.mit.ener.mch.coa.e.1,5691,0.0,0.0,0.0,0.0,0.0,0.0,0.0,0.0,0.0,0.0,0.0,0.0,0.0,0.0,0.0,0.0,0.0,0.0,0.0,CPAT 1.0pre_456_NoPropData.xlsb Mitigation (cached values)
egy.mit.ener.mch.die.e.1,5694,0.0,0.0,0.0,0.0,0.0,0.0,0.0,0.0,0.0,0.0,0.0,0.0,0.0,0.0,0.0,0.0,0.0,0.0,0.0,CPAT 1.0pre_456_NoPropData.xlsb Mitigation (cached values)
egy.mit.ener.mch.gso.e.1,5693,0.0,0.0,0.0,0.0,0.0,0.0,0.0,0.0,0.0,0.0,0.0,0.0,0.0,0.0,0.0,0.0,0.0,0.0,0.0,CPAT 1.0pre_456_NoPropData.xlsb Mitigation (cached values)
egy.mit.ener.mch.ker.e.1,5696,0.0,0.0,0.0,0.0,0.0,0.0,0.0,0.0,0.0,0.0,0.0,0.0,0.0,0.0,0.0,0.0,0.0,0.0,0.0,CPAT 1.0pre_456_NoPropData.xlsb Mitigation (cached values)
egy.mit.ener.mch.lpg.e.1,5695,0.0,0.0,0.0,0.0,0.0,0.0,0.0,0.0,0.0,0.0,0.0,0.0,0.0,0.0,0.0,0.0,0.0,0.0,0.0,CPAT 1.0pre_456_NoPropData.xlsb Mitigation (cached values)
egy.mit.ener.mch.nga.e.1,5692,0.0,0.0,0.0,0.0,0.0,0.0,0.0,0.0,0.0,0.0,0.0,0.0,0.0,0.0,0.0,0.0,0.0,0.0,0.0,CPAT 1.0pre_456_NoPropData.xlsb Mitigation (cached values)
egy.mit.ener.mch.oop.e.1,5697,0.0,0.0,0.0,0.0,0.0,0.0,0.0,0.0,0.0,0.0,0.0,0.0,0.0,0.0,0.0,0.0,0.0,0.0,0.0,CPAT 1.0pre_456_NoPropData.xlsb Mitigation (cached values)
egy.mit.ener.nav.bio.e.1,5515,0.0,0.0,0.0,0.0,0.0,0.0,0.0,0.0,0.0,0.0,0.0,0.0,0.0,0.0,0.0,0.0,0.0,0.0,0.0,CPAT 1.0pre_456_NoPropData.xlsb Mitigation (cached values)
egy.mit.ener.nav.coa.e.1,5508,0.0,0.0,0.0,0.0,0.0,0.0,0.0,0.0,0.0,0.0,0.0,0.0,0.0,0.0,0.0,0.0,0.0,0.0,0.0,CPAT 1.0pre_456_NoPropData.xlsb Mitigation (cached values)
egy.mit.ener.nav.die.e.1,5511,0.0,0.0,0.0,0.0,0.0,0.0,0.0,0.0,0.0,0.0,0.0,0.0,0.0,0.0,0.0,0.0,0.0,0.0,0.0,CPAT 1.0pre_456_NoPropData.xlsb Mitigation (cached values)
egy.mit.ener.nav.gso.e.1,5510,0.0,0.0,0.0,0.0,0.0,0.0,0.0,0.0,0.0,0.0,0.0,0.0,0.0,0.0,0.0,0.0,0.0,0.0,0.0,CPAT 1.0pre_456_NoPropData.xlsb Mitigation (cached values)
egy.mit.ener.nav.ker.e.1,5513,0.0,0.0,0.0,0.0,0.0,0.0,0.0,0.0,0.0,0.0,0.0,0.0,0.0,0.0,0.0,0.0,0.0,0.0,0.0,CPAT 1.0pre_456_NoPropData.xlsb Mitigation (cached values)
egy.mit.ener.nav.lpg.e.1,5512,0.0,0.0,0.0,0.0,0.0,0.0,0.0,0.0,0.0,0.0,0.0,0.0,0.0,0.0,0.0,0.0,0.0,0.0,0.0,CPAT 1.0pre_456_NoPropData.xlsb Mitigation (cached values)
egy.mit.ener.nav.nga.e.1,5509,0.0,0.0,0.0,0.0,0.0,0.0,0.0,0.0,0.0,0.0,0.0,0.0,0.0,0.0,0.0,0.0,0.0,0.0,0.0,CPAT 1.0pre_456_NoPropData.xlsb Mitigation (cached values)
egy.mit.ener.nav.oop.e.1,5514,290.70949716970864,224.65682416671007,287.9291442124659,433.87312203536334,337.12072129743245,459.4603785166327,476.2001035817555,492.1784180755531,507.0327822962085,522.0124125571302,537.1730569058138,552.509394992536,568.0159907734773,583.687294053665,599.5176413638058,615.5012561691441,631.6322484103516,647.9046133780244,664.3122299237772,CPAT 1.0pre_456_NoPropData.xlsb Mitigation (cached values)
egy.mit.ener.nfm.bio.e.1,5750,0.0,0.0,0.0,0.0,0.0,0.0,0.0,0.0,0.0,0.0,0.0,0.0,0.0,0.0,0.0,0.0,0.0,0.0,0.0,CPAT 1.0pre_456_NoPropData.xlsb Mitigation (cached values)
egy.mit.ener.nfm.coa.e.1,5743,0.0,0.0,0.0,0.0,0.0,0.0,0.0,0.0,0.0,0.0,0.0,0.0,0.0,0.0,0.0,0.0,0.0,0.0,0.0,CPAT 1.0pre_456_NoPropData.xlsb Mitigation (cached values)
egy.mit.ener.nfm.die.e.1,5746,0.0,0.0,0.0,0.0,0.0,0.0,0.0,0.0,0.0,0.0,0.0,0.0,0.0,0.0,0.0,0.0,0.0,0.0,0.0,CPAT 1.0pre_456_NoPropData.xlsb Mitigation (cached values)
egy.mit.ener.nfm.gso.e.1,5745,0.0,0.0,0.0,0.0,0.0,0.0,0.0,0.0,0.0,0.0,0.0,0.0,0.0,0.0,0.0,0.0,0.0,0.0,0.0,CPAT 1.0pre_456_NoPropData.xlsb Mitigation (cached values)
egy.mit.ener.nfm.ker.e.1,5748,0.0,0.0,0.0,0.0,0.0,0.0,0.0,0.0,0.0,0.0,0.0,0.0,0.0,0.0,0.0,0.0,0.0,0.0,0.0,CPAT 1.0pre_456_NoPropData.xlsb Mitigation (cached values)
egy.mit.ener.nfm.lpg.e.1,5747,0.0,0.0,0.0,0.0,0.0,0.0,0.0,0.0,0.0,0.0,0.0,0.0,0.0,0.0,0.0,0.0,0.0,0.0,0.0,CPAT 1.0pre_456_NoPropData.xlsb Mitigation (cached values)
egy.mit.ener.nfm.nga.e.1,5744,0.0,0.0,0.0,0.0,0.0,0.0,0.0,0.0,0.0,0.0,0.0,0.0,0.0,0.0,0.0,0.0,0.0,0.0,0.0,CPAT 1.0pre_456_NoPropData.xlsb Mitigation (cached values)
egy.mit.ener.nfm.oop.e.1,5749,0.0,0.0,0.0,0.0,0.0,0.0,0.0,0.0,0.0,0.0,0.0,0.0,0.0,0.0,0.0,0.0,0.0,0.0,0.0,CPAT 1.0pre_456_NoPropData.xlsb Mitigation (cached values)
egy.mit.ener.oen.bio.e.1,6084,0.0,0.0,0.0,0.0,0.0,0.0,0.0,0.0,0.0,0.0,0.0,0.0,0.0,0.0,0.0,0.0,0.0,0.0,0.0,CPAT 1.0pre_456_NoPropData.xlsb Mitigation (cached values)
egy.mit.ener.oen.coa.e.1,6077,0.0,0.0,0.0,0.0,0.0,0.0,0.0,0.0,0.0,0.0,0.0,0.0,0.0,0.0,0.0,0.0,0.0,0.0,0.0,CPAT 1.0pre_456_NoPropData.xlsb Mitigation (cached values)
egy.mit.ener.oen.die.e.1,6080,0.0,0.0,0.0,0.0,0.0,0.0,0.0,0.0,0.0,0.0,0.0,0.0,0.0,0.0,0.0,0.0,0.0,0.0,0.0,CPAT 1.0pre_456_NoPropData.xlsb Mitigation (cached values)
egy.mit.ener.oen.gso.e.1,6079,0.0,0.0,0.0,0.0,0.0,0.0,0.0,0.0,0.0,0.0,0.0,0.0,0.0,0.0,0.0,0.0,0.0,0.0,0.0,CPAT 1.0pre_456_NoPropData.xlsb Mitigation (cached values)
egy.mit.ener.oen.ker.e.1,6082,0.0,0.0,0.0,0.0,0.0,0.0,0.0,0.0,0.0,0.0,0.0,0.0,0.0,0.0,0.0,0.0,0.0,0.0,0.0,CPAT 1.0pre_456_NoPropData.xlsb Mitigation (cached values)
egy.mit.ener.oen.lpg.e.1,6081,0.0,0.0,0.0,0.0,0.0,0.0,0.0,0.0,0.0,0.0,0.0,0.0,0.0,0.0,0.0,0.0,0.0,0.0,0.0,CPAT 1.0pre_456_NoPropData.xlsb Mitigation (cached values)
egy.mit.ener.oen.nga.e.1,6078,0.0,0.0,0.0,0.0,0.0,0.0,0.0,0.0,0.0,0.0,0.0,0.0,0.0,0.0,0.0,0.0,0.0,0.0,0.0,CPAT 1.0pre_456_NoPropData.xlsb Mitigation (cached values)
egy.mit.ener.oen.oop.e.1,6083,100.67883967517184,75.40589124326009,96.63035624759227,146.85373016643703,107.6389213243278,145.97742824726834,145.54124013484156,145.1063553750749,144.67277007348315,144.24048034721798,143.80948232503326,143.37977214725035,142.95134596572348,142.52419994380537,142.09833025631286,141.6737330894926,141.25040464098694,140.82834111979992,140.40753874626319,CPAT 1.0pre_456_NoPropData.xlsb Mitigation (cached values)
egy.mit.ener.omn.bio.e.1,5825,0.0,0.0,0.0,0.0,0.0,0.0,0.0,0.0,0.0,0.0,0.0,0.0,0.0,0.0,0.0,0.0,0.0,0.0,0.0,CPAT 1.0pre_456_NoPropData.xlsb Mitigation (cached values)
egy.mit.ener.omn.coa.e.1,5818,0.0,0.0,0.0,0.0,0.0,0.0,0.0,0.0,0.0,0.0,0.0,0.0,0.0,0.0,0.0,0.0,0.0,0.0,0.0,CPAT 1.0pre_456_NoPropData.xlsb Mitigation (cached values)
egy.mit.ener.omn.die.e.1,5821,3819.2341617507864,2992.8757026464145,3582.8908280743453,3656.621239521028,3728.343260834964,3811.666252220344,3909.0302991982558,4001.9162390996007,4088.647765951364,4175.644088507464,4263.194301432329,4351.277818143023,4439.874094251739,4528.962611895079,4618.522861701871,4708.53432247986,4798.976438696925,4889.82859582705,4981.0700936259045,CPAT 1.0pre_456_NoPropData.xlsb Mitigation (cached values)
egy.mit.ener.omn.gso.e.1,5820,0.0,0.0,0.0,0.0,0.0,0.0,0.0,0.0,0.0,0.0,0.0,0.0,0.0,0.0,0.0,0.0,0.0,0.0,0.0,CPAT 1.0pre_456_NoPropData.xlsb Mitigation (cached values)
egy.mit.ener.omn.ker.e.1,5823,4.383726148575241,3.697072024470386,4.145960224949988,4.280745881497208,4.413234252664819,4.569360423618144,4.754689487784013,4.93378891686745,5.1029270898924555,5.274599364173933,5.449393812991149,5.627285694554752,5.808248435296872,5.992253614932586,6.1792709446923535,6.369268238517083,6.562211377023217,6.758064264058618,6.956788775682235,CPAT 1.0pre_456_NoPropData.xlsb Mitigation (cached values)
egy.mit.ener.omn.lpg.e.1,5822,17.432082843688487,13.789267216368842,16.192994666992966,16.71943083599471,17.23689443220699,17.846680854761424,18.570525847199313,19.270039576867227,19.930647345677134,20.601152625776404,21.28385227168323,21.978649648687856,22.685440967651108,23.404115226658533,24.134554126002225,24.876631955676547,25.63021545463556,26.395163641112113,27.17132761334627,CPAT 1.0pre_456_NoPropData.xlsb Mitigation (cached values)
egy.mit.ener.omn.nga.e.1,5819,960.1300372147862,823.6344449678921,922.1986321435639,958.641505661582,994.642480565875,1037.5377512902228,1089.0584704826547,1139.1687507421302,1186.7258982049132,1235.312747936306,1285.106670698763,1336.1078026938033,1388.315377145839,1441.7277106709635,1496.3421877854266,1552.155243400572,1609.162343157131,1667.3579614575551,1726.735557060875,CPAT 1.0pre_456_NoPropData.xlsb Mitigation (cached values)
egy.mit.ener.omn.oop.e.1,5824,2347.5275440371443,1812.3868489169342,2367.9063038136064,3726.7466405166365,2824.5638273086065,3978.0096925708394,4139.354113938052,4295.2751179247925,4442.524016960957,4591.979062684106,4744.152221975374,4899.021955041721,5056.565127373993,5216.756996741678,5379.571194242429,5544.979699224957,5712.952807917636,5883.459095606776,6056.465372219159,CPAT 1.0pre_456_NoPropData.xlsb Mitigation (cached values)
egy.mit.ener.ral.bio.e.1,5465,0.0,0.0,0.0,0.0,0.0,0.0,0.0,0.0,0.0,0.0,0.0,0.0,0.0,0.0,0.0,0.0,0.0,0.0,0.0,CPAT 1.0pre_456_NoPropData.xlsb Mitigation (cached values)
egy.mit.ener.ral.coa.e.1,5458,0.0,0.0,0.0,0.0,0.0,0.0,0.0,0.0,0.0,0.0,0.0,0.0,0.0,0.0,0.0,0.0,0.0,0.0,0.0,CPAT 1.0pre_456_NoPropData.xlsb Mitigation (cached values)
egy.mit.ener.ral.die.e.1,5461,0.0,0.0,0.0,0.0,0.0,0.0,0.0,0.0,0.0,0.0,0.0,0.0,0.0,0.0,0.0,0.0,0.0,0.0,0.0,CPAT 1.0pre_456_NoPropData.xlsb Mitigation (cached values)
egy.mit.ener.ral.gso.e.1,5460,0.0,0.0,0.0,0.0,0.0,0.0,0.0,0.0,0.0,0.0,0.0,0.0,0.0,0.0,0.0,0.0,0.0,0.0,0.0,CPAT 1.0pre_456_NoPropData.xlsb Mitigation (cached values)
egy.mit.ener.ral.ker.e.1,5463,0.0,0.0,0.0,0.0,0.0,0.0,0.0,0.0,0.0,0.0,0.0,0.0,0.0,0.0,0.0,0.0,0.0,0.0,0.0,CPAT 1.0pre_456_NoPropData.xlsb Mitigation (cached values)
egy.mit.ener.ral.lpg.e.1,5462,0.0,0.0,0.0,0.0,0.0,0.0,0.0,0.0,0.0,0.0,0.0,0.0,0.0,0.0,0.0,0.0,0.0,0.0,0.0,CPAT 1.0pre_456_NoPropData.xlsb Mitigation (cached values)
egy.mit.ener.ral.nga.e.1,5459,0.0,0.0,0.0,0.0,0.0,0.0,0.0,0.0,0.0,0.0,0.0,0.0,0.0,0.0,0.0,0.0,0.0,0.0,0.0,CPAT 1.0pre_456_NoPropData.xlsb Mitigation (cached values)
egy.mit.ener.ral.oop.e.1,5464,0.0,0.0,0.0,0.0,0.0,0.0,0.0,0.0,0.0,0.0,0.0,0.0,0.0,0.0,0.0,0.0,0.0,0.0,0.0,CPAT 1.0pre_456_NoPropData.xlsb Mitigation (cached values)
egy.mit.ener.res.bio.e.1,5560,1579.8307440756391,1260.7850924677016,1384.516097748387,1379.6907938337972,1374.8823070280198,1370.0905787202078,1365.3155505037842,1360.5571641757303,1355.8153617358764,1351.090085386194,1346.381277530092,1341.6888807717141,1337.0128379152404,1332.3530919641885,1327.7095861207201,1323.0822637849483,1318.4710685542475,1313.8759442225662,1309.2968347797414,CPAT 1.0pre_456_NoPropData.xlsb Mitigation (cached values)
egy.mit.ener.res.coa.e.1,5553,1.6729073142679498,1.346657175670536,1.4869099125319074,1.6224992331608423,1.5666993691046565,1.5685426209663569,1.5954703673208792,1.6217568910373685,1.6470920702411525,1.6722046632162801,1.6887683048827533,1.7051898111492274,1.7214669212173104,1.7375974811844017,1.7535794347419624,1.7694108139116116,1.785089729833994,1.8006143636226628,1.8159829572928075,CPAT 1.0pre_456_NoPropData.xlsb Mitigation (cached values)
egy.mit.ener.res.die.e.1,5556,0.0,0.0,0.0,0.0,0.0,0.0,0.0,0.0,0.0,0.0,0.0,0.0,0.0,0.0,0.0,0.0,0.0,0.0,0.0,CPAT 1.0pre_456_NoPropData.xlsb Mitigation (cached values)
egy.mit.ener.res.gso.e.1,5555,0.0,0.0,0.0,0.0,0.0,0.0,0.0,0.0,0.0,0.0,0.0,0.0,0.0,0.0,0.0,0.0,0.0,0.0,0.0,CPAT 1.0pre_456_NoPropData.xlsb Mitigation (cached values)
egy.mit.ener.res.ker.e.1,5558,2.769005406911727,2.3000098397978808,2.556972255021258,2.604389844594639,2.6501806645917463,2.7040083805029766,2.7675519274006763,2.827667311981826,2.8831921720355846,2.9386708288178816,2.9943059236589438,3.050081406849951,3.1059813806197054,3.1619900873003814,3.2180918959828078,3.274271287739185,3.330512839486802,3.38680120656156,3.4431211040654626,CPAT 1.0pre_456_NoPropData.xlsb Mitigation (cached values)
egy.mit.ener.res.lpg.e.1,5557,3182.2559195640997,2494.1741399052094,2891.1132207696487,2944.727263645328,2996.5019533485683,3057.363787421734,3129.211101435318,3197.1822664696324,3259.96302471508,3322.6915419208744,3385.596940255918,3448.661072661608,3511.8659638719237,3575.1937970326962,3638.6268986130276,3702.147721696933,3765.7388277383957,3829.3828668576293,3893.062556751085,CPAT 1.0pre_456_NoPropData.xlsb Mitigation (cached values)
egy.mit.ener.res.nga.e.1,5554,2035.460419772716,1702.948830731256,1925.9642074510184,1939.7828710739038,1952.5930287717522,1968.648532442317,1988.555681139998,2006.569458298555,2022.2660296210556,2037.6126082163498,2052.7009224584854,2067.5296955978224,2082.0978125840516,2096.4043069321297,2110.4483477931562,2124.22922724954,2137.7463478500517,2150.9992103968016,2163.987401993026,CPAT 1.0pre_456_NoPropData.xlsb Mitigation (cached values)
egy.mit.ener.res.oop.e.1,5559,0.0,0.0,0.0,0.0,0.0,0.0,0.0,0.0,0.0,0.0,0.0,0.0,0.0,0.0,0.0,0.0,0.0,0.0,0.0,CPAT 1.0pre_456_NoPropData.xlsb Mitigation (cached values)
egy.mit.ener.rod.bio.e.1,5435,0.0,0.0,0.0,0.0,0.0,0.0,0.0,0.0,0.0,0.0,0.0,0.0,0.0,0.0,0.0,0.0,0.0,0.0,0.0,CPAT 1.0pre_456_NoPropData.xlsb Mitigation (cached values)
egy.mit.ener.rod.coa.e.1,5428,0.0,0.0,0.0,0.0,0.0,0.0,0.0,0.0,0.0,0.0,0.0,0.0,0.0,0.0,0.0,0.0,0.0,0.0,0.0,CPAT 1.0pre_456_NoPropData.xlsb Mitigation (cached values)
egy.mit.ener.rod.die.e.1,5431,10207.632060143385,8102.130524732861,9271.937894608398,9452.376619324317,9625.40324808389,9833.146867315696,10083.059965789938,10317.77184111545,10532.095411367518,10745.883726352999,10960.009747271426,11174.388959389878,11388.937640455126,11603.572834493587,11818.212317447227,12032.774555062346,12247.178653437166,12461.344302620193,12675.191713636734,CPAT 1.0pre_456_NoPropData.xlsb Mitigation (cached values)
egy.mit.ener.rod.gso.e.1,5430,7577.296443345621,6125.993868736008,6824.510037244285,6994.768759494985,7159.794559062863,7356.2427181285075,7591.171611717273,7814.55535992371,8021.536771706502,8229.544299192934,8439.350461268989,8650.88033098328,8864.058315857466,9078.80816280453,9295.052954270197,9512.715095748781,9731.716294835322,9951.977531982908,10173.419023139255,CPAT 1.0pre_456_NoPropData.xlsb Mitigation (cached values)
egy.mit.ener.rod.ker.e.1,5433,0.0,0.0,0.0,0.0,0.0,0.0,0.0,0.0,0.0,0.0,0.0,0.0,0.0,0.0,0.0,0.0,0.0,0.0,0.0,CPAT 1.0pre_456_NoPropData.xlsb Mitigation (cached values)
egy.mit.ener.rod.lpg.e.1,5432,0.0,0.0,0.0,0.0,0.0,0.0,0.0,0.0,0.0,0.0,0.0,0.0,0.0,0.0,0.0,0.0,0.0,0.0,0.0,CPAT 1.0pre_456_NoPropData.xlsb Mitigation (cached values)
egy.mit.ener.rod.nga.e.1,5429,541.7039925162356,457.11596893244354,520.0037442990449,528.861563630566,537.3621203020415,547.4634846920635,559.4978973794238,570.8033959262161,581.1488508183626,591.4530713960227,601.7568952199296,612.0570335137872,622.3502473195314,632.6333448323178,642.9031784560348,653.1566415978964,663.3906652196107,673.6022141614781,683.7882832546709,CPAT 1.0pre_456_NoPropData.xlsb Mitigation (cached values)
egy.mit.ener.rod.oop.e.1,5434,0.0,0.0,0.0,0.0,0.0,0.0,0.0,0.0,0.0,0.0,0.0,0.0,0.0,0.0,0.0,0.0,0.0,0.0,0.0,CPAT 1.0pre_456_NoPropData.xlsb Mitigation (cached values)
egy.mit.ener.srv.bio.e.1,5641,0.0,0.0,0.0,0.0,0.0,0.0,0.0,0.0,0.0,0.0,0.0,0.0,0.0,0.0,0.0,0.0,0.0,0.0,0.0,CPAT 1.0pre_456_NoPropData.xlsb Mitigation (cached values)
egy.mit.ener.srv.coa.e.1,5634,0.0,0.0,0.0,0.0,0.0,0.0,0.0,0.0,0.0,0.0,0.0,0.0,0.0,0.0,0.0,0.0,0.0,0.0,0.0,CPAT 1.0pre_456_NoPropData.xlsb Mitigation (cached values)
egy.mit.ener.srv.die.e.1,5637,0.0,0.0,0.0,0.0,0.0,0.0,0.0,0.0,0.0,0.0,0.0,0.0,0.0,0.0,0.0,0.0,0.0,0.0,0.0,CPAT 1.0pre_456_NoPropData.xlsb Mitigation (cached values)
egy.mit.ener.srv.gso.e.1,5636,0.0,0.0,0.0,0.0,0.0,0.0,0.0,0.0,0.0,0.0,0.0,0.0,0.0,0.0,0.0,0.0,0.0,0.0,0.0,CPAT 1.0pre_456_NoPropData.xlsb Mitigation (cached values)
egy.mit.ener.srv.ker.e.1,5639,0.0,0.0,0.0,0.0,0.0,0.0,0.0,0.0,0.0,0.0,0.0,0.0,0.0,0.0,0.0,0.0,0.0,0.0,0.0,CPAT 1.0pre_456_NoPropData.xlsb Mitigation (cached values)
egy.mit.ener.srv.lpg.e.1,5638,0.0,0.0,0.0,0.0,0.0,0.0,0.0,0.0,0.0,0.0,0.0,0.0,0.0,0.0,0.0,0.0,0.0,0.0,0.0,CPAT 1.0pre_456_NoPropData.xlsb Mitigation (cached values)
egy.mit.ener.srv.nga.e.1,5635,0.0,0.0,0.0,0.0,0.0,0.0,0.0,0.0,0.0,0.0,0.0,0.0,0.0,0.0,0.0,0.0,0.0,0.0,0.0,CPAT 1.0pre_456_NoPropData.xlsb Mitigation (cached values)
egy.mit.ener.srv.oop.e.1,5640,0.0,0.0,0.0,0.0,0.0,0.0,0.0,0.0,0.0,0.0,0.0,0.0,0.0,0.0,0.0,0.0,0.0,0.0,0.0,CPAT 1.0pre_456_NoPropData.xlsb Mitigation (cached values)
