key,legacy_row,2022,2023,2024,2025,2026,2027,2028,2029,2030,2031,2032,2033,2034,2035,2036,2037,2038,2039,2040
B2 caxav|coa,3181,2000.0,2000.0,2000.0,2000.0,2000.0,2000.0,2000.0,2000.0,2000.0,2000.0,2000.0,2000.0,2000.0,2000.0,2000.0,2000.0,2000.0,2000.0,2000.0
B2 caxav|nga,3182,1304.195,1304.1950000000002,1304.1950000000002,1304.1950000000002,1304.1950000000002,1304.1950000000002,1304.1950000000002,1304.1950000000002,1304.1950000000004,1304.1950000000004,1304.1950000000004,1304.1950000000004,1304.1950000000006,1304.1950000000004,1304.1950000000004,1304.1950000000004,1304.1950000000004,1304.1950000000004,1304.1950000000004
B2 caxav|oop,3183,1345.379975458794,1345.379975458794,1345.379975458794,1345.379975458794,1345.379975458794,1345.379975458794,1345.379975458794,1345.379975458794,1345.379975458794,1345.379975458794,1345.379975458794,1345.379975458794,1345.3799754587938,1345.3799754587938,1345.3799754587938,1345.3799754587938,1345.3799754587938,1345.3799754587938,1345.3799754587938
B2 caxav|nuc,3184,4000.0,4000.0,4000.0,4000.0,4000.0,4000.0,4000.0,4000.0,4000.0,4000.0,4000.0,4000.0,4000.0,4000.0,4000.0,4000.0,4000.0,4000.0,4000.0
B2 caxav|wnd,3185,1365.0,1365.0,1365.0,1349.5312110945256,1329.463480423991,1314.232990111048,1303.13877920507,1293.2494758823018,1285.3580005912493,1278.5398428498788,1272.5858571688343,1267.362035635951,1262.564962560998,1258.119236690631,1253.9310587737932,1250.0691668564136,1246.3508079386686,1242.7445289948803,1238.9167440601957
B2 caxav|sol,3186,1283.81715,1283.81715,1283.81715,1269.3805745750728,1235.6344723059499,1194.3779893200817,1154.4580385180807,1111.8243442361004,1071.867411000395,1033.2055606935628,1001.2995755840898,974.6007846517905,951.2533120703617,930.323337872657,911.1595723492808,893.538864409895,876.9555283585438,861.3496864594786,844.6822864347307
B2 caxav|hyd,3187,3300.0,3300.0,3300.0,3299.9999999999995,3299.9999999999995,3299.9999999999995,3299.9999999999995,3299.999999999999,3299.999999999999,3299.999999999999,3299.999999999999,3299.999999999999,3299.9999999999995,3299.9999999999995,3299.9999999999995,3299.9999999999995,3299.9999999999995,3299.9999999999995,3299.9999999999995
B2 caxav|ore,3188,3500.0,3500.0,3500.0,3500.0,3500.0,3500.0,3500.0,3500.0,3500.0,3500.0,3500.0,3500.0,3500.0,3500.0,3500.0,3500.0,3500.0,3500.0,3500.0
B2 caxav|bio,3189,2000.0,2000.0,2000.0,2000.0,2000.0,2000.0,2000.0,2000.0,2000.0,2000.0,2000.0,2000.0,2000.0,2000.0,2000.0,2000.0,2000.0,2000.0,2000.0
B6 stoav|coa,3225,0.0,0.0,0.0,0.0,0.0,0.0,0.0,0.0,0.0,0.0,0.0,0.0,0.0,0.0,0.0,0.0,0.0,0.0,0.0
B6 stoav|nga,3226,0.0,0.0,0.0,0.0,0.0,0.0,0.0,0.0,0.0,0.0,0.0,0.0,0.0,0.0,0.0,0.0,0.0,0.0,0.0
B6 stoav|oop,3227,0.0,0.0,0.0,0.0,0.0,0.0,0.0,0.0,0.0,0.0,0.0,0.0,0.0,0.0,0.0,0.0,0.0,0.0,0.0
B6 stoav|nuc,3228,0.0,0.0,0.0,0.0,0.0,0.0,0.0,0.0,0.0,0.0,0.0,0.0,0.0,0.0,0.0,0.0,0.0,0.0,0.0
B6 stoav|wnd,3229,0.005810276074384286,0.006195995793354373,0.006195995793354373,0.006126912645013929,0.0063719311489078894,0.006839162672526915,0.007297277952947173,0.007770981411930918,0.008148526214186625,0.008481777303536749,0.008795278888847059,0.009072760772865193,0.009319505018820593,0.009531616448493135,0.009711764170722349,0.009861364248894063,0.009982703210363765,0.010077734233920005,0.010148839962408975
B6 stoav|sol,3230,0.005810276074384286,0.005987400964371686,0.005987400964371686,0.005972196459002532,0.006185309454153511,0.006638269235271716,0.007120328458032276,0.007656257121217116,0.008109416091192733,0.008525928321897972,0.008904118413363962,0.00922987591259505,0.009512364454065366,0.00974986907114659,0.009946941515309001,0.010106065903266315,0.01023072890590242,0.010323426759372966,0.010388981989513576
B6 stoav|hyd,3231,0.0,0.0,0.0,0.0,0.0,0.0,0.0,0.0,0.0,0.0,0.0,0.0,0.0,0.0,0.0,0.0,0.0,0.0,0.0
B6 stoav|ore,3232,0.005810276074384286,0.005810276074384286,0.005810276074384286,0.005810276074384286,0.005810276074384286,0.005810276074384286,0.005810276074384286,0.005810276074384286,0.005810276074384286,0.005810276074384286,0.005810276074384286,0.005810276074384286,0.005810276074384286,0.005810276074384286,0.005810276074384286,0.005810276074384286,0.005810276074384286,0.005810276074384286,0.005810276074384286
B6 stoav|bio,3233,0.0,0.0,0.0,0.0,0.0,0.0,0.0,0.0,0.0,0.0,0.0,0.0,0.0,0.0,0.0,0.0,0.0,0.0,0.0
B8 fix|coa,3247,0.05422404941385535,0.05422404941385535,0.05422404941385535,0.05422404941385535,0.05422404941385535,0.05422404941385535,0.05422404941385535,0.05422404941385535,0.05422404941385535,0.05422404941385535,0.05422404941385535,0.05422404941385535,0.05422404941385535,0.05422404941385535,0.05422404941385535,0.05422404941385535,0.05422404941385535,0.05422404941385535,0.05422404941385535
B8 fix|nga,3248,0.03164489105013877,0.03164489105013877,0.03164489105013877,0.03164489105013877,0.03164489105013877,0.03164489105013877,0.03164489105013877,0.03164489105013877,0.031644891050138776,0.031644891050138776,0.031644891050138776,0.031644891050138776,0.03164489105013878,0.031644891050138776,0.031644891050138776,0.031644891050138776,0.031644891050138776,0.031644891050138776,0.031644891050138776
B8 fix|oop,3249,0.12472440282396569,0.12472440282396569,0.12472440282396569,0.12472440282396569,0.12472440282396569,0.12472440282396569,0.12472440282396569,0.12472440282396569,0.12472440282396569,0.12472440282396569,0.12472440282396569,0.12472440282396569,0.12472440282396569,0.12472440282396569,0.12472440282396569,0.12472440282396569,0.12472440282396569,0.12472440282396569,0.12472440282396569
B8 fix|nuc,3250,0.06038929310106882,0.06038929310106882,0.06038929310106882,0.06038929310106882,0.06038929310106882,0.06038929310106882,0.06038929310106882,0.06038929310106882,0.06038929310106882,0.06038929310106882,0.06038929310106882,0.06038929310106882,0.06038929310106882,0.06038929310106882,0.06038929310106882,0.06038929310106882,0.06038929310106882,0.06038929310106882,0.06038929310106882
B8 fix|wnd,3251,0.07229583104522908,0.07268155076419916,0.07268155076419916,0.07203711726491677,0.0715357311243066,0.07143647563978832,0.07148194981577674,0.07158782783140516,0.07167185495067342,0.07175150962253758,0.07184355704152465,0.07192674268357009,0.07199506328601765,0.07204181917587789,0.07206619066707928,0.07207215048462413,0.07205518779097878,0.0720160858925214,0.07194481994479454
B8 fix|sol,3252,0.10219657445890257,0.10237369934888997,0.10237369934888997,0.10140252753404354,0.09938102673457842,0.09710204712719075,0.09494067001970084,0.09265346252931786,0.09046073625047293,0.08831712158616553,0.08658254754600378,0.08514035311878451,0.08387680876188308,0.08272836341976135,0.08165644146410214,0.08064875029753302,0.07967529087982043,0.07873459443767311,0.07769646066341676
B8 fix|hyd,3253,0.08933426790880512,0.08933426790880512,0.08933426790880512,0.08933426790880511,0.08933426790880511,0.08933426790880511,0.08933426790880511,0.0893342679088051,0.0893342679088051,0.0893342679088051,0.0893342679088051,0.0893342679088051,0.08933426790880511,0.08933426790880511,0.08933426790880511,0.08933426790880511,0.08933426790880511,0.08933426790880511,0.08933426790880511
B8 fix|ore,3254,0.07824323700420963,0.07824323700420963,0.07824323700420963,0.07824323700420963,0.07824323700420963,0.07824323700420963,0.07824323700420963,0.07824323700420963,0.07824323700420963,0.07824323700420963,0.07824323700420963,0.07824323700420963,0.07824323700420963,0.07824323700420963,0.07824323700420963,0.07824323700420963,0.07824323700420963,0.07824323700420963,0.07824323700420963
B8 fix|bio,3255,0.050459613923368965,0.050459613923368965,0.050459613923368965,0.050459613923368965,0.050459613923368965,0.050459613923368965,0.050459613923368965,0.050459613923368965,0.050459613923368965,0.050459613923368965,0.050459613923368965,0.050459613923368965,0.050459613923368965,0.050459613923368965,0.050459613923368965,0.050459613923368965,0.050459613923368965,0.050459613923368965,0.050459613923368965
C3 msc|coa,3282,0.0,0.0,0.0,0.0,0.0,0.0,0.0,0.0,0.0,0.0,0.0,0.0,0.0,0.0,0.0,0.0,0.0,0.0,0.0
C3 msc|nga,3283,0.0,0.0,0.0,0.0,0.0,0.0,0.0,0.0,0.0,0.0,0.0,0.0,0.0,0.0,0.0,0.0,0.0,0.0,0.0
C3 msc|oop,3284,0.0,0.0,0.0,0.0,0.0,0.0,0.0,0.0,0.0,0.0,0.0,0.0,0.0,0.0,0.0,0.0,0.0,0.0,0.0
C3 msc|nuc,3285,0.0,0.0,0.0,0.0,0.0,0.0,0.0,0.0,0.0,0.0,0.0,0.0,0.0,0.0,0.0,0.0,0.0,0.0,0.0
C3 msc|wnd,3286,0.005810276074384286,0.0074351745210951906,0.005715652483181798,0.005865067410834706,0.006969754535911119,0.008153166543678484,0.008983641133357817,0.009751645682538853,0.010184590615964474,0.01067341425927061,0.01104812845380209,0.01127516445206226,0.011406021305508619,0.011440986876713586,0.011420731621956736,0.011351563998664679,0.01124397168900946,0.011103982760444536,0.010946070319611983
C3 msc|sol,3287,0.005810276074384286,0.0074351745210951906,0.005715652483181798,0.005865067410834706,0.006969754535911119,0.008153166543678484,0.008983641133357817,0.009751645682538853,0.010184590615964474,0.01067341425927061,0.01104812845380209,0.01127516445206226,0.011406021305508619,0.011440986876713586,0.011420731621956736,0.011351563998664679,0.01124397168900946,0.011103982760444536,0.010946070319611983
C3 msc|hyd,3288,0.0,0.0,0.0,0.0,0.0,0.0,0.0,0.0,0.0,0.0,0.0,0.0,0.0,0.0,0.0,0.0,0.0,0.0,0.0
C3 msc|ore,3289,0.005810276074384286,0.0074351745210951906,0.005715652483181798,0.005865067410834706,0.006969754535911119,0.008153166543678484,0.008983641133357817,0.009751645682538853,0.010184590615964474,0.01067341425927061,0.01104812845380209,0.01127516445206226,0.011406021305508619,0.011440986876713586,0.011420731621956736,0.011351563998664679,0.01124397168900946,0.011103982760444536,0.010946070319611983
C3 msc|bio,3290,0.0,0.0,0.0,0.0,0.0,0.0,0.0,0.0,0.0,0.0,0.0,0.0,0.0,0.0,0.0,0.0,0.0,0.0,0.0
C7 lfx|coa,3326,0.0783155527960657,0.0783155527960657,0.0783155527960657,0.0783155527960657,0.0783155527960657,0.0783155527960657,0.0783155527960657,0.0783155527960657,0.0783155527960657,0.0783155527960657,0.0783155527960657,0.0783155527960657,0.0783155527960657,0.0783155527960657,0.0783155527960657,0.0783155527960657,0.0783155527960657,0.0783155527960657,0.0783155527960657
C7 lfx|nga,3327,0.04547698738524053,0.04547698738524053,0.04547698738524053,0.04547698738524053,0.04547698738524053,0.04547698738524053,0.04547698738524053,0.04547698738524053,0.04547698738524053,0.04547698738524053,0.04547698738524053,0.04547698738524053,0.04547698738524053,0.04547698738524053,0.04547698738524053,0.04547698738524053,0.04547698738524053,0.04547698738524053,0.04547698738524053
C7 lfx|oop,3328,0.19474402669602942,0.19474402669602942,0.19474402669602942,0.19474402669602942,0.19474402669602942,0.19474402669602942,0.19474402669602942,0.19474402669602942,0.19474402669602942,0.19474402669602942,0.19474402669602942,0.19474402669602942,0.19474402669602942,0.19474402669602942,0.19474402669602942,0.19474402669602942,0.19474402669602942,0.19474402669602942,0.19474402669602942
C7 lfx|nuc,3329,0.08698928045417958,0.08698928045417958,0.08698928045417958,0.08698928045417958,0.08698928045417958,0.08698928045417958,0.08698928045417958,0.08698928045417958,0.08698928045417958,0.08698928045417958,0.08698928045417958,0.08698928045417958,0.08698928045417958,0.08698928045417958,0.08698928045417958,0.08698928045417958,0.08698928045417958,0.08698928045417958,0.08698928045417958
C7 lfx|wnd,3330,0.1017380448121819,0.10046377195722828,0.09833836593708187,0.09802391345646844,0.09872271659931181,0.09950024462484613,0.09986685180625915,0.10022897237320713,0.10025603332439975,0.100570906689606,0.10077167060603762,0.10082475632619792,0.10078166290154439,0.10064267819464948,0.10050645608782605,0.10026333818643413,0.09998179559867904,0.09949390611391437,0.09904607654291536
C7 lfx|sol,3331,0.14404498679319805,0.14102040965700394,0.13511635959447604,0.13098825698585637,0.12790841608631828,0.12481431055781303,0.12146025712287786,0.1179507441357863,0.11419916104459742,0.11366510005966446,0.11301692962595684,0.11231407050763602,0.11142204273284327,0.11043412367580914,0.1094839733044713,0.10839192105294013,0.10735443362670391,0.10516867544166078,0.10305798325600814
C7 lfx|hyd,3332,0.15364785802158956,0.15364785802158956,0.15364785802158956,0.15364785802158956,0.15364785802158956,0.15364785802158956,0.15364785802158956,0.15364785802158956,0.15364785802158956,0.15364785802158956,0.15364785802158956,0.15364785802158956,0.15364785802158956,0.15364785802158956,0.15364785802158956,0.15364785802158956,0.15364785802158956,0.15364785802158956,0.15364785802158956
C7 lfx|ore,3333,0.10074893850932272,0.10237383695603362,0.10065431491812024,0.10080372984577314,0.10190841697084956,0.10309182897861692,0.10392230356829625,0.10469030811747729,0.1051232530509029,0.10561207669420905,0.10598679088874054,0.10621382688700069,0.10634468374044706,0.10637964931165203,0.10635939405689518,0.10629022643360311,0.1061826341239479,0.10604264519538298,0.10588473275455042
C7 lfx|bio,3334,0.0645334969059182,0.0645334969059182,0.0645334969059182,0.0645334969059182,0.0645334969059182,0.0645334969059182,0.0645334969059182,0.0645334969059182,0.0645334969059182,0.0645334969059182,0.0645334969059182,0.0645334969059182,0.0645334969059182,0.0645334969059182,0.0645334969059182,0.0645334969059182,0.0645334969059182,0.0645334969059182,0.0645334969059182
D4 vbc|coa,3374,0.0760849330316205,0.07159250553793052,0.070621592515249,0.06896037174384628,0.06701229723722965,0.06561371979345207,0.06713331025600786,0.06672405387851443,0.06592578398014781,0.06531196967398785,0.06489596190357257,0.06469165853705582,0.06469165853705582,0.06469165853705582,0.06469165853705582,0.06469165853705582,0.06469165853705582,0.06469165853705582,0.06469165853705582
D4 vbc|nga,3375,0.030681727051331178,0.03047247292396083,0.030346920447538613,0.030114650848419564,0.029844710541849777,0.029844710541849777,0.029844710541849777,0.029844710541849777,0.029844710541849777,0.029844710541849777,0.029844710541849777,0.029844710541849777,0.029844710541849777,0.029844710541849777,0.029844710541849777,0.029844710541849777,0.029844710541849777,0.029844710541849777,0.029844710541849773
D4 vbc|oop,3376,0.06663229198085795,0.05812858996356535,0.05641471675694805,0.04930934256938681,0.04112305338709606,0.03600583191544583,0.03600583191544583,0.032617483911687575,0.032617483911687575,0.032617483911687575,0.032617483911687575,0.032617483911687575,0.032617483911687575,0.032617483911687575,0.032617483911687575,0.032617483911687575,0.032617483911687575,0.032617483911687575,0.032617483911687575
D4 vbc|nuc,3377,0.008,0.008,0.008,0.008,0.008,0.008,0.008,0.008,0.008,0.008,0.008,0.008,0.008,0.008,0.008,0.008,0.008,0.008,0.008
D4 vbc|wnd,3378,0.0,0.0,0.0,0.0,0.0,0.0,0.0,0.0,0.0,0.0,0.0,0.0,0.0,0.0,0.0,0.0,0.0,0.0,0.0
D4 vbc|sol,3379,0.0,0.0,0.0,0.0,0.0,0.0,0.0,0.0,0.0,0.0,0.0,0.0,0.0,0.0,0.0,0.0,0.0,0.0,0.0
D4 vbc|hyd,3380,0.001,0.001,0.001,0.001,0.001,0.001,0.001,0.001,0.001,0.001,0.001,0.001,0.001,0.001,0.001,0.001,0.001,0.001,0.001
D4 vbc|ore,3381,0.0,0.0,0.0,0.0,0.0,0.0,0.0,0.0,0.0,0.0,0.0,0.0,0.0,0.0,0.0,0.0,0.0,0.0,0.0
D4 vbc|bio,3382,0.20054714601377593,0.19947351906638588,0.19882934289795184,0.19702952340543514,0.1962526382242157,0.1962526382242157,0.1962526382242157,0.1962526382242157,0.1962526382242157,0.1962526382242157,0.1962526382242157,0.1962526382242157,0.1962526382242157,0.1962526382242157,0.1962526382242157,0.1962526382242157,0.1962526382242157,0.1962526382242157,0.1962526382242157
E3 gnc|coa,3486,0.13030898244547584,0.12581655495178587,0.12484564192910434,0.12318442115770163,0.121236346651085,0.11983776920730742,0.1213573596698632,0.12094810329236978,0.12014983339400316,0.1195360190878432,0.11912001131742792,0.11891570795091116,0.11891570795091116,0.11891570795091116,0.11891570795091116,0.11891570795091116,0.11891570795091116,0.11891570795091116,0.11891570795091116
E3 gnc|nga,3487,0.062326618101469944,0.0621173639740996,0.06199181149767738,0.06175954189855833,0.061489601591988546,0.061489601591988546,0.061489601591988546,0.061489601591988546,0.06148960159198855,0.06148960159198855,0.06148960159198855,0.06148960159198855,0.06148960159198856,0.06148960159198855,0.06148960159198855,0.06148960159198855,0.06148960159198855,0.06148960159198855,0.061489601591988546
E3 gnc|oop,3488,0.19135669480482365,0.18285299278753103,0.18113911958091372,0.17403374539335248,0.16584745621106176,0.1607302347394115,0.1607302347394115,0.15734188673565325,0.15734188673565325,0.15734188673565325,0.15734188673565325,0.15734188673565325,0.15734188673565325,0.15734188673565325,0.15734188673565325,0.15734188673565325,0.15734188673565325,0.15734188673565325,0.15734188673565325
E3 gnc|nuc,3489,0.06838929310106881,0.06838929310106881,0.06838929310106881,0.06838929310106881,0.06838929310106881,0.06838929310106881,0.06838929310106881,0.06838929310106881,0.06838929310106881,0.06838929310106881,0.06838929310106881,0.06838929310106881,0.06838929310106881,0.06838929310106881,0.06838929310106881,0.06838929310106881,0.06838929310106881,0.06838929310106881,0.06838929310106881
E3 gnc|wnd,3490,0.07229583104522908,0.07268155076419916,0.07268155076419916,0.07203711726491677,0.0715357311243066,0.07143647563978832,0.07148194981577674,0.07158782783140516,0.07167185495067342,0.07175150962253758,0.07184355704152465,0.07192674268357009,0.07199506328601765,0.07204181917587789,0.07206619066707928,0.07207215048462413,0.07205518779097878,0.0720160858925214,0.07194481994479454
E3 gnc|sol,3491,0.10219657445890257,0.10237369934888997,0.10237369934888997,0.10140252753404354,0.09938102673457842,0.09710204712719075,0.09494067001970084,0.09265346252931786,0.09046073625047293,0.08831712158616553,0.08658254754600378,0.08514035311878451,0.08387680876188308,0.08272836341976135,0.08165644146410214,0.08064875029753302,0.07967529087982043,0.07873459443767311,0.07769646066341676
E3 gnc|hyd,3492,0.09033426790880512,0.09033426790880512,0.09033426790880512,0.09033426790880511,0.09033426790880511,0.09033426790880511,0.09033426790880511,0.0903342679088051,0.0903342679088051,0.0903342679088051,0.0903342679088051,0.0903342679088051,0.09033426790880511,0.09033426790880511,0.09033426790880511,0.09033426790880511,0.09033426790880511,0.09033426790880511,0.09033426790880511
E3 gnc|ore,3493,0.07824323700420963,0.07824323700420963,0.07824323700420963,0.07824323700420963,0.07824323700420963,0.07824323700420963,0.07824323700420963,0.07824323700420963,0.07824323700420963,0.07824323700420963,0.07824323700420963,0.07824323700420963,0.07824323700420963,0.07824323700420963,0.07824323700420963,0.07824323700420963,0.07824323700420963,0.07824323700420963,0.07824323700420963
E3 gnc|bio,3494,0.2510067599371449,0.24993313298975484,0.2492889568213208,0.24748913732880412,0.2467122521475847,0.2467122521475847,0.2467122521475847,0.2467122521475847,0.2467122521475847,0.2467122521475847,0.2467122521475847,0.2467122521475847,0.2467122521475847,0.2467122521475847,0.2467122521475847,0.2467122521475847,0.2467122521475847,0.2467122521475847,0.2467122521475847
A13 cax|coa,3099,2000.0,2000.0,2000.0,2000.0,2000.0,2000.0,2000.0,2000.0,2000.0,2000.0,2000.0,2000.0,2000.0,2000.0,2000.0,2000.0,2000.0,2000.0,2000.0
A13 cax|nga,3100,1304.195,1304.195,1304.195,1304.195,1304.195,1304.195,1304.195,1304.195,1304.195,1304.195,1304.195,1304.195,1304.195,1304.195,1304.195,1304.195,1304.195,1304.195,1304.195
A13 cax|oop,3101,1345.379975458794,1345.379975458794,1345.379975458794,1345.379975458794,1345.379975458794,1345.379975458794,1345.379975458794,1345.379975458794,1345.379975458794,1345.379975458794,1345.379975458794,1345.379975458794,1345.379975458794,1345.379975458794,1345.379975458794,1345.379975458794,1345.379975458794,1345.379975458794,1345.379975458794
A13 cax|nuc,3102,4000.0,4000.0,4000.0,4000.0,4000.0,4000.0,4000.0,4000.0,4000.0,4000.0,4000.0,4000.0,4000.0,4000.0,4000.0,4000.0,4000.0,4000.0,4000.0
A13 cax|wnd,3103,1365.0,1300.0,1290.9,1280.5,1271.3999999999999,1262.3,1251.8999999999999,1242.8,1233.7,1229.8,1225.8999999999999,1222.0,1218.1000000000001,1214.2,1211.6000000000001,1207.7,1203.8,1196.0,1189.5
A13 cax|sol,3104,1283.81715,1222.683,1167.662265,1111.4188470000001,1056.398112,1000.154694,945.133959,888.890541,833.869806,820.420293,806.97078,794.74395,781.294437,767.844924,755.618094,742.168581,729.941751,703.0427249999999,677.366382
A13 cax|hyd,3105,3300.0,3300.0,3300.0,3300.0,3300.0,3300.0,3300.0,3300.0,3300.0,3300.0,3300.0,3300.0,3300.0,3300.0,3300.0,3300.0,3300.0,3300.0,3300.0
A13 cax|ore,3106,3500.0,3500.0,3500.0,3500.0,3500.0,3500.0,3500.0,3500.0,3500.0,3500.0,3500.0,3500.0,3500.0,3500.0,3500.0,3500.0,3500.0,3500.0,3500.0
A13 cax|bio,3107,2000.0,2000.0,2000.0,2000.0,2000.0,2000.0,2000.0,2000.0,2000.0,2000.0,2000.0,2000.0,2000.0,2000.0,2000.0,2000.0,2000.0,2000.0,2000.0
E3 gncav,3495,0.07628115796154006,0.07773467510042201,0.07518624043468639,0.0740069319836488,0.0729054398159307,0.0724533606090728,0.07231092115905692,0.07206699002311479,0.07202486373616551,0.07192752319332148,0.07184996176038279,0.07176252577718217,0.07167879532185956,0.07159093993605087,0.07149975206649115,0.07140452468177166,0.07130331389339964,0.07119618383777918,0.07107013371250978
J msc_st,3910,0.005810276074384286,0.0074351745210951906,0.005715652483181798,0.005865067410834706,0.006969754535911119,0.008153166543678484,0.008983641133357817,0.009751645682538853,0.010184590615964474,0.01067341425927061,0.01104812845380209,0.01127516445206226,0.011406021305508619,0.011440986876713586,0.011420731621956736,0.011351563998664679,0.01124397168900946,0.011103982760444536,0.010946070319611983
J msc_lt,3911,0.0,0.0,0.0,0.0,0.0,0.0,0.0,0.0,0.0,0.0,0.0,0.0,0.0,0.0,0.0,0.0,0.0,0.0,0.0
J vre,3907,0.05234221506593331,0.07286565565863873,0.06141013426123744,0.06973308170807355,0.08744208804446123,0.10826601458322545,0.1266970081519559,0.14662761601935326,0.16398747909454042,0.17883195317184922,0.19293934409239594,0.20559988067804197,0.21759547856099926,0.22883526554575195,0.23949529765037086,0.2495756351952534,0.25918476241018357,0.26835615504561033,0.27735365693192987
J cph,3905,0.006166974684524955,0.005668860692163186,0.005170746699801418,0.004672632707439648,0.004428171764740037,0.0041837108220404255,0.003939249879340813,0.003694788936641202,0.0034503279939415905,0.003315780252528769,0.0031812325111159456,0.0030466847697031237,0.0029121370282903015,0.002777589286877479,0.0026492590724472836,0.0025268590176155702,0.0024101150392678923,0.0022987657243447985,0.0021925617440316254
G1 sc,3600,0.11628115796154007,0.11628115796154007,0.11773467510042201,0.1151862404346864,0.11400693198364881,0.11290543981593071,0.1124533606090728,0.11231092115905691,0.1120669900231148,0.11202486373616552,0.11192752319332147,0.11184996176038278,0.11176252577718218,0.11167879532185956,0.11159093993605088,0.11149975206649115,0.11140452468177167,0.11130331389339965,0.11119618383777918
G2 sc,3629,0.09128115796154006,0.09128115796154006,0.092734675100422,0.09018624043468638,0.0890069319836488,0.0879054398159307,0.0874533606090728,0.08731092115905692,0.08706699002311478,0.08702486373616551,0.08692752319332148,0.08684996176038279,0.08676252577718217,0.08667879532185956,0.08659093993605087,0.08649975206649115,0.08640452468177166,0.08630331389339964,0.08619618383777918
G1 rppre,3613,0.11163317466248672,0.10412007911927774,0.10036127114435667,0.09743256183914813,0.09607727826813774,0.09481142264131548,0.09429188466860708,0.0941281905593175,0.09384786028549524,0.09379944795998381,0.09368758236757353,0.09359844730226187,0.09349796421707525,0.09340173959459236,0.09330077452399821,0.09319597970006474,0.09308654258892808,0.09297022923717611,0.09284711335157714
G2 rppre,3642,0.08954043464035205,0.08350635218890039,0.08603591389401838,0.08348747922828276,0.08230817077724517,0.08120667860952707,0.08075459940266917,0.08061215995265329,0.08036822881671116,0.08032610252976188,0.08022876198691785,0.08015120055397916,0.08006376457077855,0.07998003411545593,0.07989217872964724,0.07980099086008752,0.07970576347536804,0.07960455268699601,0.07949742263137555
G1 vat,3611,0.15568553992404782,0.15432059430857573,0.1492189086052766,0.1492189086052766,0.1492189086052766,0.1492189086052766,0.1492189086052766,0.1492189086052766,0.1492189086052766,0.1492189086052766,0.1492189086052766,0.1492189086052766,0.1492189086052766,0.1492189086052766,0.1492189086052766,0.1492189086052766,0.1492189086052766,0.1492189086052766,0.1492189086052766
G2 vat,3640,0.0,0.0,0.0,0.0,0.0,0.0,0.0,0.0,0.0,0.0,0.0,0.0,0.0,0.0,0.0,0.0,0.0,0.0,0.0
A18 coa,3155,6.974433283294695,6.545724730996732,6.453071323246538,6.2945424314712835,6.108639330603603,5.975174269221836,6.12018750053233,6.081132510916949,6.004954290355241,5.946378510792137,5.906679241466156,5.887182744168866,5.887182744168866,5.887182744168866,5.887182744168865,5.887182744168865,5.887182744168865,5.887182744168865,5.887182744168865
A18 nga,3156,3.5204438298204432,3.492834395088269,3.476268734248964,3.4456225892111854,3.410006090891747,3.410006090891747,3.410006090891747,3.410006090891747,3.410006090891747,3.410006090891747,3.410006090891747,3.410006090891747,3.410006090891747,3.410006090891747,3.410006090891747,3.410006090891747,3.410006090891747,3.410006090891747,3.4100060908917467
A18 oop,3157,33.589030698740835,28.941773024055628,28.0051444360956,24.12207037523296,19.64827823714655,16.8517260168511,16.8517260168511,15.0,15.0,15.0,15.0,15.0,15.0,15.0,15.0,15.0,15.0,15.0,15.0
A18 bio,3163,13.869232314798857,13.793855971210768,13.748630165057913,13.622269875020228,13.567726940446496,13.567726940446496,13.567726940446496,13.567726940446496,13.567726940446496,13.567726940446496,13.567726940446496,13.567726940446496,13.567726940446496,13.567726940446496,13.567726940446496,13.567726940446496,13.567726940446496,13.567726940446496,13.567726940446496
