key,unit,description,legacy_row,2022,2023,2024,2025,2026,2027,2028,2029,2030,2031,2032,2033,2034,2035,2036,2037,2038,2039,2040
tcf|coa,factor,capex time factor (A7),3038,1.0,1.0,1.0,1.0,1.0,1.0,1.0,1.0,1.0,1.0,1.0,1.0,1.0,1.0,1.0,1.0,1.0,1.0,1.0
tcf|nga,factor,capex time factor (A7),3039,1.0,1.0,1.0,1.0,1.0,1.0,1.0,1.0,1.0,1.0,1.0,1.0,1.0,1.0,1.0,1.0,1.0,1.0,1.0
tcf|oop,factor,capex time factor (A7),3040,1.0,1.0,1.0,1.0,1.0,1.0,1.0,1.0,1.0,1.0,1.0,1.0,1.0,1.0,1.0,1.0,1.0,1.0,1.0
tcf|nuc,factor,capex time factor (A7),3041,1.0,1.0,1.0,1.0,1.0,1.0,1.0,1.0,1.0,1.0,1.0,1.0,1.0,1.0,1.0,1.0,1.0,1.0,1.0
tcf|wnd,factor,capex time factor (A7),3042,1.05,1.0,0.993,0.985,0.978,0.971,0.963,0.956,0.949,0.946,0.943,0.94,0.937,0.934,0.932,0.929,0.926,0.92,0.915
tcf|sol,factor,capex time factor (A7),3043,1.05,1.0,0.955,0.909,0.864,0.818,0.773,0.727,0.682,0.671,0.66,0.65,0.639,0.628,0.618,0.607,0.597,0.575,0.554
tcf|hyd,factor,capex time factor (A7),3044,1.0,1.0,1.0,1.0,1.0,1.0,1.0,1.0,1.0,1.0,1.0,1.0,1.0,1.0,1.0,1.0,1.0,1.0,1.0
tcf|ore,factor,capex time factor (A7),3045,1.0,1.0,1.0,1.0,1.0,1.0,1.0,1.0,1.0,1.0,1.0,1.0,1.0,1.0,1.0,1.0,1.0,1.0,1.0
tcf|bio,factor,capex time factor (A7),3046,1.0,1.0,1.0,1.0,1.0,1.0,1.0,1.0,1.0,1.0,1.0,1.0,1.0,1.0,1.0,1.0,1.0,1.0,1.0
gns|coa,share,INTERIM generation share (E0; engineer model later),3452,0.0,0.0,0.0,0.0,0.0,0.0,0.0,0.0,0.0,0.0,0.0,0.0,0.0,0.0,0.0,0.0,0.0,0.0,0.0
gns|nga,share,INTERIM generation share (E0; engineer model later),3453,0.7968059511967973,0.7493898980902832,0.7855907133078937,0.7817754888540323,0.7682202497870517,0.7500352439531932,0.7348069229700822,0.7167092379537157,0.700789949087891,0.6876235813703792,0.674862299828585,0.6635156275440334,0.65267248060315,0.6424880279327758,0.6327794702956189,0.6235643806589649,0.6147438648489812,0.6062916544231942,0.5979792440421643
gns|oop,share,INTERIM generation share (E0; engineer model later),3454,0.08409066219211257,0.09655688666644298,0.08201261260629278,0.07758220731299373,0.07273808216909426,0.06854628681857702,0.06435011692724867,0.06087861810267502,0.057873576103963875,0.05500789148828403,0.05239365400836458,0.04992580308819044,0.047624245935909075,0.04546491714372031,0.04344145596401169,0.041541643131395065,0.039756428383328324,0.03807750203435233,0.03649345795004088
gns|nuc,share,INTERIM generation share (E0; engineer model later),3455,0.0,0.0,0.0,0.0,0.0,0.0,0.0,0.0,0.0,0.0,0.0,0.0,0.0,0.0,0.0,0.0,0.0,0.0,0.0
gns|wnd,share,INTERIM generation share (E0; engineer model later),3456,0.028507320520950497,0.042594126827887255,0.03600086892584288,0.04269409434922963,0.055791230555743664,0.07030794462268801,0.08277059852635163,0.09557880948894473,0.10612987827530541,0.11455595917928371,0.12246753468225086,0.129442001441296,0.13595865003899815,0.14195158176103154,0.1475261799338459,0.15269152657252244,0.1575059444429193,0.16200657793351247,0.16618216421322177
gns|sol,share,INTERIM generation share (E0; engineer model later),3457,0.02383489454498281,0.030271528830751467,0.02540926533539456,0.027038987358843906,0.031650857488717564,0.03795806996053744,0.043926409625604255,0.05104880653040853,0.057857600819234994,0.0642759939925655,0.07047180941014508,0.07615787923674595,0.08163682852200112,0.0868836837847204,0.09196911771652498,0.09688410862273095,0.10167881796726426,0.10634957711209786,0.1111714927187081
gns|hyd,share,INTERIM generation share (E0; engineer model later),3458,0.06676117154515708,0.08118755958463496,0.07098653982457612,0.07090922212490061,0.07159957999939252,0.07315245464500451,0.0741459519507131,0.07578452792425594,0.07734899571360465,0.07853657396948778,0.07980470207065453,0.08095868868973431,0.08210779489994169,0.08321178937775207,0.08428377608999853,0.08531834101438682,0.0863149443575071,0.08727468849684292,0.08817364107586495
gns|ore,share,INTERIM generation share (E0; engineer model later),3459,0.0,0.0,0.0,0.0,0.0,0.0,0.0,0.0,0.0,0.0,0.0,0.0,0.0,0.0,0.0,0.0,0.0,0.0,0.0
gns|bio,share,INTERIM generation share (E0; engineer model later),3460,0.0,0.0,0.0,0.0,0.0,0.0,0.0,0.0,0.0,0.0,0.0,0.0,0.0,0.0,0.0,0.0,0.0,0.0,0.0
phi|coa,share,INTERIM new investment / remaining capacity (B1; engineer model later),3169,0.0,0.0,0.0,0.0,0.0,0.0,0.0,0.0,0.0,0.0,0.0,0.0,0.0,0.0,0.0,0.0,0.0,0.0,0.0
phi|nga,share,INTERIM new investment / remaining capacity (B1; engineer model later),3170,0.021779242064478614,0.0,0.021753404360631994,0.04071208058206965,0.050331841266005074,0.04852130173042906,0.05200086823655465,0.04802023143862102,0.04462827617851663,0.04529880126087445,0.04486233599737675,0.04532839278468018,0.04540289768738368,0.0455215659223947,0.04557284086929873,0.04557193632326573,0.04555271174536438,0.045183235019823756,0.04484110764413537
phi|oop,share,INTERIM new investment / remaining capacity (B1; engineer model later),3171,0.0027599890236859434,0.0,0.0031768292848997027,0.006519521005370241,0.008652691968870741,0.009008705263288128,0.010136203702290413,0.009808478890172162,0.009405393520759956,0.009852621813724082,0.010063618669948534,0.010487590417919876,0.010831904631797389,0.011195631017612888,0.011550875107513224,0.011899536373655054,0.012249210615900273,0.012504096765818545,0.012763297011114222
phi|nuc,share,INTERIM new investment / remaining capacity (B1; engineer model later),3172,0.0,0.0,0.0,0.0,0.0,0.0,0.0,0.0,0.0,0.0,0.0,0.0,0.0,0.0,0.0,0.0,0.0,0.0,0.0
phi|wnd,share,INTERIM new investment / remaining capacity (B1; engineer model later),3173,0.23738081586012663,0.0,0.2087555857688856,0.29070518034306797,0.2623075675403365,0.21362549859454205,0.19300427286116256,0.15642333548644294,0.13198648153884374,0.12215849155244977,0.11189301963529961,0.10575083343815629,0.09998267431954684,0.09536089951515343,0.09123069512663397,0.08776096377694467,0.08475230244714099,0.08188733563031196,0.07927467368800752
phi|sol,share,INTERIM new investment / remaining capacity (B1; engineer model later),3174,0.10900674460359958,0.0,0.12428728610877685,0.2136346745960014,0.23017920535456504,0.20553636851960905,0.20367314825955146,0.17923227727554983,0.16244638389015736,0.14994452132570388,0.13738978236370655,0.12981142822084185,0.12314728600692317,0.11794653250613313,0.11328623159808866,0.10955476648243638,0.10615224082709582,0.10528532586998146,0.10434624194226319
phi|hyd,share,INTERIM new investment / remaining capacity (B1; engineer model later),3175,0.0306987654773541,0.0,0.02823327821477069,0.050400611586366564,0.058720462097878894,0.05514355138933202,0.056836666206718775,0.050598892192191325,0.04541964385992276,0.044598035339557106,0.042788737595119364,0.041940456060700744,0.040804689510956046,0.03978530314699595,0.038776612224432,0.03778897521675062,0.036846984510193054,0.035681431951586226,0.0345979695703798
phi|ore,share,INTERIM new investment / remaining capacity (B1; engineer model later),3176,0.0,0.0,0.0,0.0,0.0,0.0,0.0,0.0,0.0,0.0,0.0,0.0,0.0,0.0,0.0,0.0,0.0,0.0,0.0
phi|bio,share,INTERIM new investment / remaining capacity (B1; engineer model later),3177,0.0,0.0,0.0,0.0,0.0,0.0,0.0,0.0,0.0,0.0,0.0,0.0,0.0,0.0,0.0,0.0,0.0,0.0,0.0
cbat,$/kWh storage,battery capex (J2),3887,300.61444,278.08115999999995,255.54787999999996,233.01459999999997,220.72372,208.43284,196.14195999999995,183.85107999999997,171.56019999999998,164.90264000000002,158.24507999999997,151.58751999999998,144.92996,138.27239999999998,131.920664310954,125.86070446628116,120.07911733532121,114.56311547892832,109.30049886682204
cint,$/kW interface,battery interface capex (J2),3888,150.30722,139.04057999999998,127.77393999999998,116.50729999999999,110.36186,104.21642,98.07097999999998,91.92553999999998,85.78009999999999,82.45132000000001,79.12253999999999,75.79375999999999,72.46498,69.13619999999999,65.960332155477,62.93035223314058,60.03955866766061,57.28155773946416,54.65024943341102
obat,$/kWh storage/y,battery opex (J2),3891,9.474219999999999,8.449979999999998,7.4257399999999985,6.4014999999999995,6.081424999999999,5.76135,5.441275,5.1212,4.801124999999999,4.60908,4.417035,4.224989999999999,4.032945,3.8408999999999995,3.6579999999999995,3.4838095238095232,3.317913832199546,3.159917935428139,3.0094456527887035
cel,$/kWh produced,electrolyser cost per marginal unit: capex + fixed + variable opex (J2),3900-3902,0.06986258478136012,0.06755526170884672,0.06524793863633332,0.06294061556381991,0.06079086147377671,0.058641107383733494,0.056491353293690275,0.05434159920364706,0.05219184511360385,0.05056054704134376,0.04892924896908368,0.047297950896823586,0.045666652824563496,0.04403535475230341,0.04240791303994026,0.04078424003617918,0.039164250082154954,0.03754785946613697,0.03593498637926398
cons|res,GWh,INTERIM residential electricity consumption (G1; demand later),3621,74224.31682942697,62630.50817415343,71628.97429994625,75063.82373296433,78274.18444911498,81383.97527107692,84970.74060471391,88137.11656994425,90952.12913188865,93833.78730346289,96648.92068449162,99525.3412575822,102423.65442024167,105359.26267087396,108324.19270345574,111322.51259747075,114353.49807178655,117417.35768196516,120515.18966775367
cons|ind,GWh,INTERIM industrial electricity consumption (G2; demand later),3650,105990.90456583715,90255.29738483479,103227.06853774091,105068.6069324859,109589.88667267884,113962.99633043745,119006.78048916801,123456.37080358289,127410.55934445761,131459.7153188661,135414.135980835,139455.5761480615,143528.02862170665,147653.4131132153,151820.402377902,156034.79589622907,160295.5759304575,164603.0512157792,168958.7961352686
