code,name,cax0_usd_per_kw,life_years,efficiency,capacity_factor,wacc,dtc_usd_per_kw,tcx_usd_per_kw,opf_usd_per_kwh,vop_usd_per_kwh,fuel_fixed_usd_per_kwh,rns_usd_per_kwh,price_code,vre,vre_share,source
coa,Coal,2000.0,30.0,0.343544952131212,0.535,0.12412642998297449,100.0,597.4741012144968,0.012802458071949813,0.003,0.0,0.0,coa.pow,0,0,"CPAT 1.0pre_456_NoPropData.xlsb, Mitigation row 2977-3350 (A2, A8, A9, A14-A16, B2, B4, D1, D2)"
nga,Natural gas,1304.195,30.0,0.4749916586348295,0.566,0.12412642998297449,13.04195,382.18023683106424,0.006464091517821127,0.004,0.0,0.0,nga.pow,0,0,"CPAT 1.0pre_456_NoPropData.xlsb, Mitigation row 2977-3350 (A2, A8, A9, A14-A16, B2, B4, D1, D2)"
oop,Oil,1345.379975458794,35.0,0.321469517575981,0.134,0.12412642998297449,33.02104674720874,447.87855058345565,0.02004106181421659,0.005169999999999999,0.0,0.0,oop.all,0,0,"CPAT 1.0pre_456_NoPropData.xlsb, Mitigation row 2977-3350 (A2, A8, A9, A14-A16, B2, B4, D1, D2)"
nuc,Nuclear,4000.0,50.0,0.38,0.934,0.12672642998297448,532.1336950049961,449.4263412886647,0.018333284444574813,0.004,0.004,0.0,,0,0,"CPAT 1.0pre_456_NoPropData.xlsb, Mitigation row 2977-3350 (A2, A8, A9, A14-A16, B2, B4, D1, D2)"
wnd,Wind,1300.0,30.0,1.0038547835892604,0.3,0.1288264299829745,39.0,405.4686074780961,0.015220700152207,0.0,0.0,0.0,,1,1,"CPAT 1.0pre_456_NoPropData.xlsb, Mitigation row 2977-3350 (A2, A8, A9, A14-A16, B2, B4, D1, D2)"
sol,Solar,1222.683,25.0,1.0261871600676382,0.18,0.1288264299829745,73.36098,335.334508488261,0.009512937595129375,0.0,0.0,0.0,,1,1,"CPAT 1.0pre_456_NoPropData.xlsb, Mitigation row 2977-3350 (A2, A8, A9, A14-A16, B2, B4, D1, D2)"
hyd,Hydro,3300.0,50.0,0.9374616043214417,0.4322928214347324,0.12672642998297448,660.0,756.5284010682366,0.013203463657190022,0.001,0.0,0.0,,0,0,"CPAT 1.0pre_456_NoPropData.xlsb, Mitigation row 2977-3350 (A2, A8, A9, A14-A16, B2, B4, D1, D2)"
ore,Other renewables,3500.0,30.0,1.0,0.7512024818652816,0.1437264299829745,253.78872697527999,347.6573621818364,0.015196335728031416,0.0,0.0,0.0,,1,0,"CPAT 1.0pre_456_NoPropData.xlsb, Mitigation row 2977-3350 (A2, A8, A9, A14-A16, B2, B4, D1, D2)"
bio,Biomass,2000.0,30.0,0.25274592592592593,0.6857673941438077,0.13162642998297447,145.02212970015998,267.62402735864197,0.016646351534994937,0.003,0.0,0.0,bio.all,0,0,"CPAT 1.0pre_456_NoPropData.xlsb, Mitigation row 2977-3350 (A2, A8, A9, A14-A16, B2, B4, D1, D2)"
