country_year,column,old,new,source
EGY2021,mit.sp.coa.pow,5.897,5.9,"Egypt_Price_Data_2026-10-09.xlsx (user, corrected Egypt price block)"
EGY2021,mit.rp.coa.pow,5.897,5.9,"Egypt_Price_Data_2026-10-09.xlsx (user, corrected Egypt price block)"
EGY2021,mit.rp.coa.res,13.239,13.23882,"Egypt_Price_Data_2026-10-09.xlsx (user, corrected Egypt price block)"
EGY2021,mit.sp.nga.pow,7.854,7.852,"Egypt_Price_Data_2026-10-09.xlsx (user, corrected Egypt price block)"
EGY2021,mit.mar.nga.pow,0.964,0.968,"Egypt_Price_Data_2026-10-09.xlsx (user, corrected Egypt price block)"
EGY2021,mit.txo.nga.pow,-4.993,-4.991,"Egypt_Price_Data_2026-10-09.xlsx (user, corrected Egypt price block)"
EGY2021,mit.sp.nga.ind,8.462,8.459,"Egypt_Price_Data_2026-10-09.xlsx (user, corrected Egypt price block)"
EGY2021,mit.mar.nga.ind,1.818,1.824,"Egypt_Price_Data_2026-10-09.xlsx (user, corrected Egypt price block)"
EGY2021,mit.txo.nga.ind,-4.115,-4.113,"Egypt_Price_Data_2026-10-09.xlsx (user, corrected Egypt price block)"
EGY2021,mit.sp.nga.res,12.106,12.104,"Egypt_Price_Data_2026-10-09.xlsx (user, corrected Egypt price block)"
EGY2021,mit.mar.nga.res,6.079,6.083,"Egypt_Price_Data_2026-10-09.xlsx (user, corrected Egypt price block)"
EGY2021,mit.txo.nga.res,-7.942,-7.36,"Egypt_Price_Data_2026-10-09.xlsx (user, corrected Egypt price block)"
EGY2021,mit.txo.gso.all,-0.125,-0.056,"Egypt_Price_Data_2026-10-09.xlsx (user, corrected Egypt price block)"
EGY2021,mit.txo.die.all,-0.215,-0.162,"Egypt_Price_Data_2026-10-09.xlsx (user, corrected Egypt price block)"
EGY2021,mit.sp.lpg.all,0.44,0.441,"Egypt_Price_Data_2026-10-09.xlsx (user, corrected Egypt price block)"
EGY2021,mit.txo.lpg.all,-0.289,-0.263,"Egypt_Price_Data_2026-10-09.xlsx (user, corrected Egypt price block)"
EGY2021,mit.rp.lpg.all,0.172,0.178,"Egypt_Price_Data_2026-10-09.xlsx (user, corrected Egypt price block)"
EGY2021,mit.txo.ker.all,-0.182,-0.129,"Egypt_Price_Data_2026-10-09.xlsx (user, corrected Egypt price block)"
EGY2021,mit.sp.ecy.ind,0,0.069996188,"Egypt_Price_Data_2026-10-09.xlsx (user, corrected Egypt price block)"
EGY2021,mit.txo.ecy.ind,-0.05,3.812e-06,"Egypt_Price_Data_2026-10-09.xlsx (user, corrected Egypt price block)"
EGY2021,mit.sp.ecy.res,0,0.073094129,"Egypt_Price_Data_2026-10-09.xlsx (user, corrected Egypt price block)"
EGY2021,mit.txo.ecy.res,-0.05,0.001905871,"Egypt_Price_Data_2026-10-09.xlsx (user, corrected Egypt price block)"
EGY2021,mit.ps.ecy.res,0.833,0,"Egypt_Price_Data_2026-10-09.xlsx (user, corrected Egypt price block)"
EGY2021,mit.nga.prod.cost,6.788,6.786,"Egypt_Price_Data_2026-10-09.xlsx (user, corrected Egypt price block)"
EGY2022,mit.sp.coa.pow,11.72,11.7,"Egypt_Price_Data_2026-10-09.xlsx (user, corrected Egypt price block)"
EGY2022,mit.rp.coa.pow,11.72,11.7,"Egypt_Price_Data_2026-10-09.xlsx (user, corrected Egypt price block)"
EGY2022,mit.sp.coa.ind,9.783,9.782,"Egypt_Price_Data_2026-10-09.xlsx (user, corrected Egypt price block)"
EGY2022,mit.rp.coa.ind,10.087,10.086,"Egypt_Price_Data_2026-10-09.xlsx (user, corrected Egypt price block)"
EGY2022,mit.rp.coa.res,20.398,20.58302,"Egypt_Price_Data_2026-10-09.xlsx (user, corrected Egypt price block)"
EGY2022,mit.sp.nga.pow,10.107,10.105,"Egypt_Price_Data_2026-10-09.xlsx (user, corrected Egypt price block)"
EGY2022,mit.mar.nga.pow,1.24,1.246,"Egypt_Price_Data_2026-10-09.xlsx (user, corrected Egypt price block)"
EGY2022,mit.txo.nga.pow,-7.658,-7.656,"Egypt_Price_Data_2026-10-09.xlsx (user, corrected Egypt price block)"
EGY2022,mit.sp.nga.ind,10.787,10.785,"Egypt_Price_Data_2026-10-09.xlsx (user, corrected Egypt price block)"
EGY2022,mit.mar.nga.ind,2.317,2.325,"Egypt_Price_Data_2026-10-09.xlsx (user, corrected Egypt price block)"
EGY2022,mit.txo.nga.ind,-6.093,-6.091,"Egypt_Price_Data_2026-10-09.xlsx (user, corrected Egypt price block)"
EGY2022,mit.sp.nga.res,14.866,14.863,"Egypt_Price_Data_2026-10-09.xlsx (user, corrected Egypt price block)"
EGY2022,mit.mar.nga.res,7.465,7.469,"Egypt_Price_Data_2026-10-09.xlsx (user, corrected Egypt price block)"
EGY2022,mit.txo.nga.res,-11.29,-10.79,"Egypt_Price_Data_2026-10-09.xlsx (user, corrected Egypt price block)"
EGY2022,mit.txo.gso.all,-0.384,-0.319,"Egypt_Price_Data_2026-10-09.xlsx (user, corrected Egypt price block)"
EGY2022,mit.txo.die.all,-0.627,-0.583,"Egypt_Price_Data_2026-10-09.xlsx (user, corrected Egypt price block)"
EGY2022,mit.sp.lpg.all,0.589,0.59,"Egypt_Price_Data_2026-10-09.xlsx (user, corrected Egypt price block)"
EGY2022,mit.txo.lpg.all,-0.453,-0.436,"Egypt_Price_Data_2026-10-09.xlsx (user, corrected Egypt price block)"
EGY2022,mit.txo.ker.all,-0.369,-0.325,"Egypt_Price_Data_2026-10-09.xlsx (user, corrected Egypt price block)"
EGY2022,mit.sp.ecy.ind,0,0.055996364,"Egypt_Price_Data_2026-10-09.xlsx (user, corrected Egypt price block)"
EGY2022,mit.txo.ecy.ind,-0.05,3.636e-06,"Egypt_Price_Data_2026-10-09.xlsx (user, corrected Egypt price block)"
EGY2022,mit.sp.ecy.res,0,0.052182094,"Egypt_Price_Data_2026-10-09.xlsx (user, corrected Egypt price block)"
EGY2022,mit.txo.ecy.res,-0.05,0.001817906,"Egypt_Price_Data_2026-10-09.xlsx (user, corrected Egypt price block)"
EGY2022,mit.ps.ecy.res,0.833,0,"Egypt_Price_Data_2026-10-09.xlsx (user, corrected Egypt price block)"
EGY2022,mit.nga.prod.cost,7.33,7.328,"Egypt_Price_Data_2026-10-09.xlsx (user, corrected Egypt price block)"
EGY2023,mit.sp.coa.pow,6.147,6.1,"Egypt_Price_Data_2026-10-09.xlsx (user, corrected Egypt price block)"
EGY2023,mit.rp.coa.pow,6.147,6.1,"Egypt_Price_Data_2026-10-09.xlsx (user, corrected Egypt price block)"
EGY2023,mit.sp.coa.ind,7.886,7.887,"Egypt_Price_Data_2026-10-09.xlsx (user, corrected Egypt price block)"
EGY2023,mit.rp.coa.res,14.336,14.5305,"Egypt_Price_Data_2026-10-09.xlsx (user, corrected Egypt price block)"
EGY2023,mit.sp.nga.pow,8.602,8.6,"Egypt_Price_Data_2026-10-09.xlsx (user, corrected Egypt price block)"
EGY2023,mit.mar.nga.pow,1.055,1.06,"Egypt_Price_Data_2026-10-09.xlsx (user, corrected Egypt price block)"
EGY2023,mit.txo.nga.pow,-6.208,-6.206,"Egypt_Price_Data_2026-10-09.xlsx (user, corrected Egypt price block)"
EGY2023,mit.sp.nga.ind,9.337,9.335,"Egypt_Price_Data_2026-10-09.xlsx (user, corrected Egypt price block)"
EGY2023,mit.mar.nga.ind,2.006,2.013,"Egypt_Price_Data_2026-10-09.xlsx (user, corrected Egypt price block)"
EGY2023,mit.txo.nga.ind,-4.749,-4.746,"Egypt_Price_Data_2026-10-09.xlsx (user, corrected Egypt price block)"
EGY2023,mit.sp.nga.res,13.748,13.746,"Egypt_Price_Data_2026-10-09.xlsx (user, corrected Egypt price block)"
EGY2023,mit.mar.nga.res,6.904,6.908,"Egypt_Price_Data_2026-10-09.xlsx (user, corrected Egypt price block)"
EGY2023,mit.txo.nga.res,-11.171,-10.81,"Egypt_Price_Data_2026-10-09.xlsx (user, corrected Egypt price block)"
EGY2023,mit.txo.gso.all,-0.419,-0.373,"Egypt_Price_Data_2026-10-09.xlsx (user, corrected Egypt price block)"
EGY2023,mit.txo.die.all,-0.557,-0.526,"Egypt_Price_Data_2026-10-09.xlsx (user, corrected Egypt price block)"
EGY2023,mit.sp.lpg.all,0.527,0.529,"Egypt_Price_Data_2026-10-09.xlsx (user, corrected Egypt price block)"
EGY2023,mit.txo.lpg.all,-0.446,-0.436,"Egypt_Price_Data_2026-10-09.xlsx (user, corrected Egypt price block)"
EGY2023,mit.txo.ker.all,-0.432,-0.403,"Egypt_Price_Data_2026-10-09.xlsx (user, corrected Egypt price block)"
EGY2023,mit.sp.ecy.ind,0,0.056997675,"Egypt_Price_Data_2026-10-09.xlsx (user, corrected Egypt price block)"
EGY2023,mit.txo.ecy.ind,-0.05,2.325e-06,"Egypt_Price_Data_2026-10-09.xlsx (user, corrected Egypt price block)"
EGY2023,mit.sp.ecy.res,0,0.046837306,"Egypt_Price_Data_2026-10-09.xlsx (user, corrected Egypt price block)"
EGY2023,mit.txo.ecy.res,-0.05,0.001162694,"Egypt_Price_Data_2026-10-09.xlsx (user, corrected Egypt price block)"
EGY2023,mit.ps.ecy.res,0.833,0,"Egypt_Price_Data_2026-10-09.xlsx (user, corrected Egypt price block)"
EGY2023,mit.sp.bio.all,13.254,13.255,"Egypt_Price_Data_2026-10-09.xlsx (user, corrected Egypt price block)"
EGY2023,mit.rp.bio.all,13.254,13.255,"Egypt_Price_Data_2026-10-09.xlsx (user, corrected Egypt price block)"
EGY2023,mit.coa.prod.cost,1.348,1.347,"Egypt_Price_Data_2026-10-09.xlsx (user, corrected Egypt price block)"
EGY2023,mit.nga.prod.cost,7.633,7.63,"Egypt_Price_Data_2026-10-09.xlsx (user, corrected Egypt price block)"
EGY2024,mit.sp.coa.ind,7.124,7.145,"Egypt_Price_Data_2026-10-09.xlsx (user, corrected Egypt price block)"
EGY2024,mit.mar.coa.ind,3.971,3.972,"Egypt_Price_Data_2026-10-09.xlsx (user, corrected Egypt price block)"
EGY2024,mit.txo.coa.ind,0.158,0.159,"Egypt_Price_Data_2026-10-09.xlsx (user, corrected Egypt price block)"
EGY2024,mit.rp.coa.ind,7.281,7.304,"Egypt_Price_Data_2026-10-09.xlsx (user, corrected Egypt price block)"
EGY2024,mit.sp.coa.res,12.193,12.195,"Egypt_Price_Data_2026-10-09.xlsx (user, corrected Egypt price block)"
EGY2024,mit.mar.coa.res,7.942,7.944,"Egypt_Price_Data_2026-10-09.xlsx (user, corrected Egypt price block)"
EGY2024,mit.rp.coa.res,13.9,13.903,"Egypt_Price_Data_2026-10-09.xlsx (user, corrected Egypt price block)"
EGY2024,mit.sp.nga.pow,8.355,8.267,"Egypt_Price_Data_2026-10-09.xlsx (user, corrected Egypt price block)"
EGY2024,mit.mar.nga.pow,1.025,1.019,"Egypt_Price_Data_2026-10-09.xlsx (user, corrected Egypt price block)"
EGY2024,mit.txo.nga.pow,-5.852,-5.764,"Egypt_Price_Data_2026-10-09.xlsx (user, corrected Egypt price block)"
EGY2024,mit.sp.nga.ind,9.112,9.024,"Egypt_Price_Data_2026-10-09.xlsx (user, corrected Egypt price block)"
EGY2024,mit.mar.nga.ind,1.957,1.946,"Egypt_Price_Data_2026-10-09.xlsx (user, corrected Egypt price block)"
EGY2024,mit.txo.nga.ind,-4.315,-4.227,"Egypt_Price_Data_2026-10-09.xlsx (user, corrected Egypt price block)"
EGY2024,mit.sp.nga.res,13.653,13.567,"Egypt_Price_Data_2026-10-09.xlsx (user, corrected Egypt price block)"
EGY2024,mit.mar.nga.res,6.856,6.818,"Egypt_Price_Data_2026-10-09.xlsx (user, corrected Egypt price block)"
EGY2024,mit.txo.nga.res,-11.725,-11.37,"Egypt_Price_Data_2026-10-09.xlsx (user, corrected Egypt price block)"
EGY2024,mit.txo.gso.all,-0.443,-0.404,"Egypt_Price_Data_2026-10-09.xlsx (user, corrected Egypt price block)"
EGY2024,mit.txo.die.all,-0.528,-0.499,"Egypt_Price_Data_2026-10-09.xlsx (user, corrected Egypt price block)"
EGY2024,mit.sp.lpg.all,0.51,0.512,"Egypt_Price_Data_2026-10-09.xlsx (user, corrected Egypt price block)"
EGY2024,mit.txo.lpg.all,-0.442,-0.429,"Egypt_Price_Data_2026-10-09.xlsx (user, corrected Egypt price block)"
EGY2024,mit.rp.lpg.all,0.078,0.083,"Egypt_Price_Data_2026-10-09.xlsx (user, corrected Egypt price block)"
EGY2024,mit.txo.ker.all,-0.45,-0.422,"Egypt_Price_Data_2026-10-09.xlsx (user, corrected Egypt price block)"
EGY2024,mit.ps.ecy.res,0.833,0,"Egypt_Price_Data_2026-10-09.xlsx (user, corrected Egypt price block)"
EGY2024,mit.sp.bio.all,13.646,13.651,"Egypt_Price_Data_2026-10-09.xlsx (user, corrected Egypt price block)"
EGY2024,mit.rp.bio.all,13.646,13.651,"Egypt_Price_Data_2026-10-09.xlsx (user, corrected Egypt price block)"
EGY2024,mit.nga.prod.cost,7.598,7.51,"Egypt_Price_Data_2026-10-09.xlsx (user, corrected Egypt price block)"
EGY2024,mit.spot.nga,7.598,7.51,"Egypt_Price_Data_2026-10-09.xlsx (user, corrected Egypt price block)"
EGY2019,VAT_WEO,,0.14,"Egypt_Price_Data_2026-10-09.xlsx (user, corrected Egypt price block)"
EGY2019,mit.sp.coa.pow,,3.88,"Egypt_Price_Data_2026-10-09.xlsx (user, corrected Egypt price block)"
EGY2019,mit.mar.coa.pow,,1.079,"Egypt_Price_Data_2026-10-09.xlsx (user, corrected Egypt price block)"
EGY2019,mit.txo.coa.pow,,0,"Egypt_Price_Data_2026-10-09.xlsx (user, corrected Egypt price block)"
EGY2019,mit.rp.coa.pow,,3.88,"Egypt_Price_Data_2026-10-09.xlsx (user, corrected Egypt price block)"
EGY2019,mit.vatrate.coa.pow,,0,"Egypt_Price_Data_2026-10-09.xlsx (user, corrected Egypt price block)"
EGY2019,mit.ps.coa.pow,,1,"Egypt_Price_Data_2026-10-09.xlsx (user, corrected Egypt price block)"
EGY2019,mit.sp.coa.ind,,5.642,"Egypt_Price_Data_2026-10-09.xlsx (user, corrected Egypt price block)"
EGY2019,mit.mar.coa.ind,,3.236,"Egypt_Price_Data_2026-10-09.xlsx (user, corrected Egypt price block)"
EGY2019,mit.txo.coa.ind,,0.12,"Egypt_Price_Data_2026-10-09.xlsx (user, corrected Egypt price block)"
EGY2019,mit.rp.coa.ind,,5.762,"Egypt_Price_Data_2026-10-09.xlsx (user, corrected Egypt price block)"
EGY2019,mit.vatrate.coa.ind,,0,"Egypt_Price_Data_2026-10-09.xlsx (user, corrected Egypt price block)"
EGY2019,mit.ps.coa.ind,,1,"Egypt_Price_Data_2026-10-09.xlsx (user, corrected Egypt price block)"
EGY2019,mit.sp.coa.res,,9.27,"Egypt_Price_Data_2026-10-09.xlsx (user, corrected Egypt price block)"
EGY2019,mit.mar.coa.res,,6.472,"Egypt_Price_Data_2026-10-09.xlsx (user, corrected Egypt price block)"
EGY2019,mit.txo.coa.res,,-0.078,"Egypt_Price_Data_2026-10-09.xlsx (user, corrected Egypt price block)"
EGY2019,mit.rp.coa.res,,10.4898,"Egypt_Price_Data_2026-10-09.xlsx (user, corrected Egypt price block)"
EGY2019,mit.vatrate.coa.res,,0.14,"Egypt_Price_Data_2026-10-09.xlsx (user, corrected Egypt price block)"
EGY2019,mit.ps.coa.res,,1,"Egypt_Price_Data_2026-10-09.xlsx (user, corrected Egypt price block)"
EGY2019,mit.sp.nga.pow,,2.816,"Egypt_Price_Data_2026-10-09.xlsx (user, corrected Egypt price block)"
EGY2019,mit.mar.nga.pow,,0.313,"Egypt_Price_Data_2026-10-09.xlsx (user, corrected Egypt price block)"
EGY2019,mit.txo.nga.pow,,0.05,"Egypt_Price_Data_2026-10-09.xlsx (user, corrected Egypt price block)"
EGY2019,mit.rp.nga.pow,,2.866,"Egypt_Price_Data_2026-10-09.xlsx (user, corrected Egypt price block)"
EGY2019,mit.vatrate.nga.pow,,0,"Egypt_Price_Data_2026-10-09.xlsx (user, corrected Egypt price block)"
EGY2019,mit.ps.nga.pow,,0,"Egypt_Price_Data_2026-10-09.xlsx (user, corrected Egypt price block)"
EGY2019,mit.sp.nga.ind,,4.061,"Egypt_Price_Data_2026-10-09.xlsx (user, corrected Egypt price block)"
EGY2019,mit.mar.nga.ind,,0.664,"Egypt_Price_Data_2026-10-09.xlsx (user, corrected Egypt price block)"
EGY2019,mit.txo.nga.ind,,0.04,"Egypt_Price_Data_2026-10-09.xlsx (user, corrected Egypt price block)"
EGY2019,mit.rp.nga.ind,,4.101,"Egypt_Price_Data_2026-10-09.xlsx (user, corrected Egypt price block)"
EGY2019,mit.vatrate.nga.ind,,0,"Egypt_Price_Data_2026-10-09.xlsx (user, corrected Egypt price block)"
EGY2019,mit.ps.nga.ind,,0,"Egypt_Price_Data_2026-10-09.xlsx (user, corrected Egypt price block)"
EGY2019,mit.sp.nga.res,,6.315,"Egypt_Price_Data_2026-10-09.xlsx (user, corrected Egypt price block)"
EGY2019,mit.mar.nga.res,,3.173,"Egypt_Price_Data_2026-10-09.xlsx (user, corrected Egypt price block)"
EGY2019,mit.txo.nga.res,,-2.56,"Egypt_Price_Data_2026-10-09.xlsx (user, corrected Egypt price block)"
EGY2019,mit.rp.nga.res,,3.759,"Egypt_Price_Data_2026-10-09.xlsx (user, corrected Egypt price block)"
EGY2019,mit.vatrate.nga.res,,0,"Egypt_Price_Data_2026-10-09.xlsx (user, corrected Egypt price block)"
EGY2019,mit.ps.nga.res,,0,"Egypt_Price_Data_2026-10-09.xlsx (user, corrected Egypt price block)"
EGY2019,mit.sp.gso.all,,0.564,"Egypt_Price_Data_2026-10-09.xlsx (user, corrected Egypt price block)"
EGY2019,mit.mar.gso.all,,0.108,"Egypt_Price_Data_2026-10-09.xlsx (user, corrected Egypt price block)"
EGY2019,mit.txo.gso.all,,-0.068,"Egypt_Price_Data_2026-10-09.xlsx (user, corrected Egypt price block)"
EGY2019,mit.rp.gso.all,,0.496,"Egypt_Price_Data_2026-10-09.xlsx (user, corrected Egypt price block)"
EGY2019,mit.vatrate.gso.all,,0,"Egypt_Price_Data_2026-10-09.xlsx (user, corrected Egypt price block)"
EGY2019,mit.ps.gso.all,,0,"Egypt_Price_Data_2026-10-09.xlsx (user, corrected Egypt price block)"
EGY2019,mit.sp.die.all,,0.594,"Egypt_Price_Data_2026-10-09.xlsx (user, corrected Egypt price block)"
EGY2019,mit.mar.die.all,,0.108,"Egypt_Price_Data_2026-10-09.xlsx (user, corrected Egypt price block)"
EGY2019,mit.txo.die.all,,-0.229,"Egypt_Price_Data_2026-10-09.xlsx (user, corrected Egypt price block)"
EGY2019,mit.rp.die.all,,0.365,"Egypt_Price_Data_2026-10-09.xlsx (user, corrected Egypt price block)"
EGY2019,mit.vatrate.die.all,,0,"Egypt_Price_Data_2026-10-09.xlsx (user, corrected Egypt price block)"
EGY2019,mit.ps.die.all,,0,"Egypt_Price_Data_2026-10-09.xlsx (user, corrected Egypt price block)"
EGY2019,mit.sp.lpg.all,,0.402,"Egypt_Price_Data_2026-10-09.xlsx (user, corrected Egypt price block)"
EGY2019,mit.mar.lpg.all,,0.108,"Egypt_Price_Data_2026-10-09.xlsx (user, corrected Egypt price block)"
EGY2019,mit.txo.lpg.all,,-0.257,"Egypt_Price_Data_2026-10-09.xlsx (user, corrected Egypt price block)"
EGY2019,mit.rp.lpg.all,,0.145,"Egypt_Price_Data_2026-10-09.xlsx (user, corrected Egypt price block)"
EGY2019,mit.vatrate.lpg.all,,0,"Egypt_Price_Data_2026-10-09.xlsx (user, corrected Egypt price block)"
EGY2019,mit.ps.lpg.all,,0,"Egypt_Price_Data_2026-10-09.xlsx (user, corrected Egypt price block)"
EGY2019,mit.sp.ker.all,,0.484,"Egypt_Price_Data_2026-10-09.xlsx (user, corrected Egypt price block)"
EGY2019,mit.mar.ker.all,,0.108,"Egypt_Price_Data_2026-10-09.xlsx (user, corrected Egypt price block)"
EGY2019,mit.txo.ker.all,,-0.119,"Egypt_Price_Data_2026-10-09.xlsx (user, corrected Egypt price block)"
EGY2019,mit.rp.ker.all,,0.365,"Egypt_Price_Data_2026-10-09.xlsx (user, corrected Egypt price block)"
EGY2019,mit.vatrate.ker.all,,0,"Egypt_Price_Data_2026-10-09.xlsx (user, corrected Egypt price block)"
EGY2019,mit.ps.ker.all,,0,"Egypt_Price_Data_2026-10-09.xlsx (user, corrected Egypt price block)"
EGY2019,mit.sp.ecy.ind,,0.094996592,"Egypt_Price_Data_2026-10-09.xlsx (user, corrected Egypt price block)"
EGY2019,mit.txo.ecy.ind,,3.408e-06,"Egypt_Price_Data_2026-10-09.xlsx (user, corrected Egypt price block)"
EGY2019,mit.rp.ecy.ind,,0.095,"Egypt_Price_Data_2026-10-09.xlsx (user, corrected Egypt price block)"
EGY2019,mit.vatrate.ecy.ind,,0,"Egypt_Price_Data_2026-10-09.xlsx (user, corrected Egypt price block)"
EGY2019,mit.ps.ecy.ind,,0.833,"Egypt_Price_Data_2026-10-09.xlsx (user, corrected Egypt price block)"
EGY2019,mit.sp.ecy.res,,0.061295777,"Egypt_Price_Data_2026-10-09.xlsx (user, corrected Egypt price block)"
EGY2019,mit.txo.ecy.res,,0.001704223,"Egypt_Price_Data_2026-10-09.xlsx (user, corrected Egypt price block)"
EGY2019,mit.rp.ecy.res,,0.063,"Egypt_Price_Data_2026-10-09.xlsx (user, corrected Egypt price block)"
EGY2019,mit.vatrate.ecy.res,,0,"Egypt_Price_Data_2026-10-09.xlsx (user, corrected Egypt price block)"
EGY2019,mit.ps.ecy.res,,0,"Egypt_Price_Data_2026-10-09.xlsx (user, corrected Egypt price block)"
EGY2019,mit.sp.bio.all,,10.87,"Egypt_Price_Data_2026-10-09.xlsx (user, corrected Egypt price block)"
EGY2019,mit.txo.bio.all,,0,"Egypt_Price_Data_2026-10-09.xlsx (user, corrected Egypt price block)"
EGY2019,mit.rp.bio.all,,10.87,"Egypt_Price_Data_2026-10-09.xlsx (user, corrected Egypt price block)"
EGY2019,mit.vatrate.bio.all,,0,"Egypt_Price_Data_2026-10-09.xlsx (user, corrected Egypt price block)"
EGY2019,mit.sp.oop.all,,72.556,"Egypt_Price_Data_2026-10-09.xlsx (user, corrected Egypt price block)"
EGY2019,mit.mar.oop.all,,7.95,"Egypt_Price_Data_2026-10-09.xlsx (user, corrected Egypt price block)"
EGY2019,mit.txo.oop.all,,-44.094,"Egypt_Price_Data_2026-10-09.xlsx (user, corrected Egypt price block)"
EGY2019,mit.rp.oop.all,,32.446,"Egypt_Price_Data_2026-10-09.xlsx (user, corrected Egypt price block)"
EGY2019,mit.vatrate.oop.all,,0,"Egypt_Price_Data_2026-10-09.xlsx (user, corrected Egypt price block)"
EGY2019,mit.ps.oop.all,,0,"Egypt_Price_Data_2026-10-09.xlsx (user, corrected Egypt price block)"
EGY2019,mit.sub.or.ecy.res,,0,"Egypt_Price_Data_2026-10-09.xlsx (user, corrected Egypt price block)"
EGY2019,mit.sub.or.ecy.ind,,0,"Egypt_Price_Data_2026-10-09.xlsx (user, corrected Egypt price block)"
EGY2019,mit.pros.bio.all,,0,"Egypt_Price_Data_2026-10-09.xlsx (user, corrected Egypt price block)"
EGY2019,mit.pros.coa.all,,0,"Egypt_Price_Data_2026-10-09.xlsx (user, corrected Egypt price block)"
EGY2019,mit.pros.ecy.all,,0,"Egypt_Price_Data_2026-10-09.xlsx (user, corrected Egypt price block)"
EGY2019,mit.pros.nga.all,,0,"Egypt_Price_Data_2026-10-09.xlsx (user, corrected Egypt price block)"
EGY2019,mit.pros.oil.all,,0,"Egypt_Price_Data_2026-10-09.xlsx (user, corrected Egypt price block)"
EGY2019,mit.coa.prod,,0,"Egypt_Price_Data_2026-10-09.xlsx (user, corrected Egypt price block)"
EGY2019,mit.coa.prod.cost,,1.13,"Egypt_Price_Data_2026-10-09.xlsx (user, corrected Egypt price block)"
EGY2019,mit.nga.prod,,1,"Egypt_Price_Data_2026-10-09.xlsx (user, corrected Egypt price block)"
EGY2019,mit.nga.prod.cost,,2,"Egypt_Price_Data_2026-10-09.xlsx (user, corrected Egypt price block)"
EGY2019,mit.spot.coa,,2.797,"Egypt_Price_Data_2026-10-09.xlsx (user, corrected Egypt price block)"
EGY2019,mit.spot.nga,,2,"Egypt_Price_Data_2026-10-09.xlsx (user, corrected Egypt price block)"
EGY2020,VAT_WEO,,0.14,"Egypt_Price_Data_2026-10-09.xlsx (user, corrected Egypt price block)"
EGY2020,mit.sp.coa.pow,,3.6,"Egypt_Price_Data_2026-10-09.xlsx (user, corrected Egypt price block)"
EGY2020,mit.mar.coa.pow,,1.092,"Egypt_Price_Data_2026-10-09.xlsx (user, corrected Egypt price block)"
EGY2020,mit.txo.coa.pow,,0,"Egypt_Price_Data_2026-10-09.xlsx (user, corrected Egypt price block)"
EGY2020,mit.rp.coa.pow,,3.6,"Egypt_Price_Data_2026-10-09.xlsx (user, corrected Egypt price block)"
EGY2020,mit.vatrate.coa.pow,,0,"Egypt_Price_Data_2026-10-09.xlsx (user, corrected Egypt price block)"
EGY2020,mit.ps.coa.pow,,1,"Egypt_Price_Data_2026-10-09.xlsx (user, corrected Egypt price block)"
EGY2020,mit.sp.coa.ind,,5.429,"Egypt_Price_Data_2026-10-09.xlsx (user, corrected Egypt price block)"
EGY2020,mit.mar.coa.ind,,3.277,"Egypt_Price_Data_2026-10-09.xlsx (user, corrected Egypt price block)"
EGY2020,mit.txo.coa.ind,,0.108,"Egypt_Price_Data_2026-10-09.xlsx (user, corrected Egypt price block)"
EGY2020,mit.rp.coa.ind,,5.537,"Egypt_Price_Data_2026-10-09.xlsx (user, corrected Egypt price block)"
EGY2020,mit.vatrate.coa.ind,,0,"Egypt_Price_Data_2026-10-09.xlsx (user, corrected Egypt price block)"
EGY2020,mit.ps.coa.ind,,1,"Egypt_Price_Data_2026-10-09.xlsx (user, corrected Egypt price block)"
EGY2020,mit.sp.coa.res,,9.056,"Egypt_Price_Data_2026-10-09.xlsx (user, corrected Egypt price block)"
EGY2020,mit.mar.coa.res,,6.553,"Egypt_Price_Data_2026-10-09.xlsx (user, corrected Egypt price block)"
EGY2020,mit.txo.coa.res,,-0.059,"Egypt_Price_Data_2026-10-09.xlsx (user, corrected Egypt price block)"
EGY2020,mit.rp.coa.res,,10.26484,"Egypt_Price_Data_2026-10-09.xlsx (user, corrected Egypt price block)"
EGY2020,mit.vatrate.coa.res,,0.14,"Egypt_Price_Data_2026-10-09.xlsx (user, corrected Egypt price block)"
EGY2020,mit.ps.coa.res,,1,"Egypt_Price_Data_2026-10-09.xlsx (user, corrected Egypt price block)"
EGY2020,mit.sp.nga.pow,,2.842,"Egypt_Price_Data_2026-10-09.xlsx (user, corrected Egypt price block)"
EGY2020,mit.mar.nga.pow,,0.318,"Egypt_Price_Data_2026-10-09.xlsx (user, corrected Egypt price block)"
EGY2020,mit.txo.nga.pow,,0.06,"Egypt_Price_Data_2026-10-09.xlsx (user, corrected Egypt price block)"
EGY2020,mit.rp.nga.pow,,2.902,"Egypt_Price_Data_2026-10-09.xlsx (user, corrected Egypt price block)"
EGY2020,mit.vatrate.nga.pow,,0,"Egypt_Price_Data_2026-10-09.xlsx (user, corrected Egypt price block)"
EGY2020,mit.ps.nga.pow,,0,"Egypt_Price_Data_2026-10-09.xlsx (user, corrected Egypt price block)"
EGY2020,mit.sp.nga.ind,,4.102,"Egypt_Price_Data_2026-10-09.xlsx (user, corrected Egypt price block)"
EGY2020,mit.mar.nga.ind,,0.68,"Egypt_Price_Data_2026-10-09.xlsx (user, corrected Egypt price block)"
EGY2020,mit.txo.nga.ind,,0.05,"Egypt_Price_Data_2026-10-09.xlsx (user, corrected Egypt price block)"
EGY2020,mit.rp.nga.ind,,4.152,"Egypt_Price_Data_2026-10-09.xlsx (user, corrected Egypt price block)"
EGY2020,mit.vatrate.nga.ind,,0,"Egypt_Price_Data_2026-10-09.xlsx (user, corrected Egypt price block)"
EGY2020,mit.ps.nga.ind,,0,"Egypt_Price_Data_2026-10-09.xlsx (user, corrected Egypt price block)"
EGY2020,mit.sp.nga.res,,6.62,"Egypt_Price_Data_2026-10-09.xlsx (user, corrected Egypt price block)"
EGY2020,mit.mar.nga.res,,3.327,"Egypt_Price_Data_2026-10-09.xlsx (user, corrected Egypt price block)"
EGY2020,mit.txo.nga.res,,-1.94,"Egypt_Price_Data_2026-10-09.xlsx (user, corrected Egypt price block)"
EGY2020,mit.rp.nga.res,,4.684,"Egypt_Price_Data_2026-10-09.xlsx (user, corrected Egypt price block)"
EGY2020,mit.vatrate.nga.res,,0,"Egypt_Price_Data_2026-10-09.xlsx (user, corrected Egypt price block)"
EGY2020,mit.ps.nga.res,,0,"Egypt_Price_Data_2026-10-09.xlsx (user, corrected Egypt price block)"
EGY2020,mit.sp.gso.all,,0.494261644,"Egypt_Price_Data_2026-10-09.xlsx (user, corrected Egypt price block)"
EGY2020,mit.mar.gso.all,,0.109,"Egypt_Price_Data_2026-10-09.xlsx (user, corrected Egypt price block)"
EGY2020,mit.txo.gso.all,,0.049738356,"Egypt_Price_Data_2026-10-09.xlsx (user, corrected Egypt price block)"
EGY2020,mit.rp.gso.all,,0.544,"Egypt_Price_Data_2026-10-09.xlsx (user, corrected Egypt price block)"
EGY2020,mit.vatrate.gso.all,,0,"Egypt_Price_Data_2026-10-09.xlsx (user, corrected Egypt price block)"
EGY2020,mit.ps.gso.all,,0,"Egypt_Price_Data_2026-10-09.xlsx (user, corrected Egypt price block)"
EGY2020,mit.sp.die.all,,0.414,"Egypt_Price_Data_2026-10-09.xlsx (user, corrected Egypt price block)"
EGY2020,mit.mar.die.all,,0.109,"Egypt_Price_Data_2026-10-09.xlsx (user, corrected Egypt price block)"
EGY2020,mit.txo.die.all,,0.014,"Egypt_Price_Data_2026-10-09.xlsx (user, corrected Egypt price block)"
EGY2020,mit.rp.die.all,,0.428,"Egypt_Price_Data_2026-10-09.xlsx (user, corrected Egypt price block)"
EGY2020,mit.vatrate.die.all,,0,"Egypt_Price_Data_2026-10-09.xlsx (user, corrected Egypt price block)"
EGY2020,mit.ps.die.all,,0,"Egypt_Price_Data_2026-10-09.xlsx (user, corrected Egypt price block)"
EGY2020,mit.sp.lpg.all,,0.299,"Egypt_Price_Data_2026-10-09.xlsx (user, corrected Egypt price block)"
EGY2020,mit.mar.lpg.all,,0.109,"Egypt_Price_Data_2026-10-09.xlsx (user, corrected Egypt price block)"
EGY2020,mit.txo.lpg.all,,-0.123,"Egypt_Price_Data_2026-10-09.xlsx (user, corrected Egypt price block)"
EGY2020,mit.rp.lpg.all,,0.176,"Egypt_Price_Data_2026-10-09.xlsx (user, corrected Egypt price block)"
EGY2020,mit.vatrate.lpg.all,,0,"Egypt_Price_Data_2026-10-09.xlsx (user, corrected Egypt price block)"
EGY2020,mit.ps.lpg.all,,0,"Egypt_Price_Data_2026-10-09.xlsx (user, corrected Egypt price block)"
EGY2020,mit.sp.ker.all,,0.38261774,"Egypt_Price_Data_2026-10-09.xlsx (user, corrected Egypt price block)"
EGY2020,mit.mar.ker.all,,0.109,"Egypt_Price_Data_2026-10-09.xlsx (user, corrected Egypt price block)"
EGY2020,mit.txo.ker.all,,0.02238226,"Egypt_Price_Data_2026-10-09.xlsx (user, corrected Egypt price block)"
EGY2020,mit.rp.ker.all,,0.405,"Egypt_Price_Data_2026-10-09.xlsx (user, corrected Egypt price block)"
EGY2020,mit.vatrate.ker.all,,0,"Egypt_Price_Data_2026-10-09.xlsx (user, corrected Egypt price block)"
EGY2020,mit.ps.ker.all,,0,"Egypt_Price_Data_2026-10-09.xlsx (user, corrected Egypt price block)"
EGY2020,mit.sp.ecy.ind,,0.06999627,"Egypt_Price_Data_2026-10-09.xlsx (user, corrected Egypt price block)"
EGY2020,mit.txo.ecy.ind,,3.73e-06,"Egypt_Price_Data_2026-10-09.xlsx (user, corrected Egypt price block)"
EGY2020,mit.rp.ecy.ind,,0.07,"Egypt_Price_Data_2026-10-09.xlsx (user, corrected Egypt price block)"
EGY2020,mit.vatrate.ecy.ind,,0,"Egypt_Price_Data_2026-10-09.xlsx (user, corrected Egypt price block)"
EGY2020,mit.ps.ecy.ind,,0.833,"Egypt_Price_Data_2026-10-09.xlsx (user, corrected Egypt price block)"
EGY2020,mit.sp.ecy.res,,0.073134812,"Egypt_Price_Data_2026-10-09.xlsx (user, corrected Egypt price block)"
EGY2020,mit.txo.ecy.res,,0.001865188,"Egypt_Price_Data_2026-10-09.xlsx (user, corrected Egypt price block)"
EGY2020,mit.rp.ecy.res,,0.075,"Egypt_Price_Data_2026-10-09.xlsx (user, corrected Egypt price block)"
EGY2020,mit.vatrate.ecy.res,,0,"Egypt_Price_Data_2026-10-09.xlsx (user, corrected Egypt price block)"
EGY2020,mit.ps.ecy.res,,0,"Egypt_Price_Data_2026-10-09.xlsx (user, corrected Egypt price block)"
EGY2020,mit.sp.bio.all,,11.26,"Egypt_Price_Data_2026-10-09.xlsx (user, corrected Egypt price block)"
EGY2020,mit.txo.bio.all,,0,"Egypt_Price_Data_2026-10-09.xlsx (user, corrected Egypt price block)"
EGY2020,mit.rp.bio.all,,11.26,"Egypt_Price_Data_2026-10-09.xlsx (user, corrected Egypt price block)"
EGY2020,mit.vatrate.bio.all,,0,"Egypt_Price_Data_2026-10-09.xlsx (user, corrected Egypt price block)"
EGY2020,mit.sp.oop.all,,56.32,"Egypt_Price_Data_2026-10-09.xlsx (user, corrected Egypt price block)"
EGY2020,mit.mar.oop.all,,7.95,"Egypt_Price_Data_2026-10-09.xlsx (user, corrected Egypt price block)"
EGY2020,mit.txo.oop.all,,-25.465,"Egypt_Price_Data_2026-10-09.xlsx (user, corrected Egypt price block)"
EGY2020,mit.rp.oop.all,,35.175,"Egypt_Price_Data_2026-10-09.xlsx (user, corrected Egypt price block)"
EGY2020,mit.vatrate.oop.all,,0,"Egypt_Price_Data_2026-10-09.xlsx (user, corrected Egypt price block)"
EGY2020,mit.ps.oop.all,,0,"Egypt_Price_Data_2026-10-09.xlsx (user, corrected Egypt price block)"
EGY2020,mit.sub.or.ecy.res,,0,"Egypt_Price_Data_2026-10-09.xlsx (user, corrected Egypt price block)"
EGY2020,mit.sub.or.ecy.ind,,0,"Egypt_Price_Data_2026-10-09.xlsx (user, corrected Egypt price block)"
EGY2020,mit.pros.bio.all,,0,"Egypt_Price_Data_2026-10-09.xlsx (user, corrected Egypt price block)"
EGY2020,mit.pros.coa.all,,0,"Egypt_Price_Data_2026-10-09.xlsx (user, corrected Egypt price block)"
EGY2020,mit.pros.ecy.all,,0,"Egypt_Price_Data_2026-10-09.xlsx (user, corrected Egypt price block)"
EGY2020,mit.pros.nga.all,,0,"Egypt_Price_Data_2026-10-09.xlsx (user, corrected Egypt price block)"
EGY2020,mit.pros.oil.all,,0,"Egypt_Price_Data_2026-10-09.xlsx (user, corrected Egypt price block)"
EGY2020,mit.coa.prod,,0,"Egypt_Price_Data_2026-10-09.xlsx (user, corrected Egypt price block)"
EGY2020,mit.coa.prod.cost,,1.144,"Egypt_Price_Data_2026-10-09.xlsx (user, corrected Egypt price block)"
EGY2020,mit.nga.prod,,0.942,"Egypt_Price_Data_2026-10-09.xlsx (user, corrected Egypt price block)"
EGY2020,mit.nga.prod.cost,,2,"Egypt_Price_Data_2026-10-09.xlsx (user, corrected Egypt price block)"
EGY2020,mit.spot.coa,,2.503,"Egypt_Price_Data_2026-10-09.xlsx (user, corrected Egypt price block)"
EGY2020,mit.spot.nga,,2,"Egypt_Price_Data_2026-10-09.xlsx (user, corrected Egypt price block)"
