key,source,commodity,label,unit,2021,2022,2023,2024,2025,2026,2027,2028,2029,2030,2031,2032,2033,2034,2035,2036,2037,2038,2039,2040,2041,2042,2043,2044,2045,source_row
IMF|oil,IMF,oil,Crude Oil,$/bbl nom,70.8315,98.996328,82.321243,79.911739,68.324907,80.186512,71.451835,69.689763,69.423202,69.357914,69.126906,70.3527253503064,71.5785447006128,72.80436405091918,74.03018340122557,75.25600275153197,76.48182210183836,77.70764145214476,78.93346080245114,80.15928015275755,81.38509950306393,,,,,legacy Mitigation row 634
IMF|coa,IMF,coa,Coal,$/ton nom,143.984744,384.169733,188.152584,143.551382,112.437589,135.601486,143.176523,143.310932,143.44086,143.44086,143.44086,145.9844800169669,148.52810003393384,151.07172005090072,153.61534006786763,156.15896008483455,158.70258010180146,161.24620011876837,163.78982013573525,166.3334401527022,168.87706016966908,,,,,legacy Mitigation row 635
IMF|nga.lng,IMF,nga.lng,Natural Gas - LNG,$/MMBtu nom,18.600467,33.297022,13.463505,11.708527,12.08775,14.950167,12.495417,9.39125,8.461667,8.331667,8.195918,8.341255256638169,8.486592513276337,8.631929769914503,8.77726702655267,8.922604283190838,9.067941539829006,9.213278796467174,9.35861605310534,9.50395330974351,9.649290566381675,,,,,legacy Mitigation row 636
IMF|nga.nam,IMF,nga.nam,Natural Gas - North Am,$/MMBtu nom,3.716119,6.516296,2.671452,2.417967,3.63474,3.525087,3.766,3.689333,3.625583,3.659,3.667833,3.732874254198363,3.7979155083967266,3.8629567625950894,3.9279980167934525,3.9930392709918157,4.058080525190179,4.123121779388542,4.188163033586905,4.253204287785269,4.3182455419836305,,,,,legacy Mitigation row 637
IMF|nga.eur,IMF,nga.eur,Natural Gas - Europe,$/MMBtu nom,15.907363,37.519835,12.883181,10.891141,11.912392,14.612111,11.87946,8.739246,7.661423,7.410439,7.477729,7.610330694983243,7.7429323899664855,7.875534084949727,8.008135779932969,8.140737474916211,8.273339169899453,8.405940864882696,8.538542559865938,8.671144254849182,8.803745949832422,,,,,legacy Mitigation row 638
IMF|nga.glo,IMF,nga.glo,Natural gas - global,$/MMBtu nom,12.741316333333332,25.777717666666664,9.672712666666667,8.339211666666666,9.211627333333334,11.029121666666667,9.380292333333335,7.273276333333333,6.582891,6.467035333333333,6.44716,6.561486735273259,6.675813470546516,6.790140205819774,6.90446694109303,7.018793676366289,7.1331204116395455,7.247447146912805,7.361773882186061,7.47610061745932,7.590427352732576,,,,,legacy Mitigation row 639
WB|oil,WB,oil,Crude Oil,$/bbl nom,70.44333333333,99.82416666667,82.61625,80.69866666667,73.0,72.0,73.58104967319923,74.78880176224789,76.11862800894365,77.51732833063443,78.91674983830445,80.31617134597445,81.71559285364447,83.11501436131446,84.51443586898446,85.91385737665446,87.31327888432446,88.71270039199446,90.11212189966446,91.51154340733449,92.91096491500447,,,,,legacy Mitigation row 642
WB|coa,WB,coa,Coal,$/ton nom,138.05,344.89333333333,172.77916666667,136.14666666667,120.0,105.0,107.30569744008221,109.06700256994483,111.00633251304282,113.04610381550854,115.08692684752732,117.12774987954607,119.16857291156484,121.20939594358357,123.25021897560232,125.29104200762107,127.33186503963982,129.3726880716586,131.41351110367734,133.45433413569612,135.49515716771484,,,,,legacy Mitigation row 643
WB|nga.lng,WB,nga.lng,Natural Gas - LNG,$/MMBtu nom,16.11587794838,40.3401571422,13.1134032462,10.96230953259,11.5,10.5,10.730569744008221,10.906700256994483,11.100633251304282,11.304610381550855,11.508692684752733,11.712774987954608,11.916857291156484,12.120939594358358,12.325021897560234,12.52910420076211,12.733186503963985,12.93726880716586,13.141351110367735,13.345433413569612,13.549515716771484,,,,,legacy Mitigation row 644
WB|nga.nam,WB,nga.nam,Natural Gas - North Am,$/MMBtu nom,3.85140833333,6.36831666667,2.53780833333,2.19110833333,3.4,3.7,3.7812483859838495,3.8433134238932944,3.9116517171262712,3.983529372546492,4.055444088912869,4.127358805279243,4.199273521645619,4.271188238011994,4.343102954378368,4.415017670744743,4.486932387111119,4.558847103477494,4.630761819843869,4.702676536210245,4.774591252576619,,,,,legacy Mitigation row 645
WB|nga.eur,WB,nga.eur,Natural Gas - Europe,$/MMBtu nom,10.76164902384,18.42692483862,14.38710799668,12.84421395663,13.5,12.5,12.774487790485978,12.984166972612481,13.215039584886052,13.457869501846258,13.700824624705636,13.94377974756501,14.186734870424386,14.42968999328376,14.672645116143135,14.915600239002512,15.158555361861888,15.401510484721264,15.644465607580639,15.887420730440017,16.130375853299388,,,,,legacy Mitigation row 646
WB|nga.glo,WB,nga.glo,Natural gas  - Global,$/MMBtu nom,10.242978435183334,21.71179954916333,10.01277319207,8.665877274183332,9.466666666666667,8.9,9.095435306826017,9.244726884500087,9.40910818443887,9.582003085314534,9.754987132790413,9.927971180266288,10.100955227742164,10.273939275218039,10.446923322693912,10.619907370169788,10.792891417645663,10.96587546512154,11.138859512597415,11.31184356007329,11.484827607549164,,,,,legacy Mitigation row 647
IEA|oil,IEA,oil,Crude Oil,$/bbl nom,70.8315,98.996328,82.321243,79.911739,81.9050907294759,83.8984424589518,85.89179418842772,87.88514591790363,89.87849764737953,91.87184937685544,93.60026940671912,95.3286894365828,97.05710946644649,98.78552949631018,100.51394952617386,102.24236955603754,103.97078958590124,105.69920961576493,107.42762964562861,109.1560496754923,,,,,,legacy Mitigation row 650
IEA|coa,IEA,coa,Coal,$/ton nom,143.984744,384.169733,188.152584,143.551382,112.437589,135.601486,143.176523,143.310932,143.44086,143.44086,146.03040002783084,148.61994005566166,151.20948008349248,153.79902011132327,156.3885601391541,158.97810016698492,161.56764019481574,164.15718022264656,166.74672025047735,169.3362602783082,171.925800306139,,,,,legacy Mitigation row 651
IEA|nga.lng,IEA,nga.lng,Natural Gas - LNG,$/MMBtu nom,15.907363,37.519835,12.883181,10.891141,10.335796869091899,9.780452738183799,9.225108607275699,8.669764476367599,8.114420345459498,7.559076214551397,7.8805529795037135,8.20202974445603,8.523506509408348,8.844983274360665,9.16646003931298,9.487936804265297,9.809413569217615,10.13089033416993,10.452367099122247,10.773843864074564,,,,,,legacy Mitigation row 652
IEA|nga.nam,IEA,nga.nam,Natural Gas - North Am,$/MMBtu nom,3.716119,6.516296,2.671452,2.417967,2.7708801214551397,3.1237932429102795,3.4767063643654192,3.829619485820559,4.182532607275698,4.5354457287308385,4.663121680103883,4.790797631476926,4.91847358284997,5.046149534223014,5.173825485596058,5.301501436969102,5.429177388342145,5.55685333971519,5.684529291088234,5.812205242461277,,,,,,legacy Mitigation row 653
IEA|nga.eur,IEA,nga.eur,Natural Gas - Europe,$/MMBtu nom,18.600467,33.297022,13.463505,11.708527,11.365832309763503,11.023137619527006,10.680442929290507,10.33774823905401,9.995053548817513,9.652358858581016,9.934620683299968,10.216882508018923,10.499144332737876,10.781406157456829,11.063667982175783,11.345929806894736,11.628191631613689,11.910453456332643,12.192715281051596,12.474977105770549,,,,,,legacy Mitigation row 654
IEA|nga.glo,IEA,nga.glo,Natural gas - Global,$/MMBtu nom,12.741316333333332,25.777717666666664,9.672712666666667,8.339211666666666,8.157503100103513,7.975794533540362,7.794085966977209,7.612377400414057,7.430668833850903,7.24896026728775,7.492765114302522,7.736569961317294,7.980374808332065,8.224179655346836,8.467984502361608,8.71178934937638,8.955594196391148,9.19939904340592,9.443203890420692,9.687008737435464,,,,,,legacy Mitigation row 655
EIA|oil,EIA,oil,Crude Oil,$/bbl nom,70.8315,102.129997,95.329002,98.708405,94.878891,97.830475,100.425552,103.260544,106.227829,109.439186,112.639786,116.265869,119.618378,123.399551,127.457848,131.215973,135.083923,138.850723,142.697296,146.678238,150.81691,,,,,legacy Mitigation row 658
EIA|coa,EIA,coa,Coal,$/ton nom,143.984744,121.4953263754496,123.31011856542071,132.71728596513813,136.8789462683526,148.1173610735664,164.7627264911876,173.84431264902,177.50809272369182,188.21187996060942,205.67611671854402,201.9020397118767,206.578567419714,211.65033398908002,218.50873536432238,228.8590720485948,241.10938276631882,263.494994594075,271.582250610852,288.1960733440866,305.82623313613306,,,,,legacy Mitigation row 659
EIA|nga.lng,EIA,nga.lng,Natural Gas - LNG,$/MMBtu nom,15.907363,37.519835,12.883181,10.891141,10.335796869091899,9.780452738183799,9.225108607275699,8.669764476367599,8.114420345459498,7.559076214551397,7.8805529795037135,8.20202974445603,8.523506509408348,8.844983274360665,9.16646003931298,9.487936804265297,9.809413569217615,10.13089033416993,10.452367099122247,10.773843864074564,,,,,,legacy Mitigation row 660
EIA|nga.nam,EIA,nga.nam,Natural Gas - North Am,$/MMBtu nom,3.716119,6.523997,5.48408,4.344237,3.803406,3.4125,3.244545,3.252955,3.354208,3.535144,3.779019,4.074234,4.442329,4.751782,5.016179,5.148898,5.326049,5.631648,5.639552,5.992483,6.257671,,,,,legacy Mitigation row 661
EIA|nga.eur,EIA,nga.eur,Natural Gas - Europe,$/MMBtu nom,18.600467,33.297022,13.463505,11.708527,11.365832309763503,11.023137619527006,10.680442929290507,10.33774823905401,9.995053548817513,9.652358858581016,9.934620683299968,10.216882508018923,10.499144332737876,10.781406157456829,11.063667982175783,11.345929806894736,11.628191631613689,11.910453456332643,12.192715281051596,12.474977105770549,,,,,,legacy Mitigation row 662
EIA|nga.glo,EIA,nga.glo,Natural gas - Global,$/MMBtu nom,12.741316333333332,25.78028466666667,10.610255333333333,8.981301666666667,8.501678392951801,8.072030119236935,7.716698845522068,7.420155905140536,7.15456063142567,6.915526357710804,7.198064220934561,7.497715417491651,7.821659947382074,8.126057143939164,8.415435673829588,8.660921537053346,8.921218066943768,9.224330596834191,9.428211460057947,9.747101323281704,6.257671,,,,,legacy Mitigation row 663
AVG|oil,AVG,oil,Crude Oil,$/bbl nom,70.7344583333325,99.9867049166675,85.64693449999999,84.80763741666749,79.52722218236897,83.47885736473795,82.83755771540675,83.90606367003787,85.4120391640808,87.04656942687247,88.5709278112559,90.56586378321592,92.49240625517594,94.52611472713595,96.62910419909599,98.657050671056,100.71245339301602,102.74256861497604,104.79262708693605,106.87627780889609,108.37099147268947,,,,,legacy Mitigation row 666
AVG|coa,AVG,coa,Coal,$/ton nom,142.501058,308.6820314271949,168.09861330802266,138.99167915795203,120.43853106708815,131.0800832683916,139.60536748281746,142.3832948047412,143.84903630918365,147.0349259440295,152.55857589847554,153.40855241601284,156.3711801121763,159.4326175237219,162.9407136367366,167.32179357700883,172.17786702564396,179.56776575178714,183.3830755251855,189.33002697769828,195.531062694914,,,,,legacy Mitigation row 667
AVG|nga.lng,AVG,nga.lng,Natural Gas - LNG,$/MMBtu nom,16.874569316126667,37.0523380474,13.153363082066667,11.187325844196666,11.307848956363967,11.743539912727933,10.817031783761308,9.655904911120693,9.225573532254593,9.065117865367418,9.195054554752149,9.418686663016269,9.642318771280388,9.865950879544508,10.089582987808628,10.313215096072748,10.536847204336867,10.760479312600987,10.984111420865107,11.20774352912923,11.59940314157658,,,,,legacy Mitigation row 668
AVG|nga.nam,AVG,nga.nam,Natural Gas - North Am,$/MMBtu nom,3.7499413333325,6.4812264166675,3.3411980833325,2.8428198333325003,3.4022565303637853,3.4403450607275694,3.5671249375873173,3.6538052274284634,3.768493831100492,3.928279775319332,4.041354442254187,4.181316172738633,4.339497903223079,4.483019133707525,4.6152763641919705,4.714614094676415,4.82505982516086,4.967617555645306,5.035751536129752,5.190142266614198,5.116835931520083,,,,,legacy Mitigation row 669
AVG|nga.eur,AVG,nga.eur,Natural Gas - Europe,$/MMBtu nom,15.08982634128,29.747927279539997,13.577931332226667,11.814627318876667,12.2594081032545,12.711749539842335,11.778130239925495,10.687053737222165,10.290505377901189,10.173555786809091,10.371058102668535,10.590330983522392,10.80960386437625,11.028876745230106,11.248149626083963,11.467422506937817,11.686695387791675,11.905968268645536,12.12524114949939,12.344514030353247,12.467060901565905,,,,,legacy Mitigation row 670
AVG|nga.glo,AVG,nga.glo,Natural gas - Global,$/MMBtu nom,11.904778996913057,24.42716391453583,10.024164165875277,8.614924332135278,8.989837863327418,9.298544837765945,8.720762320424706,7.998921291923774,7.7615242470854255,7.72231780916528,7.869155699891624,8.063444606425763,8.263806846293239,8.459282252827379,8.651002992694854,8.83175056589566,9.016200805763134,9.21135504563061,9.381701368831415,9.580799942032224,9.727766658220856,,,,,legacy Mitigation row 671
IMF-IEA|oil,IMF-IEA,oil,Crude Oil,$/bbl nom,70.8315,98.996328,82.321243,79.911739,75.11499886473794,82.0424772294759,78.67181459421386,78.78745445895181,79.65084982368977,80.61488168842772,81.36358770335957,82.8407073934446,84.31782708352964,85.79494677361467,87.27206646369972,88.74918615378476,90.2263058438698,91.70342553395484,93.18054522403988,94.65766491412492,81.38509950306393,,,,,legacy Mitigation row 674
IMF-IEA|coa,IMF-IEA,coa,Coal,$/ton nom,143.984744,384.169733,188.152584,143.551382,112.437589,135.601486,143.176523,143.310932,143.44086,143.44086,144.7356300139154,147.30221003631428,149.86879005871316,152.435370081112,155.00195010351086,157.56853012590972,160.1351101483086,162.70169017070748,165.2682701931063,167.83485021550518,170.40143023790404,,,,,legacy Mitigation row 675
IMF-IEA|nga.lng,IMF-IEA,nga.lng,Natural Gas - LNG,$/MMBtu nom,17.253915,35.4084285,13.173343,11.299834,11.21177343454595,12.365309869091899,10.860262803637848,9.030507238183798,8.28804367272975,7.945371607275698,8.038235489751857,8.271642500547099,8.505049511342342,8.738456522137584,8.971863532932826,9.205270543728068,9.43867755452331,9.672084565318553,9.905491576113793,10.138898586909036,9.649290566381675,,,,,legacy Mitigation row 676
IMF-IEA|nga.nam,IMF-IEA,nga.nam,Natural Gas - North Am,$/MMBtu nom,3.716119,6.516296,2.671452,2.417967,3.20281006072757,3.32444012145514,3.62135318218271,3.7594762429102797,3.904057803637849,4.097222864365419,4.165477340051941,4.261835942837645,4.358194545623348,4.454553148409052,4.550911751194755,4.647270353980459,4.7436289567661625,4.839987559551866,4.9363461623375695,5.032704765123273,4.3182455419836305,,,,,legacy Mitigation row 677
IMF-IEA|nga.eur,IMF-IEA,nga.eur,Natural Gas - Europe,$/MMBtu nom,17.253915,35.4084285,13.173343,11.299834,11.63911215488175,12.817624309763502,11.279951464645254,9.538497119527005,8.828238274408756,8.531398929290507,8.706174841649984,8.913606601501083,9.12103836135218,9.328470121203278,9.535901881054375,9.743333640905472,9.95076540075657,10.15819716060767,10.365628920458768,10.573060680309865,8.803745949832422,,,,,legacy Mitigation row 678
IMF-IEA|nga.glo,IMF-IEA,nga.glo,Natural gas - Global,$/MMBtu nom,12.741316333333332,25.777717666666664,9.672712666666667,8.339211666666667,8.684565216718424,9.502458100103514,8.58718915015527,7.442826866873695,7.006779916925452,6.8579978003105415,6.96996255715126,7.149028348295276,7.3280941394392904,7.507159930583305,7.686225721727318,7.865291512871333,8.044357304015348,8.223423095159363,8.402488886303376,8.581554677447391,7.590427352732576,,,,,legacy Mitigation row 679
IMF-WB|oil,IMF-WB,oil,Crude Oil,$/bbl nom,70.637416666665,99.41024733333501,82.4687465,80.30520283333499,70.6624535,76.093256,72.51644233659962,72.23928238112394,72.77091500447182,73.43762116531721,74.02182791915223,75.33444834814043,76.64706877712862,77.95968920611682,79.27230963510502,80.58493006409321,81.89755049308141,83.21017092206961,84.5227913510578,85.83541178004602,87.1480322090342,,,,,legacy Mitigation row 682
IMF-WB|coa,IMF-WB,coa,Coal,$/ton nom,141.01737200000002,364.531533166665,180.465875333335,139.849024333335,116.2187945,120.300743,125.24111022004111,126.18896728497242,127.2235962565214,128.24348190775427,129.26389342376365,131.5561149482565,133.84833647274934,136.14055799724215,138.43277952173497,140.72500104622782,143.01722257072063,145.30944409521348,147.6016656197063,149.89388714419914,152.18610866869196,,,,,legacy Mitigation row 683
IMF-WB|nga.lng,IMF-WB,nga.lng,Natural Gas - LNG,$/MMBtu nom,17.35817247419,36.8185895711,13.2884541231,11.335418266295001,11.793875,12.7250835,11.61299337200411,10.148975128497241,9.781150125652141,9.818138690775427,9.852305342376367,10.027015122296389,10.20172490221641,10.37643468213643,10.551144462056453,10.725854241976474,10.900564021896496,11.075273801816518,11.249983581736537,11.424693361656562,11.59940314157658,,,,,legacy Mitigation row 684
IMF-WB|nga.nam,IMF-WB,nga.nam,Natural Gas - North Am,$/MMBtu nom,3.783763666665,6.442306333335,2.6046301666650002,2.304537666665,3.5173699999999997,3.6125435,3.7736241929919245,3.766323211946647,3.7686173585631355,3.821264686273246,3.8616385444564343,3.930116529738803,3.998594515021173,4.067072500303541,4.13555048558591,4.20402847086828,4.272506456150649,4.340984441433019,4.409462426715387,4.477940411997757,4.546418397280124,,,,,legacy Mitigation row 685
IMF-WB|nga.eur,IMF-WB,nga.eur,Natural Gas - Europe,$/MMBtu nom,13.33450601192,27.97337991931,13.63514449834,11.867677478314999,12.706196,13.5560555,12.32697389524299,10.86170648630624,10.438231292443026,10.434154250923129,10.589276812352818,10.777055221274127,10.964833630195436,11.152612039116743,11.340390448038052,11.528168856959361,11.71594726588067,11.90372567480198,12.091504083723288,12.2792824926446,12.467060901565905,,,,,legacy Mitigation row 686
IMF-WB|nga.glo,IMF-WB,nga.glo,Natural gas - Global,$/MMBtu nom,11.492147384258333,23.744758607915,9.842742929368333,8.502544470425,9.339146999999999,9.964560833333334,9.237863820079674,8.25900160891671,7.995999592219434,8.024519209323934,8.101073566395206,8.244728957769773,8.38838434914434,8.532039740518906,8.675695131893471,8.819350523268039,8.963005914642606,9.106661306017171,9.250316697391737,9.393972088766306,9.53762748014087,,,,,legacy Mitigation row 687
Manual|oil,Manual,oil,Crude Oil,$/bbl nom,70.8315,98.996328,82.321243,79.911739,68.324907,27.869866666666667,24.234666666666666,21.073623188405797,18.324889729048518,18.324889729048518,18.324889729048518,18.324889729048518,18.324889729048518,18.324889729048518,18.324889729048518,18.324889729048518,18.324889729048518,18.324889729048518,18.324889729048518,18.324889729048518,18.324889729048518,,,,,legacy Mitigation row 690
Manual|coa,Manual,coa,Coal,$/ton nom,143.984744,384.169733,188.152584,143.551382,112.437589,37.26037333333334,33.90693973333334,30.85531515733334,28.078336793173342,28.078336793173342,28.078336793173342,28.078336793173342,28.078336793173342,28.078336793173342,28.078336793173342,28.078336793173342,28.078336793173342,28.078336793173342,28.078336793173342,28.078336793173342,28.078336793173342,,,,,legacy Mitigation row 691
Manual|nga.lng,Manual,nga.lng,Natural Gas - LNG,$/MMBtu nom,18.600467,33.297022,13.463505,11.708527,12.08775,7.121624358942219,6.352488928176459,5.666420123933402,5.054446750548594,5.054446750548594,5.054446750548594,5.054446750548594,5.054446750548594,5.054446750548594,5.054446750548594,5.054446750548594,5.054446750548594,5.054446750548594,5.054446750548594,5.054446750548594,5.054446750548594,,,,,legacy Mitigation row 692
Manual|nga.nam,Manual,nga.nam,Natural Gas - North Am,$/MMBtu nom,3.716119,6.516296,2.671452,2.417967,3.63474,1.5704307692307689,1.5377134615384613,1.505677764423077,1.4743094776642636,1.4743094776642636,1.4743094776642636,1.4743094776642636,1.4743094776642636,1.4743094776642636,1.4743094776642636,1.4743094776642636,1.4743094776642636,1.4743094776642636,1.4743094776642636,1.4743094776642636,1.4743094776642636,,,,,legacy Mitigation row 693
Manual|nga.eur,Manual,nga.eur,Natural Gas - Europe,$/MMBtu nom,15.907363,37.519835,12.883181,10.891141,11.912392,1.3380204667344986,1.2711194433977737,1.207563471227885,1.1471852976664907,1.1471852976664907,1.1471852976664907,1.1471852976664907,1.1471852976664907,1.1471852976664907,1.1471852976664907,1.1471852976664907,1.1471852976664907,1.1471852976664907,1.1471852976664907,1.1471852976664907,1.1471852976664907,,,,,legacy Mitigation row 694
Manual|nga.glo,Manual,nga.glo,Natural gas - Global,$/MMBtu nom,12.741316333333332,25.777717666666664,9.672712666666667,8.339211666666666,9.211627333333334,3.343358531635829,3.053773944370898,2.793220453194788,2.558647175293116,2.558647175293116,2.558647175293116,2.558647175293116,2.558647175293116,2.558647175293116,2.558647175293116,2.558647175293116,2.558647175293116,2.558647175293116,2.558647175293116,2.558647175293116,2.558647175293116,,,,,legacy Mitigation row 695
